variant,L,band,cagr_is,sharpe_is,maxdd_is,liq_is,lookback_d,theta,K
always_BTCETH,1,0.02,0.051956940751056946,7.261308469948172,0.022054655211920404,0,,,
always_BTCETH,1,0.05,0.06513498952590413,9.27098352235182,0.011180177292540172,0,,,
always_BTCETH,1,0.1,0.07112423848083083,10.126874770583234,0.01024904937176807,0,,,
always_BTCETH,1,0.2,0.07462438197946453,10.63771897176558,0.00930245624663828,0,,,
always_BTCETH,3,0.02,0.05364436898092695,2.8893489644753756,0.08739899753636027,0,,,
always_BTCETH,3,0.05,0.09381697538869371,5.105315923374584,0.050002792677685926,0,,,
always_BTCETH,3,0.1,0.11080743354130052,6.036538427925885,0.03893750758895642,0,,,
always_BTCETH,3,0.2,0.1245359458906794,6.780424613649638,0.03429391398912507,0,,,
always_BTCETH,5,0.02,0.052871907118793526,1.735747762493935,0.15230392041681773,0,,,
always_BTCETH,5,0.05,0.12209716684417815,4.005662613262298,0.08857230770333924,0,,,
always_BTCETH,5,0.1,0.15066402191156758,4.93798172595576,0.06967236807633592,0,,,
always_BTCETH,5,0.2,0.1733654391335444,5.7101815523831645,0.06017382743850286,0,,,
always_BTCETH,8,0.02,0.049358059316630065,1.0315761629879054,0.2425005863167764,0,,,
always_BTCETH,8,0.05,0.16531359939227652,3.325824138526851,0.1455285299444452,0,,,
always_BTCETH,8,0.1,0.21460609037787126,4.319883383103406,0.11951737064992929,0,,,
always_BTCETH,8,0.2,0.2563613413720569,5.1295105535403875,0.09831671962076538,0,,,
always_BTCETH,10,0.02,0.044578525753382836,0.7591628499714398,0.2994582254690614,0,,,
always_BTCETH,10,0.05,0.18893901320047912,3.037586400018411,0.18576941878225872,0,,,
always_BTCETH,10,0.1,0.25740043606798135,4.092197676595484,0.1471416193829419,0,,,
always_BTCETH,10,0.2,0.3150126084930285,4.9008975794387934,0.12838002628567802,0,,,
always_BTCETH,15,0.02,0.020045457534495714,0.26455637978377555,0.4358577745902775,0,,,
always_BTCETH,15,0.05,0.2341833495844432,2.444980548070212,0.2939328259962053,0,,,
always_BTCETH,15,0.1,0.36339534057804546,3.6526452961270888,0.22427077187105127,0,,,
always_BTCETH,15,0.2,0.44816433841665226,4.435710681643177,0.18393051426106244,0,,,
always_BTCETH,20,0.02,-0.34112609825471385,-0.6322633409191379,0.8410648268489627,1,,,
always_BTCETH,20,0.05,-0.1510447559943453,0.024408624427224343,0.7901814691092351,1,,,
always_BTCETH,20,0.1,-0.4680405391018905,-0.39678220209745757,0.9423587482221962,3,,,
always_BTCETH,20,0.2,-1.0,-2.0362293168478716,1.0,11,,,
rotate_10coins,1,0.05,0.029981298565970427,1.7600803947459664,0.05194033524468855,0,3.0,0.0,1.0
rotate_10coins,1,0.1,0.04250960135933979,2.4905989831305795,0.041827282912660246,0,3.0,0.0,1.0
rotate_10coins,1,0.05,0.02519655812339683,1.8280993201404088,0.07227329141018035,0,3.0,0.0,2.0
rotate_10coins,1,0.1,0.03689133383802767,2.696330763507372,0.05879964107304547,0,3.0,0.0,2.0
rotate_10coins,1,0.05,0.01730944259713474,1.528068784353691,0.07444242995154882,0,3.0,0.0,4.0
rotate_10coins,1,0.1,0.029950531265702685,2.6408582097546014,0.06012626396259091,0,3.0,0.0,4.0
rotate_10coins,1,0.05,0.020592594722663726,1.1925419578048886,0.06760362987952295,0,3.0,0.05,1.0
rotate_10coins,1,0.1,0.03485542077115933,2.0198111398285032,0.04462115496848418,0,3.0,0.05,1.0
rotate_10coins,1,0.05,0.025532078829618055,1.9972323969909995,0.057650971753515634,0,3.0,0.05,2.0
rotate_10coins,1,0.1,0.03717323754867197,2.919913519764102,0.04562715888658375,0,3.0,0.05,2.0
rotate_10coins,1,0.05,0.024178036673971448,2.3817908226389415,0.06091853420836768,0,3.0,0.05,4.0
rotate_10coins,1,0.1,0.0365402318689898,3.591737016860318,0.047830383342884475,0,3.0,0.05,4.0
rotate_10coins,1,0.05,0.044480949251269,3.3733116732005732,0.030173752939498644,0,3.0,0.1,1.0
rotate_10coins,1,0.1,0.05608165187213676,4.209118492626037,0.022810117817669173,0,3.0,0.1,1.0
rotate_10coins,1,0.05,0.039502009964282214,3.809849108120884,0.032932393135196913,0,3.0,0.1,2.0
rotate_10coins,1,0.1,0.050350055267665894,4.847476851450877,0.022391011516567305,0,3.0,0.1,2.0
rotate_10coins,1,0.05,0.03659040240793332,4.096684809694756,0.03241773702534656,0,3.0,0.1,4.0
rotate_10coins,1,0.1,0.04810682522308429,5.361338881894193,0.02248408820895509,0,3.0,0.1,4.0
rotate_10coins,1,0.05,0.03468763493622484,4.297412907225981,0.023740664273496193,0,3.0,0.2,1.0
rotate_10coins,1,0.1,0.040295033985531914,4.865860237974309,0.02275966366201876,0,3.0,0.2,1.0
rotate_10coins,1,0.05,0.04075836772679331,5.649765783952044,0.017463214269490268,0,3.0,0.2,2.0
rotate_10coins,1,0.1,0.04549827239950144,6.143902676222768,0.017100095850809294,0,3.0,0.2,2.0
rotate_10coins,1,0.05,0.03680650442653799,5.8680563388535045,0.01041804654479328,0,3.0,0.2,4.0
rotate_10coins,1,0.1,0.041750026044542254,6.438156728255988,0.010233355147110434,0,3.0,0.2,4.0
rotate_10coins,1,0.05,0.039948607533801805,2.680326397708287,0.03405284756048299,0,7.0,0.0,1.0
rotate_10coins,1,0.1,0.05588331074018171,3.7247925187197377,0.024505128268747622,0,7.0,0.0,1.0
rotate_10coins,1,0.05,0.047441801955670604,4.29636558015859,0.02983543261167554,0,7.0,0.0,2.0
rotate_10coins,1,0.1,0.06125337928176555,5.583325012521828,0.0228131435131822,0,7.0,0.0,2.0
rotate_10coins,1,0.05,0.04492633249647304,4.853002455302307,0.033276208621287995,0,7.0,0.0,4.0
rotate_10coins,1,0.1,0.058432526413187746,6.370913173745417,0.021910849800639842,0,7.0,0.0,4.0
rotate_10coins,1,0.05,0.04091573381763358,2.8644395812957635,0.0311611613453443,0,7.0,0.05,1.0
rotate_10coins,1,0.1,0.05646113464799063,3.922218756419853,0.02435164659196376,0,7.0,0.05,1.0
rotate_10coins,1,0.05,0.04934259004925079,4.742195598876528,0.02586692261190804,0,7.0,0.05,2.0
rotate_10coins,1,0.1,0.0631941973561787,6.095950926591603,0.020738752821179873,0,7.0,0.05,2.0
rotate_10coins,1,0.05,0.04716426941482221,5.396033574774461,0.029399047664472877,0,7.0,0.05,4.0
rotate_10coins,1,0.1,0.059908231900779096,6.880196906170856,0.020534808649452452,0,7.0,0.05,4.0
rotate_10coins,1,0.05,0.04630277343046707,3.7705923360530558,0.020555341415620876,0,7.0,0.1,1.0
rotate_10coins,1,0.1,0.058352072487851236,4.745980284914366,0.01645050378132651,0,7.0,0.1,1.0
rotate_10coins,1,0.05,0.04612681834965149,5.185393126874847,0.017430368347875813,0,7.0,0.1,2.0
rotate_10coins,1,0.1,0.057057428058407744,6.383844139958351,0.016209204689468404,0,7.0,0.1,2.0
rotate_10coins,1,0.05,0.04872920870887065,6.363700690579454,0.01248299350886084,0,7.0,0.1,4.0
rotate_10coins,1,0.1,0.0595654810814199,7.710101448640551,0.011532687281127774,0,7.0,0.1,4.0
rotate_10coins,1,0.05,0.041786673360478366,5.041505759089243,0.009039065194612617,0,7.0,0.2,1.0
rotate_10coins,1,0.1,0.050526521889594944,5.9882039032572845,0.007553718719293889,0,7.0,0.2,1.0
rotate_10coins,1,0.05,0.04496258666844977,6.487149305229743,0.0053558990074583646,0,7.0,0.2,2.0
rotate_10coins,1,0.1,0.05170788651762015,7.240927257956867,0.005264538866383561,0,7.0,0.2,2.0
rotate_10coins,1,0.05,0.043141116714661365,7.211816424469358,0.00347227974453157,0,7.0,0.2,4.0
rotate_10coins,1,0.1,0.04769687735975303,7.723683241042064,0.003426580620487396,0,7.0,0.2,4.0
rotate_10coins,1,0.05,0.053134344368329645,4.420112042681839,0.01899412666310285,0,14.0,0.0,1.0
rotate_10coins,1,0.1,0.06714571728746321,5.614915028343256,0.017612448665577984,0,14.0,0.0,1.0
rotate_10coins,1,0.05,0.051158152250771805,5.109011562020323,0.015212885904518192,0,14.0,0.0,2.0
rotate_10coins,1,0.1,0.06682237018861414,6.721984687021518,0.013320647312897504,0,14.0,0.0,2.0
rotate_10coins,1,0.05,0.050155668218204275,5.529282661964852,0.025551337191515144,0,14.0,0.0,4.0
rotate_10coins,1,0.1,0.0630516587012695,7.013364945078401,0.020181772206427473,0,14.0,0.0,4.0
rotate_10coins,1,0.05,0.05552936841377254,5.054882398940327,0.015607844233638257,0,14.0,0.05,1.0
rotate_10coins,1,0.1,0.07039103804012337,6.475657802863831,0.012020529346084441,0,14.0,0.05,1.0
rotate_10coins,1,0.05,0.053561990087899414,5.695509776961196,0.015565302088715094,0,14.0,0.05,2.0
rotate_10coins,1,0.1,0.06881947696132418,7.329924589438668,0.013320647726937085,0,14.0,0.05,2.0
rotate_10coins,1,0.05,0.05335617361517242,6.563050931133444,0.015254266683275453,0,14.0,0.05,4.0
rotate_10coins,1,0.1,0.06594078703630868,8.195438323966908,0.012860475891186107,0,14.0,0.05,4.0
rotate_10coins,1,0.05,0.05307070149708926,5.001444826780023,0.01928486424643716,0,14.0,0.1,1.0
rotate_10coins,1,0.1,0.06451638287080885,6.1006367905318974,0.017126023676203972,0,14.0,0.1,1.0
rotate_10coins,1,0.05,0.050833269042893425,5.984920034850708,0.015736066335021337,0,14.0,0.1,2.0
rotate_10coins,1,0.1,0.061610082192079085,7.2264461437451,0.01359946276094548,0,14.0,0.1,2.0
rotate_10coins,1,0.05,0.04787305098059136,6.142655539138917,0.015381068727316816,0,14.0,0.1,4.0
rotate_10coins,1,0.1,0.058615045429461166,7.466985146951685,0.011774634823821795,0,14.0,0.1,4.0
rotate_10coins,1,0.05,0.037738995161027855,4.554199330337076,0.01202610095409895,0,14.0,0.2,1.0
rotate_10coins,1,0.1,0.04366203268995861,5.09015415741488,0.012300895941534828,0,14.0,0.2,1.0
rotate_10coins,1,0.05,0.04005168218382038,6.211149157073944,0.0033582949155658293,0,14.0,0.2,2.0
rotate_10coins,1,0.1,0.0444586908153386,6.667256409678451,0.0035901708358127005,0,14.0,0.2,2.0
rotate_10coins,1,0.05,0.035891328397294364,6.0539902017472675,0.0031015392490962856,0,14.0,0.2,4.0
rotate_10coins,1,0.1,0.04019260563526106,6.603682720918299,0.0024928577384937256,0,14.0,0.2,4.0
rotate_10coins,3,0.05,-0.12292468400571277,-2.03073975169531,0.34376896816731695,0,3.0,0.0,1.0
rotate_10coins,3,0.1,-0.08793881573603757,-1.427464278169264,0.28028881098926195,0,3.0,0.0,1.0
rotate_10coins,3,0.05,-0.11955934122199574,-2.686003845156109,0.3313725961581173,0,3.0,0.0,2.0
rotate_10coins,3,0.1,-0.07942990515993975,-1.7586793293251026,0.2739067267366251,0,3.0,0.0,2.0
rotate_10coins,3,0.05,-0.10239866836273193,-3.0202574324516207,0.29571209476164073,0,3.0,0.0,4.0
rotate_10coins,3,0.1,-0.06296286198263734,-1.8183692539803626,0.2415795542938307,0,3.0,0.0,4.0
rotate_10coins,3,0.05,-0.06589954644002693,-1.2155664279750902,0.2375576610907062,0,3.0,0.05,1.0
rotate_10coins,3,0.1,-0.02887047937584719,-0.5110562528804954,0.18597687036093402,0,3.0,0.05,1.0
rotate_10coins,3,0.05,-0.058789237889704915,-1.5652297992214093,0.20445082526225422,0,3.0,0.05,2.0
rotate_10coins,3,0.1,-0.021533031090131383,-0.5526085127348215,0.15544567614513016,0,3.0,0.05,2.0
rotate_10coins,3,0.05,-0.06463202057914941,-2.1890982126794354,0.23375689580283732,0,3.0,0.05,4.0
rotate_10coins,3,0.1,-0.025559416897326215,-0.835841831934563,0.17978963671735415,0,3.0,0.05,4.0
rotate_10coins,3,0.05,0.0023640226749854776,0.08408355775177949,0.0948837965881637,0,3.0,0.1,1.0
rotate_10coins,3,0.1,0.026671361702539143,0.7529898619920359,0.07894265439864201,0,3.0,0.1,1.0
rotate_10coins,3,0.05,0.0022695285195559745,0.09964099724427972,0.07664344675055146,0,3.0,0.1,2.0
rotate_10coins,3,0.1,0.031169889075967294,1.1920204083549066,0.05322036862971102,0,3.0,0.1,2.0
rotate_10coins,3,0.05,0.01537572345726601,0.7632660057047448,0.062125069996464055,0,3.0,0.1,4.0
rotate_10coins,3,0.1,0.040049775774940066,1.9091401051428092,0.04029003120004737,0,3.0,0.1,4.0
rotate_10coins,3,0.05,0.03348516221013864,1.5093840000769454,0.031151220898228416,0,3.0,0.2,1.0
rotate_10coins,3,0.1,0.04391340793598353,1.9370151609775383,0.026851957911578017,0,3.0,0.2,1.0
rotate_10coins,3,0.05,0.0386490258984542,2.055094149959454,0.028459582193180566,0,3.0,0.2,2.0
rotate_10coins,3,0.1,0.05166877800922354,2.6788769571590008,0.026343948642334025,0,3.0,0.2,2.0
rotate_10coins,3,0.05,0.03475915751694014,2.359352553000373,0.018292618702640207,0,3.0,0.2,4.0
rotate_10coins,3,0.1,0.04660394893637898,3.0572686748035967,0.01722384703748836,0,3.0,0.2,4.0
rotate_10coins,3,0.05,-0.03165372532930044,-0.607025024136161,0.158543391915817,0,7.0,0.0,1.0
rotate_10coins,3,0.1,0.014370496996248816,0.30909927324865755,0.11810971086034094,0,7.0,0.0,1.0
rotate_10coins,3,0.05,-0.011831111176025866,-0.29562639163075494,0.1374306109635095,0,7.0,0.0,2.0
rotate_10coins,3,0.1,0.03300950806398961,0.8935186120598984,0.0950054813579303,0,7.0,0.0,2.0
rotate_10coins,3,0.05,-0.003886056862330789,-0.1271295219598599,0.1432699387341999,0,7.0,0.0,4.0
rotate_10coins,3,0.1,0.03732060634573209,1.343741852087884,0.10331714492297606,0,7.0,0.0,4.0
rotate_10coins,3,0.05,-0.01689169075159369,-0.3397251596280484,0.16303550384263987,0,7.0,0.05,1.0
rotate_10coins,3,0.1,0.029954577138586735,0.6626962957470245,0.12067122349890247,0,7.0,0.05,1.0
rotate_10coins,3,0.05,0.02046246565988752,0.6853562008174912,0.09798963560492291,0,7.0,0.05,2.0
rotate_10coins,3,0.1,0.06525228750968437,2.1345728157255466,0.06653719459239027,0,7.0,0.05,2.0
rotate_10coins,3,0.05,0.019561181061077404,0.8320482656482145,0.10546977123405887,0,7.0,0.05,4.0
rotate_10coins,3,0.1,0.05953135534449938,2.458290519593886,0.07727690175368696,0,7.0,0.05,4.0
rotate_10coins,3,0.05,0.04730764744300142,1.636591050819949,0.05081082167812323,0,7.0,0.1,1.0
rotate_10coins,3,0.1,0.07258625882944636,2.4891219428915194,0.050145413833632024,0,7.0,0.1,1.0
rotate_10coins,3,0.05,0.05082457700524712,2.4976029658155343,0.03868528508087732,0,7.0,0.1,2.0
rotate_10coins,3,0.1,0.07505268279312594,3.6389230719420262,0.037936116048528534,0,7.0,0.1,2.0
rotate_10coins,3,0.05,0.0511114853934429,2.928234682403213,0.044128281680552384,0,7.0,0.1,4.0
rotate_10coins,3,0.1,0.0742876200139948,4.147988505157244,0.042306583189660074,0,7.0,0.1,4.0
rotate_10coins,3,0.05,0.01659770877569211,0.8011075814470371,0.03152715743466683,0,7.0,0.2,1.0
rotate_10coins,3,0.1,0.030329139030029317,1.3861450948676428,0.03278641321995679,0,7.0,0.2,1.0
rotate_10coins,3,0.05,0.030198792649191564,1.9451606378449369,0.02165089276436971,0,7.0,0.2,2.0
rotate_10coins,3,0.1,0.040966065748944125,2.512060229771766,0.019579704352636007,0,7.0,0.2,2.0
rotate_10coins,3,0.05,0.030472927303729636,2.453675610921598,0.015050003685875168,0,7.0,0.2,4.0
rotate_10coins,3,0.1,0.04113196991154844,3.1885005572824285,0.012008366338128296,0,7.0,0.2,4.0
rotate_10coins,3,0.05,0.03880793141008221,1.038720883644098,0.0898504563373691,0,14.0,0.0,1.0
rotate_10coins,3,0.1,0.08972760838652993,2.360901133998954,0.0570055071456711,0,14.0,0.0,1.0
rotate_10coins,3,0.05,0.03665438457864867,1.236245837081374,0.09305867462124662,0,14.0,0.0,2.0
rotate_10coins,3,0.1,0.08508198242960585,2.8264690516875124,0.05513070211044402,0,14.0,0.0,2.0
rotate_10coins,3,0.05,0.040698199880174535,1.6723680353747288,0.10702157180428817,0,14.0,0.0,4.0
rotate_10coins,3,0.1,0.08295332660595545,3.399247788006463,0.07277425478469512,0,14.0,0.0,4.0
rotate_10coins,3,0.05,0.048637077269514606,1.5950234124786498,0.08018849721004495,0,14.0,0.05,1.0
rotate_10coins,3,0.1,0.09926459272967869,3.2381537216099683,0.05993022136823711,0,14.0,0.05,1.0
rotate_10coins,3,0.05,0.04287691255540582,1.6204031194459472,0.07765221306879333,0,14.0,0.05,2.0
rotate_10coins,3,0.1,0.08787478488215594,3.3118413962640347,0.04497704987780016,0,14.0,0.05,2.0
rotate_10coins,3,0.05,0.05610024793779633,2.557517212703312,0.07191141836061743,0,14.0,0.05,4.0
rotate_10coins,3,0.1,0.0947625898169353,4.318513404684112,0.04341128518124371,0,14.0,0.05,4.0
rotate_10coins,3,0.05,0.05132584770709836,2.192211924542333,0.04116757914226421,0,14.0,0.1,1.0
rotate_10coins,3,0.1,0.07710098701867873,3.2592826695484605,0.03607981184094744,0,14.0,0.1,1.0
rotate_10coins,3,0.05,0.06277425087154742,3.156993095133195,0.02319813455724873,0,14.0,0.1,2.0
rotate_10coins,3,0.1,0.0915792014482466,4.527828768706481,0.021504713924037633,0,14.0,0.1,2.0
rotate_10coins,3,0.05,0.053720652108569134,3.3522731298489075,0.013082036442061629,0,14.0,0.1,4.0
rotate_10coins,3,0.1,0.07728672307442341,4.616619421387159,0.01184943581298148,0,14.0,0.1,4.0
rotate_10coins,3,0.05,0.045610010489024244,2.5368833828948425,0.036076510424834285,0,14.0,0.2,1.0
rotate_10coins,3,0.1,0.0625841178622406,3.5038612712910684,0.020341462630109164,0,14.0,0.2,1.0
rotate_10coins,3,0.05,0.04318641422272207,3.129842987476487,0.013209669183539274,0,14.0,0.2,2.0
rotate_10coins,3,0.1,0.055473964958924205,3.9828772790246862,0.010434531924371049,0,14.0,0.2,2.0
rotate_10coins,3,0.05,0.04666221194144882,3.9801752501745833,0.008970480348716281,0,14.0,0.2,4.0
rotate_10coins,3,0.1,0.0577719890158408,4.736622763125884,0.00580468183669014,0,14.0,0.2,4.0
rotate_10coins,5,0.05,-0.2721868808561937,-2.7998395158879523,0.6235153435589389,0,3.0,0.0,1.0
rotate_10coins,5,0.1,-0.2190601646214888,-2.173230944527539,0.5415035386687692,0,3.0,0.0,1.0
rotate_10coins,5,0.05,-0.2504734871295877,-3.486501522196014,0.5854275344051856,0,3.0,0.0,2.0
rotate_10coins,5,0.1,-0.19192462273205768,-2.604437333756239,0.48763187741300407,0,3.0,0.0,2.0
rotate_10coins,5,0.05,-0.24632511027037685,-4.411137882012674,0.57733178387401,0,3.0,0.0,4.0
rotate_10coins,5,0.1,-0.19109622217703703,-3.2940433149282975,0.4813408663741283,0,3.0,0.0,4.0
rotate_10coins,5,0.05,-0.16438038299546098,-1.9028906514269261,0.43015783264618845,0,3.0,0.05,1.0
rotate_10coins,5,0.1,-0.10894303534338046,-1.2137281061483125,0.31885609140963145,0,3.0,0.05,1.0
rotate_10coins,5,0.05,-0.1586919909132618,-2.5305788556432303,0.4136739837984542,0,3.0,0.05,2.0
rotate_10coins,5,0.1,-0.0990694229362794,-1.522671079899086,0.28987789624091276,0,3.0,0.05,2.0
rotate_10coins,5,0.05,-0.17005183561782322,-3.5797235583620353,0.43554539826546346,0,3.0,0.05,4.0
rotate_10coins,5,0.1,-0.1148856728369475,-2.3217882501427245,0.32107060132235743,0,3.0,0.05,4.0
rotate_10coins,5,0.05,-0.02584430683270389,-0.4406501455882259,0.14172496761051523,0,3.0,0.1,1.0
rotate_10coins,5,0.1,0.004980959974706156,0.11740273915689105,0.1232702644182454,0,3.0,0.1,1.0
rotate_10coins,5,0.05,-0.013537412470499444,-0.31841209802370046,0.15222991040550093,0,3.0,0.1,2.0
rotate_10coins,5,0.1,0.018137295158625832,0.47105512725991305,0.1231019609370374,0,3.0,0.1,2.0
rotate_10coins,5,0.05,0.010311973722434198,0.3424169808643343,0.10680867716576325,0,3.0,0.1,4.0
rotate_10coins,5,0.1,0.04049900966846298,1.2624381745777515,0.08125899079914423,0,3.0,0.1,4.0
rotate_10coins,5,0.05,0.012800684454511435,0.3531740719525531,0.08760076048442911,0,3.0,0.2,1.0
rotate_10coins,5,0.1,0.03386996561877442,0.887489251511944,0.06484239090281463,0,3.0,0.2,1.0
rotate_10coins,5,0.05,0.03283685099671052,1.1442365051303727,0.039836427420495424,0,3.0,0.2,2.0
rotate_10coins,5,0.1,0.050623091519307106,1.7067389788033518,0.031239073177442456,0,3.0,0.2,2.0
rotate_10coins,5,0.05,0.033348337941758066,1.346320524594221,0.03235955293738757,0,3.0,0.2,4.0
rotate_10coins,5,0.1,0.04628436796308688,1.8035188855006232,0.028130984826780225,0,3.0,0.2,4.0
rotate_10coins,5,0.05,-0.09171534548560178,-1.0618973744258715,0.31673967903682787,0,7.0,0.0,1.0
rotate_10coins,5,0.1,-0.03126665787287353,-0.3241824705940583,0.24963975856168852,0,7.0,0.0,1.0
rotate_10coins,5,0.05,-0.057127121787949875,-0.8986172721637983,0.2321112511413188,0,7.0,0.0,2.0
rotate_10coins,5,0.1,0.008366326089459086,0.16495591974277246,0.16773283246242754,0,7.0,0.0,2.0
rotate_10coins,5,0.05,-0.054617161292226823,-1.2027879292977082,0.23954756607178773,0,7.0,0.0,4.0
rotate_10coins,5,0.1,0.012067366256697909,0.2854370801815799,0.1776447220652806,0,7.0,0.0,4.0
rotate_10coins,5,0.05,-0.08388948293344467,-1.0450372612562981,0.28721309133735595,0,7.0,0.05,1.0
rotate_10coins,5,0.1,-0.0211060411786278,-0.22638391995630539,0.22301096661770603,0,7.0,0.05,1.0
rotate_10coins,5,0.05,-0.017791284410218045,-0.32555023812308836,0.16617847982674927,0,7.0,0.05,2.0
rotate_10coins,5,0.1,0.0561567675628889,1.1094171355426272,0.11384764878589537,0,7.0,0.05,2.0
rotate_10coins,5,0.05,-0.008043368419897612,-0.18506514140311126,0.1796471214536861,0,7.0,0.05,4.0
rotate_10coins,5,0.1,0.05627258998924001,1.4105046925959213,0.13077374186339075,0,7.0,0.05,4.0
rotate_10coins,5,0.05,0.047347243691130636,1.1830549798472307,0.07483457703567886,0,7.0,0.1,1.0
rotate_10coins,5,0.1,0.081019760537131,1.9743839093322206,0.07092635620006027,0,7.0,0.1,1.0
rotate_10coins,5,0.05,0.06319475125052665,2.0345829769625103,0.08542037062011232,0,7.0,0.1,2.0
rotate_10coins,5,0.1,0.10145074739612592,3.136686413080577,0.07982954925247876,0,7.0,0.1,2.0
rotate_10coins,5,0.05,0.0606810867228913,2.2549505844028483,0.05704151971806004,0,7.0,0.1,4.0
rotate_10coins,5,0.1,0.09680597300505855,3.432542786825897,0.05329740285397844,0,7.0,0.1,4.0
rotate_10coins,5,0.05,0.007934936584607977,0.25115172141220904,0.06284176004110553,0,7.0,0.2,1.0
rotate_10coins,5,0.1,0.027398490773923978,0.7911858726782739,0.05477412998223874,0,7.0,0.2,1.0
rotate_10coins,5,0.05,0.01674609819468631,0.6781198747002121,0.03907585302867678,0,7.0,0.2,2.0
rotate_10coins,5,0.1,0.03129462578495956,1.209337103362918,0.038679474932908464,0,7.0,0.2,2.0
rotate_10coins,5,0.05,0.027765177231426463,1.4983867040831784,0.02164669131159258,0,7.0,0.2,4.0
rotate_10coins,5,0.1,0.0427896409584978,2.1690383764573755,0.020641406696248588,0,7.0,0.2,4.0
rotate_10coins,5,0.05,0.020058765993085537,0.34494411748208026,0.1683362712426132,0,14.0,0.0,1.0
rotate_10coins,5,0.1,0.11766325917311993,1.8087503776680802,0.10943801619059668,0,14.0,0.0,1.0
rotate_10coins,5,0.05,0.02016403063930472,0.42608174111138863,0.17463510199736632,0,14.0,0.0,2.0
rotate_10coins,5,0.1,0.09948422507022636,1.9432749952339243,0.11103131425555468,0,14.0,0.0,2.0
rotate_10coins,5,0.05,0.019439345327687763,0.4903015774207812,0.1850197088524207,0,14.0,0.0,4.0
rotate_10coins,5,0.1,0.08900956740308774,2.1265265659530246,0.12938612524594328,0,14.0,0.0,4.0
rotate_10coins,5,0.05,0.03817522274884344,0.7867815111784265,0.1546661850065597,0,14.0,0.05,1.0
rotate_10coins,5,0.1,0.134727486285102,2.6233194192838236,0.10523170274711169,0,14.0,0.05,1.0
rotate_10coins,5,0.05,0.02858802599742316,0.6760488660605437,0.1505746226937289,0,14.0,0.05,2.0
rotate_10coins,5,0.1,0.10944996286366471,2.4809435868946443,0.08909552524426889,0,14.0,0.05,2.0
rotate_10coins,5,0.05,0.05105040369899472,1.442567657433618,0.134229387338479,0,14.0,0.05,4.0
rotate_10coins,5,0.1,0.11654807210597995,3.2101517338585124,0.08418997656683014,0,14.0,0.05,4.0
rotate_10coins,5,0.05,0.05282453820753008,1.3655001613572677,0.06348010378966162,0,14.0,0.1,1.0
rotate_10coins,5,0.1,0.09764674397884976,2.4177949719221616,0.059468854522616965,0,14.0,0.1,1.0
rotate_10coins,5,0.05,0.06389248187807217,2.1385387567722103,0.03943614192451039,0,14.0,0.1,2.0
rotate_10coins,5,0.1,0.10209867936070105,3.2699799552056934,0.03420333841062784,0,14.0,0.1,2.0
rotate_10coins,5,0.05,0.06597223288920318,2.756208597768928,0.02421385100632867,0,14.0,0.1,4.0
rotate_10coins,5,0.1,0.0995559648731712,3.969225132630734,0.02295482589972253,0,14.0,0.1,4.0
rotate_10coins,5,0.05,0.060105403553343484,2.3567632990110536,0.026392889700470934,0,14.0,0.2,1.0
rotate_10coins,5,0.1,0.07156553068642424,2.79495695720405,0.01697365426079156,0,14.0,0.2,1.0
rotate_10coins,5,0.05,0.04695056282425103,2.235997536967451,0.02530831021070612,0,14.0,0.2,2.0
rotate_10coins,5,0.1,0.05930851273061588,2.7720508721625134,0.01713288227929377,0,14.0,0.2,2.0
rotate_10coins,5,0.05,0.04831348316253403,2.7002427674694176,0.01759524925306788,0,14.0,0.2,4.0
rotate_10coins,5,0.1,0.05941737946236669,3.203369989958213,0.013953372582743762,0,14.0,0.2,4.0
rotate_10coins,8,0.05,-0.44459812578899294,-3.1272006165301893,0.8381999584150084,0,3.0,0.0,1.0
rotate_10coins,8,0.1,-0.37191180906422827,-2.4707758134976547,0.7690840713820727,0,3.0,0.0,1.0
rotate_10coins,8,0.05,-0.44100177891610115,-4.137800450214234,0.8326973612689156,0,3.0,0.0,2.0
rotate_10coins,8,0.1,-0.37210619885883145,-3.3172347141003113,0.7654090677893444,0,3.0,0.0,2.0
rotate_10coins,8,0.05,-0.4126388661903919,-5.101775892378929,0.8009479982881486,0,3.0,0.0,4.0
rotate_10coins,8,0.1,-0.3394560796463233,-3.953731494825335,0.7206615399141414,0,3.0,0.0,4.0
rotate_10coins,8,0.05,-0.3135020263231513,-2.4376154671828796,0.6870262029232975,0,3.0,0.05,1.0
rotate_10coins,8,0.1,-0.2275983254695002,-1.6490838588140857,0.55848134286092,0,3.0,0.05,1.0
rotate_10coins,8,0.05,-0.30104284416266014,-3.245827051584146,0.6672512808349965,0,3.0,0.05,2.0
rotate_10coins,8,0.1,-0.21926652271706126,-2.2362261581262217,0.5462194035865825,0,3.0,0.05,2.0
rotate_10coins,8,0.05,-0.29520223304852833,-4.222363228473853,0.6560231300758734,0,3.0,0.05,4.0
rotate_10coins,8,0.1,-0.21817711662600847,-2.934309996064098,0.5373496981142225,0,3.0,0.05,4.0
rotate_10coins,8,0.05,-0.060401346452276794,-0.7122708850424735,0.25133247824255833,0,3.0,0.1,1.0
rotate_10coins,8,0.1,-0.012090606145277016,-0.10639548295331885,0.21815212795815775,0,3.0,0.1,1.0
rotate_10coins,8,0.05,-0.04740460665007229,-0.7573139396428913,0.23958249937882103,0,3.0,0.1,2.0
rotate_10coins,8,0.1,0.0020011451474035713,0.06338029550492814,0.21714466031624924,0,3.0,0.1,2.0
rotate_10coins,8,0.05,-0.015053551533791842,-0.2799332548298187,0.17768497277341455,0,3.0,0.1,4.0
rotate_10coins,8,0.1,0.027514294022328967,0.5641694663202842,0.14046282183325365,0,3.0,0.1,4.0
rotate_10coins,8,0.05,0.0049651126793979206,0.11290825045667464,0.1408429148335264,0,3.0,0.2,1.0
rotate_10coins,8,0.1,0.04309410240668332,0.7193670198349089,0.10441632998981554,0,3.0,0.2,1.0
rotate_10coins,8,0.05,0.031536290855071814,0.75267489746913,0.06793742212406773,0,3.0,0.2,2.0
rotate_10coins,8,0.1,0.05897910373714432,1.3212370605617303,0.05380334187838198,0,3.0,0.2,2.0
rotate_10coins,8,0.05,0.0373855105434695,1.011258148656833,0.05064914608981774,0,3.0,0.2,4.0
rotate_10coins,8,0.1,0.05754891049658539,1.4839997557154716,0.04364506153955028,0,3.0,0.2,4.0
rotate_10coins,8,0.05,-0.20836861164821208,-1.5056499937157035,0.5327524101252994,0,7.0,0.0,1.0
rotate_10coins,8,0.1,-0.11710351946533881,-0.7733034434415506,0.39131667768811274,0,7.0,0.0,1.0
rotate_10coins,8,0.05,-0.1737609847666869,-1.659861250092796,0.4565745699561652,0,7.0,0.0,2.0
rotate_10coins,8,0.1,-0.06984177683723802,-0.6032819455006179,0.2984715208348564,0,7.0,0.0,2.0
rotate_10coins,8,0.05,-0.16374558119840255,-2.1840934000743433,0.4263875479740369,0,7.0,0.0,4.0
rotate_10coins,8,0.1,-0.06869363409630747,-0.8483119835510686,0.28055162034359127,0,7.0,0.0,4.0
rotate_10coins,8,0.05,-0.1670129481979271,-1.3637712754957494,0.4581156746422813,0,7.0,0.05,1.0
rotate_10coins,8,0.1,-0.05915460288240759,-0.41837763810479667,0.32841296147546695,0,7.0,0.05,1.0
rotate_10coins,8,0.05,-0.0714832634058078,-0.8120745818051095,0.24790355531278374,0,7.0,0.05,2.0
rotate_10coins,8,0.1,0.02907023130461739,0.37549096984360875,0.20984625630177967,0,7.0,0.05,2.0
rotate_10coins,8,0.05,-0.08190290852816151,-1.2567376808684068,0.2879693256529666,0,7.0,0.05,4.0
rotate_10coins,8,0.1,0.01266646953280648,0.22332722460707669,0.19518789697343542,0,7.0,0.05,4.0
rotate_10coins,8,0.05,0.027432403967154295,0.4139815513652286,0.12060052732376991,0,7.0,0.1,1.0
rotate_10coins,8,0.1,0.08554179838674769,1.1673351047188691,0.12286253610033815,0,7.0,0.1,1.0
rotate_10coins,8,0.05,0.07896712460981004,1.5016081464971622,0.14024416267354212,0,7.0,0.1,2.0
rotate_10coins,8,0.1,0.14036387292419938,2.5859827658019356,0.13973944769705182,0,7.0,0.1,2.0
rotate_10coins,8,0.05,0.0516165750934372,1.27967899917045,0.07004944946697234,0,7.0,0.1,4.0
rotate_10coins,8,0.1,0.10024614976435342,2.3703876028857342,0.07098317770106854,0,7.0,0.1,4.0
rotate_10coins,8,0.05,-0.005498379078791249,-0.08067315354509962,0.11255475857872588,0,7.0,0.2,1.0
rotate_10coins,8,0.1,0.022504724950878296,0.44236514866905063,0.09354333335379372,0,7.0,0.2,1.0
rotate_10coins,8,0.05,0.01728616685405404,0.48429148309479625,0.06331676356001203,0,7.0,0.2,2.0
rotate_10coins,8,0.1,0.03702957412988406,0.9689584792713524,0.0622460432293892,0,7.0,0.2,2.0
rotate_10coins,8,0.05,0.02975081209253272,0.9614148398843213,0.06007643097904658,0,7.0,0.2,4.0
rotate_10coins,8,0.1,0.04870096490208198,1.4774809274831449,0.05904424226844329,0,7.0,0.2,4.0
rotate_10coins,8,0.05,-0.005055411269753063,0.0011992840139871024,0.2597958765292139,0,14.0,0.0,1.0
rotate_10coins,8,0.1,0.14694847091895236,1.4206021805125273,0.17034548356977253,0,14.0,0.0,1.0
rotate_10coins,8,0.05,-0.0038399201881936795,-0.007141737515159103,0.28976124256980285,0,14.0,0.0,2.0
rotate_10coins,8,0.1,0.12527020972418246,1.5308145066429493,0.19521596140766295,0,14.0,0.0,2.0
rotate_10coins,8,0.05,-0.0020684191957730524,0.00115483322399765,0.284405769909416,0,14.0,0.0,4.0
rotate_10coins,8,0.1,0.10784520617047688,1.6145094478768358,0.20682466325313542,0,14.0,0.0,4.0
rotate_10coins,8,0.05,0.005601471344327091,0.10864606561623769,0.2645333346912475,0,14.0,0.05,1.0
rotate_10coins,8,0.1,0.14894996863994314,1.697198445593204,0.17137504628914668,0,14.0,0.05,1.0
rotate_10coins,8,0.05,0.010747706182974603,0.18814121363899,0.2357386581349611,0,14.0,0.05,2.0
rotate_10coins,8,0.1,0.12598101538901596,1.7660355932385128,0.14290062353394928,0,14.0,0.05,2.0
rotate_10coins,8,0.05,0.061835296316715915,1.1371922683321773,0.1942668108223029,0,14.0,0.05,4.0
rotate_10coins,8,0.1,0.16076095396317025,2.7732372463941504,0.1239036192935804,0,14.0,0.05,4.0
rotate_10coins,8,0.05,0.12226863537049781,1.9297386517302346,0.1090401103941947,0,14.0,0.1,1.0
rotate_10coins,8,0.1,0.19990867489746011,3.011724362653191,0.09949586300751101,0,14.0,0.1,1.0
rotate_10coins,8,0.05,0.11977461914513832,2.5489981289316104,0.06504773416204812,0,14.0,0.1,2.0
rotate_10coins,8,0.1,0.182025914184484,3.6487458961159116,0.052350264885957065,0,14.0,0.1,2.0
rotate_10coins,8,0.05,0.07909933130112035,2.099767908394945,0.05112220789060218,0,14.0,0.1,4.0
rotate_10coins,8,0.1,0.12729060583043883,3.1679312971830953,0.04017804451293305,0,14.0,0.1,4.0
rotate_10coins,8,0.05,0.08016330706843444,2.000695983882967,0.04730670821171745,0,14.0,0.2,1.0
rotate_10coins,8,0.1,0.10543101678651978,2.5616118008072677,0.027997829993662293,0,14.0,0.2,1.0
rotate_10coins,8,0.05,0.06338991336731525,1.9441540426810549,0.04084330118617707,0,14.0,0.2,2.0
rotate_10coins,8,0.1,0.08349584131850651,2.4875174620990737,0.025145111711643908,0,14.0,0.2,2.0
rotate_10coins,8,0.05,0.062228327000277694,2.2869034233707604,0.029327489843822607,0,14.0,0.2,4.0
rotate_10coins,8,0.1,0.0820689158918051,2.8266319344132094,0.023385395359774797,0,14.0,0.2,4.0
rotate_10coins,10,0.05,-0.5158304132843201,-3.10927985484245,0.8939511227693268,0,3.0,0.0,1.0
rotate_10coins,10,0.1,-0.4339339240283907,-2.437514805158531,0.8335020897018126,0,3.0,0.0,1.0
rotate_10coins,10,0.05,-0.536300706749155,-4.2946141881214785,0.9051798754716404,0,3.0,0.0,2.0
rotate_10coins,10,0.1,-0.4592025988119628,-3.4421846288137252,0.853458274265501,0,3.0,0.0,2.0
rotate_10coins,10,0.05,-0.5070651414068355,-5.349759168203674,0.8820724315168587,0,3.0,0.0,4.0
rotate_10coins,10,0.1,-0.42996393142229017,-4.225930248277459,0.819476437185678,0,3.0,0.0,4.0
rotate_10coins,10,0.05,-0.4401261748823929,-2.852010574585214,0.8315464014773459,0,3.0,0.05,1.0
rotate_10coins,10,0.1,-0.35000695270960247,-2.0858608888547687,0.7394881746039357,0,3.0,0.05,1.0
rotate_10coins,10,0.05,-0.3787132001434229,-3.3461935250786925,0.7671896359119921,0,3.0,0.05,2.0
rotate_10coins,10,0.1,-0.2844057712027538,-2.3566937498017237,0.6484462236125126,0,3.0,0.05,2.0
rotate_10coins,10,0.05,-0.371428326117889,-4.452312475554195,0.7552148824560777,0,3.0,0.05,4.0
rotate_10coins,10,0.1,-0.2851104493203689,-3.180737422144739,0.6436239882005259,0,3.0,0.05,4.0
rotate_10coins,10,0.05,-0.08643001587300114,-0.8315115532390266,0.3097345429633337,0,3.0,0.1,1.0
rotate_10coins,10,0.1,-0.03847607225125016,-0.33225912186380224,0.27131794918535024,0,3.0,0.1,1.0
rotate_10coins,10,0.05,-0.05896602503226589,-0.747230408046335,0.3092791561111071,0,3.0,0.1,2.0
rotate_10coins,10,0.1,-0.0018607915111559237,0.014935358997149277,0.26397565744189044,0,3.0,0.1,2.0
rotate_10coins,10,0.05,-0.038158623296868366,-0.5864059235742975,0.24525512496322088,0,3.0,0.1,4.0
rotate_10coins,10,0.1,0.013959322726005086,0.24971543445554809,0.19472634156924928,0,3.0,0.1,4.0
rotate_10coins,10,0.05,0.004762322477434688,0.10138320198118553,0.17612856416019274,0,3.0,0.2,1.0
rotate_10coins,10,0.1,0.05331779389570257,0.7263120748119032,0.12397606522571158,0,3.0,0.2,1.0
rotate_10coins,10,0.05,0.03492241983987787,0.6722918445784927,0.08641647061186997,0,3.0,0.2,2.0
rotate_10coins,10,0.1,0.07139720060525545,1.2781405275052737,0.07298803623486716,0,3.0,0.2,2.0
rotate_10coins,10,0.05,0.04119068441213303,0.9163817233921466,0.06503626688519482,0,3.0,0.2,4.0
rotate_10coins,10,0.1,0.07058754084903818,1.4619474843603946,0.055746996824264095,0,3.0,0.2,4.0
rotate_10coins,10,0.05,-0.28588110976283887,-1.7043359678400871,0.6595246323306256,0,7.0,0.0,1.0
rotate_10coins,10,0.1,-0.1772116774859419,-0.9604843018503945,0.5024754241300193,0,7.0,0.0,1.0
rotate_10coins,10,0.05,-0.2401650351451068,-1.9267449740061382,0.578447128650514,0,7.0,0.0,2.0
rotate_10coins,10,0.1,-0.12039075540819744,-0.8721021052262993,0.39624507574112044,0,7.0,0.0,2.0
rotate_10coins,10,0.05,-0.23307167365704518,-2.5581511899095184,0.5567643732289238,0,7.0,0.0,4.0
rotate_10coins,10,0.1,-0.12017334606295593,-1.2089953602445218,0.34764338722176125,0,7.0,0.0,4.0
rotate_10coins,10,0.05,-0.21876772435314207,-1.4659956928901035,0.5572012344392442,0,7.0,0.05,1.0
rotate_10coins,10,0.1,-0.0921338521340952,-0.5320184114594569,0.3912623339551704,0,7.0,0.05,1.0
rotate_10coins,10,0.05,-0.1148972738739934,-1.0833560858456333,0.33361632894043947,0,7.0,0.05,2.0
rotate_10coins,10,0.1,0.007226215967765848,0.12126341163022862,0.29372065094092936,0,7.0,0.05,2.0
rotate_10coins,10,0.05,-0.11555972050740748,-1.4711663859757027,0.3553657311679088,0,7.0,0.05,4.0
rotate_10coins,10,0.1,-0.004861333150336211,-0.01989656396981513,0.23838138198231706,0,7.0,0.05,4.0
rotate_10coins,10,0.05,0.05630506044476258,0.680464631860867,0.14955474594414453,0,7.0,0.1,1.0
rotate_10coins,10,0.1,0.11529596630926875,1.3101992038511623,0.15398294481176378,0,7.0,0.1,1.0
rotate_10coins,10,0.05,0.09953789022846626,1.5723837950218271,0.17465151084154173,0,7.0,0.1,2.0
rotate_10coins,10,0.1,0.17356452915054366,2.650402438214477,0.17672114490749014,0,7.0,0.1,2.0
rotate_10coins,10,0.05,0.07714051413779632,1.6493806627283722,0.08755703407385784,0,7.0,0.1,4.0
rotate_10coins,10,0.1,0.1331108439736397,2.6901239658807854,0.08877680647820951,0,7.0,0.1,4.0
rotate_10coins,10,0.05,0.02466571898947656,0.5163803501072924,0.0858015887350172,0,7.0,0.2,1.0
rotate_10coins,10,0.1,0.05894374425444071,1.1562538458266185,0.06414366928705328,0,7.0,0.2,1.0
rotate_10coins,10,0.05,0.03443759311846395,0.8638143516822756,0.07051494112896028,0,7.0,0.2,2.0
rotate_10coins,10,0.1,0.061010278919390926,1.4346736438811358,0.06930190559663751,0,7.0,0.2,2.0
rotate_10coins,10,0.05,0.03714486807387796,1.1292592627746187,0.06511948641357335,0,7.0,0.2,4.0
rotate_10coins,10,0.1,0.06327684629924257,1.7823779317944821,0.06199671582728006,0,7.0,0.2,4.0
rotate_10coins,10,0.05,-0.08806684930543462,-0.593882625290413,0.3249935024741629,0,14.0,0.0,1.0
rotate_10coins,10,0.1,0.10350944617619251,0.7971077185268387,0.26350303211234116,0,14.0,0.0,1.0
rotate_10coins,10,0.05,-0.056688904373827564,-0.5016018931700996,0.3590972902363967,0,14.0,0.0,2.0
rotate_10coins,10,0.1,0.10646309476509042,1.036910206758732,0.24927353181960277,0,14.0,0.0,2.0
rotate_10coins,10,0.05,-0.05431922563338221,-0.6079651853808,0.3524762934276514,0,14.0,0.0,4.0
rotate_10coins,10,0.1,0.0835348853627309,0.9869640900500573,0.25764188810412214,0,14.0,0.0,4.0
rotate_10coins,10,0.05,-0.006184433956272772,-0.005858378156090173,0.3275036850134986,0,14.0,0.05,1.0
rotate_10coins,10,0.1,0.1814312266532363,1.6712267712481956,0.2139046516025257,0,14.0,0.05,1.0
rotate_10coins,10,0.05,-0.0014125033020504496,0.027774913772857356,0.28880112529525515,0,14.0,0.05,2.0
rotate_10coins,10,0.1,0.14769583274526688,1.6451641472852103,0.1832374649985531,0,14.0,0.05,2.0
rotate_10coins,10,0.05,0.061464833345058256,0.9191444745993635,0.2395791833993387,0,14.0,0.05,4.0
rotate_10coins,10,0.1,0.18838102627984732,2.6074990468476735,0.1546777123351064,0,14.0,0.05,4.0
rotate_10coins,10,0.05,0.14201471462598136,1.772289481803302,0.14261732619061307,0,14.0,0.1,1.0
rotate_10coins,10,0.1,0.22928224214988924,2.7583007209320782,0.12447136381631196,0,14.0,0.1,1.0
rotate_10coins,10,0.05,0.13693210400529998,2.3888505312132686,0.07771155599326385,0,14.0,0.1,2.0
rotate_10coins,10,0.1,0.20927621372727545,3.4639871311854935,0.06800898659101329,0,14.0,0.1,2.0
rotate_10coins,10,0.05,0.09491893746377555,2.043225262507658,0.07850058035679541,0,14.0,0.1,4.0
rotate_10coins,10,0.1,0.1530103681321049,3.083943397104305,0.05148977478350558,0,14.0,0.1,4.0
rotate_10coins,10,0.05,0.09811251885169736,1.9551146200089822,0.06022848734134023,0,14.0,0.2,1.0
rotate_10coins,10,0.1,0.12453369302449846,2.425495786409433,0.03609141707946162,0,14.0,0.2,1.0
rotate_10coins,10,0.05,0.07594168044881222,1.9331708996707357,0.03196705986694337,0,14.0,0.2,2.0
rotate_10coins,10,0.1,0.10841117333138794,2.621473870522157,0.028742712378231672,0,14.0,0.2,2.0
rotate_10coins,10,0.05,0.07594571009741191,2.204096020687736,0.039339075263700285,0,14.0,0.2,4.0
rotate_10coins,10,0.1,0.10565415025718727,2.8663821568558,0.02928784512319349,0,14.0,0.2,4.0
rotate_10coins,15,0.05,-1.0,-2.2803808433480666,1.0,5,3.0,0.0,1.0
rotate_10coins,15,0.1,-1.0,-3.5781929174629017,1.0,7,3.0,0.0,1.0
rotate_10coins,15,0.05,-0.7291249087953445,-4.959597889048452,0.981289338148992,0,3.0,0.0,2.0
rotate_10coins,15,0.1,-0.6657477836948629,-4.125189337031956,0.9652813383984499,0,3.0,0.0,2.0
rotate_10coins,15,0.05,-0.7097264857465383,-7.160347978036982,0.9757513002061227,0,3.0,0.0,4.0
rotate_10coins,15,0.1,-0.6576593101824808,-6.179280822425059,0.960564232420749,0,3.0,0.0,4.0
rotate_10coins,15,0.05,-0.9465302074646652,-2.0100399780294613,0.9998570463773742,5,3.0,0.05,1.0
rotate_10coins,15,0.1,-1.0,-2.057112847227862,1.0,7,3.0,0.05,1.0
rotate_10coins,15,0.05,-0.6683761193636413,-2.266810318775694,0.9655542185963983,1,3.0,0.05,2.0
rotate_10coins,15,0.1,-0.5879228428280909,-1.9394796735252833,0.9345736654255937,1,3.0,0.05,2.0
rotate_10coins,15,0.05,-0.4545245031531322,-4.5281585182266895,0.8398810856658572,0,3.0,0.05,4.0
rotate_10coins,15,0.1,-0.38251178817839326,-3.5201102977226038,0.7686078974411645,0,3.0,0.05,4.0
rotate_10coins,15,0.05,-0.44979853688407756,-0.8160872819857744,0.842714491142694,1,3.0,0.1,1.0
rotate_10coins,15,0.1,-0.6042325437235674,-0.8689768534335314,0.9422141163040929,2,3.0,0.1,1.0
rotate_10coins,15,0.05,-0.08009778305069837,-0.6672015282704431,0.34467091694567387,0,3.0,0.1,2.0
rotate_10coins,15,0.1,-0.0027818757309575615,0.034787855014291866,0.27071622826127206,0,3.0,0.1,2.0
rotate_10coins,15,0.05,-0.03646906709327713,-0.42329174161289657,0.22338725653603608,0,3.0,0.1,4.0
rotate_10coins,15,0.1,0.024217267506219553,0.33375076920439134,0.16424443828253033,0,3.0,0.1,4.0
rotate_10coins,15,0.05,0.06309563167903609,0.6593079849095043,0.15426399811511093,0,3.0,0.2,1.0
rotate_10coins,15,0.1,0.12629937019094029,1.2012020991886483,0.11023657400359099,0,3.0,0.2,1.0
rotate_10coins,15,0.05,0.05187118721822559,0.6855688661809837,0.11446099061708215,0,3.0,0.2,2.0
rotate_10coins,15,0.1,0.09026147329841261,1.1066708616502003,0.0961002179597733,0,3.0,0.2,2.0
rotate_10coins,15,0.05,0.0316287531250512,0.5529277507268161,0.08979753662054879,0,3.0,0.2,4.0
rotate_10coins,15,0.1,0.060002828730935986,0.9839419017359324,0.08337736708369514,0,3.0,0.2,4.0
rotate_10coins,15,0.05,-0.9269570657494881,-1.68814415546441,0.9996339324303841,5,7.0,0.0,1.0
rotate_10coins,15,0.1,-1.0,-3.108450102748543,1.0,7,7.0,0.0,1.0
rotate_10coins,15,0.05,-0.5445542515785289,-1.3463433951337713,0.9103839590829864,1,7.0,0.0,2.0
rotate_10coins,15,0.1,-0.4529732752171314,-0.9336972118525312,0.8468580571881158,1,7.0,0.0,2.0
rotate_10coins,15,0.05,-0.3722094067698629,-3.4978750703057266,0.7542649063074383,0,7.0,0.0,4.0
rotate_10coins,15,0.1,-0.26219149237834194,-2.269603712207284,0.6037012145062167,0,7.0,0.0,4.0
rotate_10coins,15,0.05,-0.7548949253061399,-1.0602317792483902,0.9892905500696816,3,7.0,0.05,1.0
rotate_10coins,15,0.1,-0.8881305259827516,-1.1968809953270678,0.9992395040492239,5,7.0,0.05,1.0
rotate_10coins,15,0.05,-0.4373820515466974,-0.9145843879348969,0.8435795635332425,1,7.0,0.05,2.0
rotate_10coins,15,0.1,-0.3478391206458912,-0.5703075541462509,0.8159587688093626,1,7.0,0.05,2.0
rotate_10coins,15,0.05,-0.1423754923347451,-1.3900635772684282,0.3965123456362635,0,7.0,0.05,4.0
rotate_10coins,15,0.1,-0.029337717098691707,-0.22413556186806952,0.3182901095154296,0,7.0,0.05,4.0
rotate_10coins,15,0.05,-0.31650116690059504,-0.3387198159058664,0.780080774883299,1,7.0,0.1,1.0
rotate_10coins,15,0.1,-0.2186614004394304,-0.14496550064000388,0.7361931801688482,1,7.0,0.1,1.0
rotate_10coins,15,0.05,0.1269184609642786,1.3756112375046319,0.11887426859399375,0,7.0,0.1,2.0
rotate_10coins,15,0.1,0.20811843047158152,2.1342610222579546,0.10636510484041262,0,7.0,0.1,2.0
rotate_10coins,15,0.05,0.07532925916302546,1.1656534698573076,0.09371501426161033,0,7.0,0.1,4.0
rotate_10coins,15,0.1,0.13099821532889955,1.9053133818839132,0.08382501078210824,0,7.0,0.1,4.0
rotate_10coins,15,0.05,0.069545345352104,0.958456371346108,0.08859300394269709,0,7.0,0.2,1.0
rotate_10coins,15,0.1,0.1082322449701798,1.3924194818126632,0.08387528174275094,0,7.0,0.2,1.0
rotate_10coins,15,0.05,0.06791979160861228,1.0528823834674084,0.0892474807617617,0,7.0,0.2,2.0
rotate_10coins,15,0.1,0.09763326237724446,1.4531655320224428,0.08537626110154728,0,7.0,0.2,2.0
rotate_10coins,15,0.05,0.038730499829150666,0.7694084543561287,0.0833497762412847,0,7.0,0.2,4.0
rotate_10coins,15,0.1,0.06335699108582893,1.1823059995227512,0.08179932630610798,0,7.0,0.2,4.0
rotate_10coins,15,0.05,-1.0,-1.870146736273431,1.0,7,14.0,0.0,1.0
rotate_10coins,15,0.1,-1.0,-3.1136670285308905,1.0,7,14.0,0.0,1.0
rotate_10coins,15,0.05,-0.38281073186602643,-0.6931761964119365,0.82899826844149,1,14.0,0.0,2.0
rotate_10coins,15,0.1,-0.242730972808467,-0.22816626374024268,0.7807259700288172,1,14.0,0.0,2.0
rotate_10coins,15,0.05,-0.11262798059522716,-1.0837288738952866,0.427681195516151,0,14.0,0.0,4.0
rotate_10coins,15,0.1,0.05626549685090776,0.5767560697611852,0.2989871073692034,0,14.0,0.0,4.0
rotate_10coins,15,0.05,-0.8997318013529426,-1.2995315978187918,0.9990552629953785,5,14.0,0.05,1.0
rotate_10coins,15,0.1,-1.0,-3.1585061493996482,1.0,7,14.0,0.05,1.0
rotate_10coins,15,0.05,-0.2792059005832155,-0.3567984184701116,0.8103061471061006,1,14.0,0.05,2.0
rotate_10coins,15,0.1,-0.14990529370025396,0.029104916260531407,0.7700276322719427,1,14.0,0.05,2.0
rotate_10coins,15,0.05,0.059605253211850284,0.7480126562607257,0.306391290991365,0,14.0,0.05,4.0
rotate_10coins,15,0.1,0.20581409923958072,2.314629334907399,0.21145172615480978,0,14.0,0.05,4.0
rotate_10coins,15,0.05,-0.2978077068022613,-0.2836738722979921,0.7818492686351428,1,14.0,0.1,1.0
rotate_10coins,15,0.1,-0.1949883167239468,-0.07842436948874387,0.7303886991447912,1,14.0,0.1,1.0
rotate_10coins,15,0.05,0.16591992684253798,1.9388770440906788,0.12486433961588184,0,14.0,0.1,2.0
rotate_10coins,15,0.1,0.2928829688681045,3.2200409411181674,0.09657662538813883,0,14.0,0.1,2.0
rotate_10coins,15,0.05,0.11383302266228124,1.9254924349800842,0.08947961672180449,0,14.0,0.1,4.0
rotate_10coins,15,0.1,0.1916203811754269,2.985046115679398,0.07041098155559145,0,14.0,0.1,4.0
rotate_10coins,15,0.05,0.11981667301238996,1.6686229825589178,0.09887355928653807,0,14.0,0.2,1.0
rotate_10coins,15,0.1,0.16405286214799508,2.177842445768494,0.07649474362482678,0,14.0,0.2,1.0
rotate_10coins,15,0.05,0.10044074672340475,1.658542077152831,0.08482995185991016,0,14.0,0.2,2.0
rotate_10coins,15,0.1,0.15555166133425247,2.451985995923941,0.06118591356505243,0,14.0,0.2,2.0
rotate_10coins,15,0.05,0.05813209861692936,1.4090835003046098,0.06075392884841102,0,14.0,0.2,4.0
rotate_10coins,15,0.1,0.10640613587840564,2.3420034555277796,0.04768956246942757,0,14.0,0.2,4.0
rotate_10coins,20,0.05,-0.834839093586831,-3.0813176325149816,0.9960172519418224,1,3.0,0.0,1.0
rotate_10coins,20,0.1,-0.8672552524104975,-2.7050929463062063,0.9979586220382359,2,3.0,0.0,1.0
rotate_10coins,20,0.05,-0.7821875010665718,-2.9179753549831626,0.9905765605564324,1,3.0,0.0,2.0
rotate_10coins,20,0.1,-0.8256106801279063,-2.499848345373619,0.99519905630351,2,3.0,0.0,2.0
rotate_10coins,20,0.05,-0.40030937151934265,-4.679894535322531,0.7943126149089801,0,3.0,0.0,4.0
rotate_10coins,20,0.1,-0.37300392743997,-4.229064705157142,0.7656610134178493,0,3.0,0.0,4.0
rotate_10coins,20,0.05,-0.573812691499489,-1.46375854962584,0.9311682824582372,1,3.0,0.05,1.0
rotate_10coins,20,0.1,-0.6522247846653744,-1.3322700033024137,0.9628736166401446,2,3.0,0.05,1.0
rotate_10coins,20,0.05,-0.5568384169878835,-1.4615489621070585,0.9205737501934406,1,3.0,0.05,2.0
rotate_10coins,20,0.1,-0.6530914500455058,-1.3553959201581118,0.9619323907878694,2,3.0,0.05,2.0
rotate_10coins,20,0.05,-0.1600989295411358,-1.9277741292977137,0.43409796348945395,0,3.0,0.05,4.0
rotate_10coins,20,0.1,-0.1322045730060183,-1.550573967498961,0.37699022657194614,0,3.0,0.05,4.0
rotate_10coins,20,0.05,0.05007967733333385,0.5383426169597683,0.23008723990353286,0,3.0,0.1,1.0
rotate_10coins,20,0.1,0.08534070517529879,0.8543551543947598,0.2266600006311703,0,3.0,0.1,1.0
rotate_10coins,20,0.05,0.04411079441821886,0.5791210085991212,0.16619124920876116,0,3.0,0.1,2.0
rotate_10coins,20,0.1,0.06790279551818812,0.8492112723654776,0.15300915197010168,0,3.0,0.1,2.0
rotate_10coins,20,0.05,0.033019416926171274,0.8254450941540461,0.08176759604487083,0,3.0,0.1,4.0
rotate_10coins,20,0.1,0.04125776946956927,1.0119325339134124,0.07623902757818035,0,3.0,0.1,4.0
rotate_10coins,20,0.05,0.04116760028610922,0.7093467326653158,0.09338069927382286,0,3.0,0.2,1.0
rotate_10coins,20,0.1,0.05144398909569392,0.8520039684403746,0.08904801958782649,0,3.0,0.2,1.0
rotate_10coins,20,0.05,0.04627249178901005,0.8216981115193183,0.08644685159541832,0,3.0,0.2,2.0
rotate_10coins,20,0.1,0.05353338410753383,0.9380673591306282,0.08187058956697113,0,3.0,0.2,2.0
rotate_10coins,20,0.05,0.02890337126407405,1.011393337227733,0.041401210555657486,0,3.0,0.2,4.0
rotate_10coins,20,0.1,0.03299842346137272,1.1165665673747367,0.041359395996955484,0,3.0,0.2,4.0
rotate_10coins,20,0.05,-0.5139625231755613,-1.0995482442810298,0.8973828145120222,1,7.0,0.0,1.0
rotate_10coins,20,0.1,-0.7898845967183824,-1.3592096384132861,0.9917614366205983,4,7.0,0.0,1.0
rotate_10coins,20,0.05,-0.49945366381404677,-1.174367779835322,0.8845298718211526,1,7.0,0.0,2.0
rotate_10coins,20,0.1,-0.43408080677983907,-0.8894319666689577,0.8364373387641022,1,7.0,0.0,2.0
rotate_10coins,20,0.05,-0.08670012621520873,-1.0716856052054518,0.30248657773632537,0,7.0,0.0,4.0
rotate_10coins,20,0.1,-0.047798821427832316,-0.5556331727839517,0.26951263961746164,0,7.0,0.0,4.0
rotate_10coins,20,0.05,-0.3334939450849681,-0.5367379858719417,0.7735014566890287,1,7.0,0.05,1.0
rotate_10coins,20,0.1,-0.29249529902870053,-0.32941121818384217,0.7760581507723225,1,7.0,0.05,1.0
rotate_10coins,20,0.05,-0.36449313937279215,-0.6520011906981902,0.804038399241432,1,7.0,0.05,2.0
rotate_10coins,20,0.1,-0.3019416834938322,-0.45144756315105256,0.7832170234911683,1,7.0,0.05,2.0
rotate_10coins,20,0.05,0.013470367156595886,0.23523314553081653,0.22843662356436079,0,7.0,0.05,4.0
rotate_10coins,20,0.1,0.04011606841269577,0.6262273162511911,0.20188988800746077,0,7.0,0.05,4.0
rotate_10coins,20,0.05,0.1454265388699707,1.4605967838047698,0.14523062506789264,0,7.0,0.1,1.0
rotate_10coins,20,0.1,0.20281114242652287,1.9428402051434934,0.13174968484048843,0,7.0,0.1,1.0
rotate_10coins,20,0.05,0.11240669413102711,1.6215269344632586,0.1167474557268453,0,7.0,0.1,2.0
rotate_10coins,20,0.1,0.1429575575578388,2.0305361539027595,0.11743779974224389,0,7.0,0.1,2.0
rotate_10coins,20,0.05,0.06719889707091031,1.962384199190762,0.058083602822460945,0,7.0,0.1,4.0
rotate_10coins,20,0.1,0.08252315157068213,2.3148198055221414,0.05887313560775387,0,7.0,0.1,4.0
rotate_10coins,20,0.05,0.02985718317545083,0.48798427677304623,0.13339333861487157,0,7.0,0.2,1.0
rotate_10coins,20,0.1,0.04465518844154959,0.703594684494495,0.13584443340696173,0,7.0,0.2,1.0
rotate_10coins,20,0.05,0.030725833166109995,0.5745503132307362,0.13343244492922846,0,7.0,0.2,2.0
rotate_10coins,20,0.1,0.04634636108871848,0.8344441466290669,0.13333258741778875,0,7.0,0.2,2.0
rotate_10coins,20,0.05,0.023906846661675196,0.8580177004433578,0.06706000626844177,0,7.0,0.2,4.0
rotate_10coins,20,0.1,0.027442084642619324,0.9477695820689864,0.0680804701718486,0,7.0,0.2,4.0
rotate_10coins,20,0.05,-0.2710057289373399,-0.2749607485183598,0.773358579501082,1,14.0,0.0,1.0
rotate_10coins,20,0.1,-0.6897702084453339,-0.8653741087293199,0.9752303935080509,4,14.0,0.0,1.0
rotate_10coins,20,0.05,-0.32788430000505786,-0.5187386301366377,0.80529909495664,1,14.0,0.0,2.0
rotate_10coins,20,0.1,-0.6042279099483355,-0.810513159863061,0.960912928773577,3,14.0,0.0,2.0
rotate_10coins,20,0.05,0.05305837275942071,0.7975324228616512,0.22781056836804958,0,14.0,0.0,4.0
rotate_10coins,20,0.1,0.1048879609642841,1.51965876483845,0.19255581646309894,0,14.0,0.0,4.0
rotate_10coins,20,0.05,-0.16940547642398873,-0.04336948397925965,0.7601408679499428,1,14.0,0.05,1.0
rotate_10coins,20,0.1,-0.31788967359608666,-0.21077434093238145,0.8893114541978581,2,14.0,0.05,1.0
rotate_10coins,20,0.05,-0.21126600428178932,-0.17046419150530248,0.7635934768984869,1,14.0,0.05,2.0
rotate_10coins,20,0.1,-0.15721127971351767,0.022692169417047485,0.7683492130321073,1,14.0,0.05,2.0
rotate_10coins,20,0.05,0.1210646693255002,2.1980911838400554,0.16787746225379063,0,14.0,0.05,4.0
rotate_10coins,20,0.1,0.15846198354744612,2.8197642748086595,0.15272507095092303,0,14.0,0.05,4.0
rotate_10coins,20,0.05,0.16682284149927984,1.7979792010731412,0.1477060907372706,0,14.0,0.1,1.0
rotate_10coins,20,0.1,0.2291818713528868,2.3681689637582135,0.1506224562506726,0,14.0,0.1,1.0
rotate_10coins,20,0.05,0.11805848245585149,1.8162241347292374,0.14660580877963014,0,14.0,0.1,2.0
rotate_10coins,20,0.1,0.14922632863374963,2.2614374703969906,0.1490619816359311,0,14.0,0.1,2.0
rotate_10coins,20,0.05,0.07014695702228702,2.19271732704384,0.07287712133073387,0,14.0,0.1,4.0
rotate_10coins,20,0.1,0.08453738013464074,2.5739623285027027,0.07458324876265854,0,14.0,0.1,4.0
rotate_10coins,20,0.05,0.017267721243089396,0.3897221115598271,0.0901967732555129,0,14.0,0.2,1.0
rotate_10coins,20,0.1,0.02034511021657881,0.45103103679926854,0.09034048538688544,0,14.0,0.2,1.0
rotate_10coins,20,0.05,0.043453408674918315,1.0795346578248246,0.05141604946704781,0,14.0,0.2,2.0
rotate_10coins,20,0.1,0.05659181992888218,1.39324429270411,0.04968611371842058,0,14.0,0.2,2.0
rotate_10coins,20,0.05,0.026925012011531857,1.3271600318596513,0.023935373800496373,0,14.0,0.2,4.0
rotate_10coins,20,0.1,0.03326952548237605,1.6251130100621387,0.023505998111526427,0,14.0,0.2,4.0
