config,L,variant,period,cagr,maxdd,worst_day,sharpe,trades,liq,win_rate,pnl_total,pnl_top5_coins,pnl_worst5_coins,top5,worst5,mean_hold_h,years
"[2.0, 0.0, 10, ""btc"", ""both"", ""all""]",1,base,IS,1.0854659651841008,-0.3834911660081187,-0.13326122549018993,1.7337726997540304,1210,6,0.39834710743801655,8.088324992179391,8.183803707294128,-2.7341702767446123,"BLZUSDT:0.67,CKBUSDT:0.87,RAREUSDT:1.35,RAYUSDT:2.62,TRBUSDT:2.67","MOODENGUSDT:-0.76,TIAUSDT:-0.51,HIFIUSDT:-0.51,ARKUSDT:-0.50,WIFUSDT:-0.46",114.15206611570248,"{""2022"": 2.129657012155283, ""2023"": 0.5233895791577652, ""2024"": 0.9062336146417731}"
"[2.0, 0.0, 10, ""btc"", ""both"", ""all""]",1,base,OOS,0.6441282488236462,-0.5954310200623644,-0.3645258662493528,0.9429102863732565,1080,12,0.40555555555555556,1.2892626215063487,2.9608916026773175,-1.8352081271248684,"ENJUSDT:0.33,TAIKOUSDT:0.54,MUSDT:0.56,FUNUSDT:0.67,RAVEUSDT:0.86","GUAUSDT:-0.54,BROCCOLIF3BUSDT:-0.48,AIOTUSDT:-0.35,ARIAUSDT:-0.26,LAYERUSDT:-0.21",133.95833333333334,"{""2025"": 0.967345871473789, ""2026"": 0.16362997208589114}"
"[2.0, 0.0, 10, ""btc"", ""both"", ""all""]",1,funding_x0.8,IS,0.830669382950171,-0.35361424466366986,-0.1335755586535402,1.4722216220528561,1182,5,0.38747884940778343,5.145386951396434,6.155806854952452,-1.992583666982116,"1000RATSUSDT:0.51,CKBUSDT:0.51,RAREUSDT:0.94,TRBUSDT:1.80,RAYUSDT:2.39","MOODENGUSDT:-0.53,HIFIUSDT:-0.39,TIAUSDT:-0.38,ARKUSDT:-0.36,BONDUSDT:-0.33",114.38071065989848,"{""2022"": 1.8021575849141018, ""2023"": 0.3006831582533911, ""2024"": 0.686107118865241}"
"[2.0, 0.0, 10, ""btc"", ""both"", ""all""]",1,funding_x0.8,OOS,-0.22474611344186624,-0.7709993083273188,-0.3446515599908454,0.19682779844035292,1088,14,0.38878676470588236,-0.34560362535546485,1.4899382486982296,-1.1630809630224817,"ALPACAUSDT:0.17,IPUSDT:0.21,RAVEUSDT:0.30,MUSDT:0.35,FUNUSDT:0.46","BROCCOLIF3BUSDT:-0.37,AIOTUSDT:-0.27,GUAUSDT:-0.19,BULLAUSDT:-0.18,LAYERUSDT:-0.15",131.7766544117647,"{""2025"": 0.11218016650356999, ""2026"": -0.4116093827659203}"
"[2.0, 0.0, 10, ""btc"", ""both"", ""all""]",1,mark_liq,IS,0.7607296957924039,-0.5339965008929884,-0.2603524020003155,1.3468026593119984,1261,7,0.401268834258525,4.467026732197939,5.374545624720767,-2.527425460606977,"1000SATSUSDT:0.58,CKBUSDT:0.66,BLZUSDT:0.70,RAREUSDT:1.00,TRBUSDT:2.45","ARKUSDT:-0.53,MOODENGUSDT:-0.52,TIAUSDT:-0.51,HIFIUSDT:-0.50,LOOMUSDT:-0.46",105.8770816812054,"{""2022"": 2.129657012155283, ""2023"": 0.12147942399903244, ""2024"": 0.5576258389984299}"
"[2.0, 0.0, 10, ""btc"", ""both"", ""all""]",1,mark_liq,OOS,0.6479785524831183,-0.5273102844659804,-0.3590788924075692,0.9464919844597202,1070,13,0.40186915887850466,1.2981998725256882,2.8609059068269396,-1.8004088492736225,"ENJUSDT:0.32,MUSDT:0.50,TAIKOUSDT:0.53,FUNUSDT:0.68,RAVEUSDT:0.83","GUAUSDT:-0.48,BROCCOLIF3BUSDT:-0.46,BULLAUSDT:-0.32,AIOTUSDT:-0.29,MYXUSDT:-0.26",134.8551401869159,"{""2025"": 0.9326268543940195, ""2026"": 0.189158614504656}"
"[2.0, 0.0, 10, ""btc"", ""both"", ""all""]",1,slip_x2,IS,0.9527815118783729,-0.37628450970103766,-0.13289871995027547,1.5996560302752822,1200,6,0.385,6.460316893938854,7.292937075491289,-2.331845042896303,"BLZUSDT:0.59,CKBUSDT:0.74,RAREUSDT:1.17,TRBUSDT:2.32,RAYUSDT:2.47","MOODENGUSDT:-0.64,TIAUSDT:-0.46,HIFIUSDT:-0.45,ARKUSDT:-0.42,LOOMUSDT:-0.36",114.695,"{""2022"": 1.9086822938800538, ""2023"": 0.4463439727560552, ""2024"": 0.7733293341087499}"
"[2.0, 0.0, 10, ""btc"", ""both"", ""all""]",1,slip_x2,OOS,0.4043761302882867,-0.6171303807750657,-0.36581102325736503,0.794285670122818,1081,12,0.39777983348751156,0.7606419447856495,2.437419910204184,-1.6253652407055446,"ALPACAUSDT:0.29,TAIKOUSDT:0.42,MUSDT:0.47,FUNUSDT:0.58,RAVEUSDT:0.69","BROCCOLIF3BUSDT:-0.47,GUAUSDT:-0.42,AIOTUSDT:-0.32,ARIAUSDT:-0.22,LAYERUSDT:-0.19",133.7391304347826,"{""2025"": 0.6209071086243569, ""2026"": 0.08620780019891994}"
"[2.0, 0.0, 10, ""btc"", ""both"", ""all""]",3,base,IS,1.0671730904937626,-0.680699624656963,-0.44304301285877923,1.193790755810429,953,45,0.38195173137460653,7.851045531803285,27.33282725978493,-8.291388784690628,"CKBUSDT:1.67,HNTUSDT:2.33,BLZUSDT:2.74,RAYUSDT:8.48,TRBUSDT:12.11","BONDUSDT:-2.11,FTTUSDT:-1.73,HIFIUSDT:-1.62,POWRUSDT:-1.43,AEVOUSDT:-1.41",111.31584470094438,"{""2022"": 2.3001051997956514, ""2023"": 2.017753845568487, ""2024"": -0.11124311439298107}"
"[2.0, 0.0, 10, ""btc"", ""both"", ""all""]",3,base,OOS,0.007083704427443216,-0.9662367077329561,-0.4360910776193847,1.0549024660240223,1199,118,0.38281901584653877,0.011827506708574465,15.206231321146012,-10.02770397682501,"FUNUSDT:1.87,0GUSDT:2.50,LUNA2USDT:2.57,MUSDT:4.11,TNSRUSDT:4.15","BROCCOLIF3BUSDT:-2.73,BEATUSDT:-2.33,LIGHTUSDT:-2.08,PLUMEUSDT:-1.50,JELLYJELLYUSDT:-1.38",107.2627189324437,"{""2025"": 8.248811933757823, ""2026"": -0.8905991911225435}"
"[2.0, 0.0, 10, ""btc"", ""both"", ""all""]",3,funding_x0.8,IS,0.7708985081396065,-0.6861870189226809,-0.4461222081629824,1.060287614792191,802,42,0.3802992518703242,4.5623844066460055,12.272145760988314,-4.736503692695987,"BLZUSDT:0.98,SXPUSDT:1.09,HNTUSDT:1.57,TRBUSDT:3.31,RAYUSDT:5.33","FTTUSDT:-1.45,BONDUSDT:-0.97,ARKUSDT:-0.92,TOKENUSDT:-0.71,NKNUSDT:-0.69",119.50623441396509,"{""2022"": 1.404227027568258, ""2023"": 0.7292404756660136, ""2024"": 0.337919955746961}"
"[2.0, 0.0, 10, ""btc"", ""both"", ""all""]",3,funding_x0.8,OOS,-0.8492517179854994,-0.9889532619145217,-0.5787768767002541,0.2806826670168724,1228,143,0.36319218241042345,-0.9572268658780771,2.2308682862944487,-1.3842873995809348,"AERGOUSDT:0.37,AUCTIONUSDT:0.38,VANRYUSDT:0.41,IPUSDT:0.47,FUNUSDT:0.60","BROCCOLIF3BUSDT:-0.39,TRUSTUSDT:-0.27,VTHOUSDT:-0.25,VIDTUSDT:-0.24,JELLYJELLYUSDT:-0.23",101.62052117263843,"{""2025"": -0.38882834893926266, ""2026"": -0.9300145318460256}"
"[2.0, 0.0, 10, ""btc"", ""both"", ""all""]",3,mark_liq,IS,0.2021888913295542,-0.888847663786423,-0.44304301285877923,0.775904200095822,1223,56,0.3851185609157809,0.7383500529340186,14.292884401259666,-6.969738844811626,"CKBUSDT:1.05,HNTUSDT:1.73,RAREUSDT:1.80,BLZUSDT:2.68,TRBUSDT:7.03","HIFIUSDT:-2.06,FTTUSDT:-1.73,BONDUSDT:-1.35,ARKUSDT:-0.98,FLMUSDT:-0.85",86.43581357318071,"{""2022"": 2.025182397192569, ""2023"": 0.13311787593122637, ""2024"": -0.49288018598255523}"
"[2.0, 0.0, 10, ""btc"", ""both"", ""all""]",3,mark_liq,OOS,-0.40547184129374314,-0.9501910700884199,-0.6483517760793736,0.8062531057064101,1110,110,0.3837837837837838,-0.5794409817530601,4.710815751235929,-3.5052578051894323,"SAHARAUSDT:0.70,AERGOUSDT:0.70,BSWUSDT:0.75,FUNUSDT:1.06,MUSDT:1.51","BROCCOLIF3BUSDT:-1.05,JELLYJELLYUSDT:-0.83,STOUSDT:-0.61,AIOUSDT:-0.53,DOODUSDT:-0.49",108.91171171171172,"{""2025"": 1.0376421535885525, ""2026"": -0.7936050657833701}"
"[2.0, 0.0, 10, ""btc"", ""both"", ""all""]",3,slip_x2,IS,0.8360271596718087,-0.676123883673108,-0.4468951565861854,1.0921836939747829,894,42,0.378076062639821,5.199551331474024,17.119801188124477,-5.557668998933097,"BLZUSDT:1.27,SXPUSDT:1.31,HNTUSDT:1.76,RAYUSDT:5.94,TRBUSDT:6.84","FTTUSDT:-1.50,BONDUSDT:-1.19,HIFIUSDT:-1.18,AEVOUSDT:-0.92,TIAUSDT:-0.75",115.97091722595079,"{""2022"": 1.671772849919145, ""2023"": 0.9855064783907617, ""2024"": 0.16866333652355836}"
"[2.0, 0.0, 10, ""btc"", ""both"", ""all""]",3,slip_x2,OOS,-0.1966085995062855,-0.9586556726719833,-0.5348260036240766,0.9894128807260225,1244,128,0.3745980707395498,-0.30556416705428113,8.8504774309854,-5.178499967931388,"0GUSDT:1.18,FUNUSDT:1.31,MUSDT:1.98,TNSRUSDT:2.06,RAVEUSDT:2.32","BROCCOLIF3BUSDT:-1.48,LIGHTUSDT:-1.21,BEATUSDT:-0.98,PIPPINUSDT:-0.78,SKYAIUSDT:-0.73",104.32717041800643,"{""2025"": 4.324303358343753, ""2026"": -0.8695724517917514}"
"[2.0, 0.0, 10, ""btc"", ""both"", ""all""]",5,base,IS,-0.6700507625148004,-0.992695930372599,-0.6298345250874536,0.31294623199630367,1037,146,0.37319189971070393,-0.9641885369460649,3.8606710136586773,-3.127132519743896,"RLCUSDT:0.46,BANDUSDT:0.66,HNTUSDT:0.68,RAREUSDT:0.70,TRBUSDT:1.36","FTTUSDT:-1.09,1000LUNCUSDT:-0.62,LUNAUSDT:-0.54,NKNUSDT:-0.47,LOOMUSDT:-0.42",84.11475409836065,"{""2022"": -0.29876426579665316, ""2023"": -0.15446772794962982, ""2024"": -0.9396012658398527}"
"[2.0, 0.0, 10, ""btc"", ""both"", ""all""]",5,base,OOS,-0.9820740555069863,-0.9998915696923646,-0.9621291931819957,0.5875863265682826,1230,299,0.3699186991869919,-0.9987676566125179,7.119100887863354,-4.844083846728013,"GASUSDT:0.91,MYXUSDT:0.99,OMUSDT:1.10,ALPACAUSDT:1.25,FUNUSDT:2.86","AERGOUSDT:-1.29,VIDTUSDT:-1.24,BROCCOLIF3BUSDT:-1.06,ACXUSDT:-0.64,AIOTUSDT:-0.61",77.54146341463415,"{""2025"": -0.8452812202505798, ""2026"": -0.9920349463104707}"
"[2.0, 0.0, 10, ""btc"", ""both"", ""all""]",5,funding_x0.8,IS,-0.7975189292797417,-0.9980183281329456,-0.6243678894904268,0.039738641350482315,1022,144,0.3649706457925636,-0.9917348075656811,2.5921544506032683,-2.9136662734272156,"BLZUSDT:0.42,RLCUSDT:0.42,HNTUSDT:0.46,BANDUSDT:0.64,TRBUSDT:0.66","FTTUSDT:-1.01,1000LUNCUSDT:-0.62,LUNAUSDT:-0.52,NKNUSDT:-0.40,ETCUSDT:-0.36",81.6624266144814,"{""2022"": -0.4813394707574329, ""2023"": -0.3312976874815752, ""2024"": -0.9761692919837354}"
"[2.0, 0.0, 10, ""btc"", ""both"", ""all""]",5,funding_x0.8,OOS,-0.999904642084858,-0.9999999487467853,-0.8390506313191116,-0.2981239512345794,1174,318,0.34582623509369675,-0.9999997992758017,3.1250703212986872,-1.9804212327147033,"GASUSDT:0.49,IPUSDT:0.51,REDUSDT:0.52,VANRYUSDT:0.61,FUNUSDT:1.00","TROYUSDT:-0.54,BROCCOLIF3BUSDT:-0.40,ACXUSDT:-0.35,MOVEUSDT:-0.35,SPELLUSDT:-0.35",78.48126064735945,"{""2025"": -0.9874274550514194, ""2026"": -0.9999840347201504}"
"[2.0, 0.0, 10, ""btc"", ""both"", ""all""]",5,mark_liq,IS,-0.6191754791871449,-0.9915692633846946,-0.6313848930196799,0.39160448047503876,1033,139,0.37463697967086157,-0.9449159309560223,5.756527628268999,-4.344745521340509,"BANDUSDT:0.78,BLZUSDT:0.87,HNTUSDT:0.96,RAREUSDT:0.98,TRBUSDT:2.16","FTTUSDT:-1.53,1000LUNCUSDT:-0.87,BONDUSDT:-0.71,NKNUSDT:-0.66,LOOMUSDT:-0.58",84.5759922555663,"{""2022"": -0.009404277918790394, ""2023"": 0.0020769634464481435, ""2024"": -0.9445082415069466}"
"[2.0, 0.0, 10, ""btc"", ""both"", ""all""]",5,mark_liq,OOS,-0.9823294780374705,-0.9999075451532136,-0.7641614786566563,-0.08384272417938356,986,223,0.34787018255578095,-0.998796767236437,6.193501403138534,-3.7446206985731507,"AUCTIONUSDT:0.67,ALPACAUSDT:0.74,GASUSDT:0.85,VOXELUSDT:1.42,FUNUSDT:2.51","BROCCOLIF3BUSDT:-0.92,TROYUSDT:-0.87,AERGOUSDT:-0.79,VIDTUSDT:-0.61,NULSUSDT:-0.57",83.22413793103448,"{""2025"": -0.35366543249964977, ""2026"": -0.9981383747302602}"
"[2.0, 0.0, 10, ""btc"", ""both"", ""all""]",5,slip_x2,IS,-0.7515943078250313,-0.9961441623962591,-0.6213666732214334,0.14644146766560157,1034,145,0.36363636363636365,-0.9847304042875732,2.5719712387555083,-2.570766209877659,"ZILUSDT:0.40,BLZUSDT:0.41,HNTUSDT:0.43,BANDUSDT:0.55,TRBUSDT:0.77","FTTUSDT:-0.88,1000LUNCUSDT:-0.52,LUNAUSDT:-0.51,NKNUSDT:-0.36,ETCUSDT:-0.30",84.10444874274661,"{""2022"": -0.49862053444924603, ""2023"": -0.25623555845245327, ""2024"": -0.9590526704233459}"
"[2.0, 0.0, 10, ""btc"", ""both"", ""all""]",5,slip_x2,OOS,-0.9999029493511428,-0.999999976103844,-0.9705684026749632,-0.7057257461674117,1272,331,0.3474842767295597,-0.9999997933055024,5.171790816022311,-3.5531406834490222,"ALPACAUSDT:0.73,GASUSDT:0.74,VOXELUSDT:0.74,OMUSDT:0.90,FUNUSDT:2.06","AERGOUSDT:-1.06,VIDTUSDT:-1.03,ACXUSDT:-0.55,TROYUSDT:-0.47,SPELLUSDT:-0.44",77.79323899371069,"{""2025"": -0.9743911747474633, ""2026"": -0.9999919287786622}"
"[2.0, 0.0, 10, ""btc"", ""both"", ""okx""]",1,base,IS,0.4142929814406284,-0.4637886810638673,-0.13635187928696235,1.162718520467246,509,5,0.3791748526522593,1.8315914684403918,2.491485649108828,-1.2063657042692746,"LPTUSDT:0.24,ORDIUSDT:0.27,UMAUSDT:0.34,WAVESUSDT:0.39,TRBUSDT:1.25","TONUSDT:-0.35,1000BONKUSDT:-0.34,LUNAUSDT:-0.22,MOODENGUSDT:-0.18,FLMUSDT:-0.12",112.08840864440079,"{""2022"": 0.7558614272851008, ""2023"": 0.17105446339772312, ""2024"": 0.37709297575285716}"
"[2.0, 0.0, 10, ""btc"", ""both"", ""okx""]",1,base,OOS,-0.5755191739348184,-0.8731382131257637,-0.203151202427446,-0.8381550646594713,1203,14,0.34746467165419787,-0.7600596330834022,0.688230968634674,-0.845519010746706,"AI16ZUSDT:0.10,LPTUSDT:0.11,MAGICUSDT:0.15,IPUSDT:0.16,SPKUSDT:0.17","JELLYJELLYUSDT:-0.46,NEIROETHUSDT:-0.15,RESOLVUSDT:-0.09,SOPHUSDT:-0.08,SWELLUSDT:-0.07",101.89359933499584,"{""2025"": -0.519692506647013, ""2026"": -0.5004442565707339}"
"[2.0, 0.0, 10, ""btc"", ""both"", ""okx""]",1,funding_x0.8,IS,0.31992883263609473,-0.47958457613653027,-0.13748785500565242,0.9654642450400522,509,5,0.37328094302554027,1.3013454924416785,2.109351568052021,-1.0654931913501584,"LPTUSDT:0.19,ORDIUSDT:0.23,UMAUSDT:0.27,WAVESUSDT:0.38,TRBUSDT:1.03","1000BONKUSDT:-0.29,TONUSDT:-0.29,LUNAUSDT:-0.22,MOODENGUSDT:-0.15,ANCUSDT:-0.12",112.07072691552062,"{""2022"": 0.6721158111451002, ""2023"": 0.06903166892950918, ""2024"": 0.2874337744095974}"
"[2.0, 0.0, 10, ""btc"", ""both"", ""okx""]",1,funding_x0.8,OOS,-0.7238167971789354,-0.9337494281809553,-0.20555158221960312,-1.4421040868524755,1193,14,0.33780385582564965,-0.8827339153338063,0.6085969668179845,-0.7355373466369223,"ZEREBROUSDT:0.09,AI16ZUSDT:0.10,MAGICUSDT:0.12,SPKUSDT:0.14,IPUSDT:0.16","JELLYJELLYUSDT:-0.38,NEIROETHUSDT:-0.14,RESOLVUSDT:-0.07,AGLDUSDT:-0.07,SWELLUSDT:-0.07",102.33445096395641,"{""2025"": -0.6675361395679613, ""2026"": -0.647281709014009}"
"[2.0, 0.0, 10, ""btc"", ""both"", ""okx""]",1,mark_liq,IS,0.4142929814406284,-0.46319318325680514,-0.13635187928696235,1.162718520467246,509,5,0.3791748526522593,1.8315914684403918,2.491485649108828,-1.2063657042692746,"LPTUSDT:0.24,ORDIUSDT:0.27,UMAUSDT:0.34,WAVESUSDT:0.39,TRBUSDT:1.25","TONUSDT:-0.35,1000BONKUSDT:-0.34,LUNAUSDT:-0.22,MOODENGUSDT:-0.18,FLMUSDT:-0.12",112.08840864440079,"{""2022"": 0.7558614272851008, ""2023"": 0.17105446339772312, ""2024"": 0.37709297575285716}"
"[2.0, 0.0, 10, ""btc"", ""both"", ""okx""]",1,mark_liq,OOS,-0.5755191739348184,-0.872748110604294,-0.203151202427446,-0.8381550646594713,1203,14,0.34746467165419787,-0.7600596330834022,0.688230968634674,-0.845519010746706,"AI16ZUSDT:0.10,LPTUSDT:0.11,MAGICUSDT:0.15,IPUSDT:0.16,SPKUSDT:0.17","JELLYJELLYUSDT:-0.46,NEIROETHUSDT:-0.15,RESOLVUSDT:-0.09,SOPHUSDT:-0.08,SWELLUSDT:-0.07",101.90108063175394,"{""2025"": -0.519692506647013, ""2026"": -0.5004442565707339}"
"[2.0, 0.0, 10, ""btc"", ""both"", ""okx""]",1,slip_x2,IS,0.3710506432491485,-0.47953119616103423,-0.13726721958275,1.0734707234724612,509,5,0.3713163064833006,1.5795026573450768,2.3866410178214505,-1.1508487093488202,"LPTUSDT:0.22,ORDIUSDT:0.25,UMAUSDT:0.32,WAVESUSDT:0.39,TRBUSDT:1.20","TONUSDT:-0.33,1000BONKUSDT:-0.32,LUNAUSDT:-0.22,MOODENGUSDT:-0.17,ANCUSDT:-0.12",112.08840864440079,"{""2022"": 0.7115214377406447, ""2023"": 0.1445259203214211, ""2024"": 0.3168248198701402}"
"[2.0, 0.0, 10, ""btc"", ""both"", ""okx""]",1,slip_x2,OOS,-0.6328306187563677,-0.897145477371321,-0.20307953120440936,-1.0563706327077855,1186,14,0.3305227655986509,-0.8115592554077036,0.6519465668292235,-0.7911189558114277,"LPTUSDT:0.09,AI16ZUSDT:0.10,MAGICUSDT:0.14,SPKUSDT:0.16,IPUSDT:0.17","JELLYJELLYUSDT:-0.41,NEIROETHUSDT:-0.15,RESOLVUSDT:-0.08,SWELLUSDT:-0.08,SOPHUSDT:-0.08",102.61382799325463,"{""2025"": -0.5925114748388569, ""2026"": -0.5375557029053091}"
"[2.0, 0.0, 10, ""btc"", ""both"", ""okx""]",3,base,IS,-0.09647729697046314,-0.8627722766125924,-0.4216159822409674,0.3351024386819861,527,37,0.3567362428842505,-0.26261127275832274,3.3960547696931043,-1.5534100182635397,"ORBSUSDT:0.26,ORDIUSDT:0.37,LPTUSDT:0.38,UMAUSDT:0.51,TRBUSDT:1.87","BIGTIMEUSDT:-0.40,LUNAUSDT:-0.34,1000BONKUSDT:-0.30,1000SATSUSDT:-0.26,FLMUSDT:-0.25",98.04743833017078,"{""2022"": 0.09371750640448084, ""2023"": -0.08764490312754392, ""2024"": -0.26102894470992544}"
"[2.0, 0.0, 10, ""btc"", ""both"", ""okx""]",3,base,OOS,-0.8591814185593072,-0.9930686833057197,-0.3801014724057262,-0.083860438816531,961,58,0.3392299687825182,-0.9618163516944697,3.445080741587639,-2.9492736255661436,"TURBOUSDT:0.52,FLMUSDT:0.53,WCTUSDT:0.59,SPKUSDT:0.74,MAGICUSDT:1.06","JELLYJELLYUSDT:-1.05,NEIROETHUSDT:-0.80,SIGNUSDT:-0.41,SWELLUSDT:-0.36,ICXUSDT:-0.33",73.88553590010406,"{""2025"": -0.844417907473441, ""2026"": -0.7545755576014409}"
"[2.0, 0.0, 10, ""btc"", ""both"", ""okx""]",3,funding_x0.8,IS,-0.24647248457842408,-0.8736536183560022,-0.42371491282845597,0.1376454509109258,526,38,0.3517110266159696,-0.5724758703896784,2.240734511690021,-1.2215287387027636,"SOLUSDT:0.21,ORDIUSDT:0.25,LPTUSDT:0.25,UMAUSDT:0.30,TRBUSDT:1.24","LUNAUSDT:-0.34,BIGTIMEUSDT:-0.26,ANCUSDT:-0.23,FLMUSDT:-0.20,1000BONKUSDT:-0.19",98.18441064638783,"{""2022"": -0.044074115833280136, ""2023"": -0.31332956857279304, ""2024"": -0.34868952444333345}"
"[2.0, 0.0, 10, ""btc"", ""both"", ""okx""]",3,funding_x0.8,OOS,-0.915491265249355,-0.9962789253498446,-0.38569461481513734,-0.3283563107137608,945,60,0.3322751322751323,-0.9836889220012788,2.4287986153296557,-2.0723666042059774,"TURBOUSDT:0.38,SPKUSDT:0.41,WCTUSDT:0.43,IPUSDT:0.52,MAGICUSDT:0.69","JELLYJELLYUSDT:-0.63,NEIROETHUSDT:-0.56,SWELLUSDT:-0.30,SIGNUSDT:-0.30,ICXUSDT:-0.28",73.29629629629629,"{""2025"": -0.9183547052095126, ""2026"": -0.8002202326468645}"
"[2.0, 0.0, 10, ""btc"", ""both"", ""okx""]",3,mark_liq,IS,-0.004913146254080014,-0.8547187092351254,-0.4216159822409674,0.4457702446471856,527,36,0.3586337760910816,-0.014680436186970791,3.5796285571916675,-1.4634744845003156,"ORDIUSDT:0.37,LPTUSDT:0.38,BIGTIMEUSDT:0.40,UMAUSDT:0.55,TRBUSDT:1.87","LUNAUSDT:-0.34,1000BONKUSDT:-0.30,AEVOUSDT:-0.29,GOATUSDT:-0.28,1000SATSUSDT:-0.26",99.93168880455408,"{""2022"": 0.09371750640448084, ""2023"": -0.08764490312754392, ""2024"": -0.012566084929816368}"
"[2.0, 0.0, 10, ""btc"", ""both"", ""okx""]",3,mark_liq,OOS,-0.8761066687932604,-0.9948524495235386,-0.3798767541617287,-0.1711340971657813,919,61,0.3416757344940152,-0.9691509720598902,2.5859023934720446,-2.09726336109789,"TURBOUSDT:0.41,AUCTIONUSDT:0.42,SPKUSDT:0.47,IPUSDT:0.59,MAGICUSDT:0.69","JELLYJELLYUSDT:-0.71,NEIROETHUSDT:-0.57,SWELLUSDT:-0.30,SIGNUSDT:-0.27,AGLDUSDT:-0.25",77.91621327529924,"{""2025"": -0.8998397376456775, ""2026"": -0.6920033233241647}"
"[2.0, 0.0, 10, ""btc"", ""both"", ""okx""]",3,slip_x2,IS,-0.1685342863975522,-0.8747300513655174,-0.4233968155354878,0.2434591646920576,526,37,0.34980988593155893,-0.425469046949013,2.9836870481642084,-1.4035180791261381,"SOLUSDT:0.24,ORDIUSDT:0.33,LPTUSDT:0.33,UMAUSDT:0.43,TRBUSDT:1.66","BIGTIMEUSDT:-0.35,LUNAUSDT:-0.34,1000BONKUSDT:-0.26,FLMUSDT:-0.23,ANCUSDT:-0.23",98.21863117870723,"{""2022"": 0.019382044668110554, ""2023"": -0.1460032481320599, ""2024"": -0.3400360201316821}"
"[2.0, 0.0, 10, ""btc"", ""both"", ""okx""]",3,slip_x2,OOS,-0.8948768308637992,-0.9952426550931845,-0.38109977008378826,-0.23205213446605225,957,59,0.32497387669801464,-0.9765366059413882,2.9201958962265215,-2.488247106754882,"TURBOUSDT:0.46,SPKUSDT:0.52,WCTUSDT:0.52,IPUSDT:0.52,MAGICUSDT:0.90","JELLYJELLYUSDT:-0.81,NEIROETHUSDT:-0.67,SIGNUSDT:-0.37,SWELLUSDT:-0.36,AGLDUSDT:-0.28",72.78265412748172,"{""2025"": -0.8962635343935571, ""2026"": -0.7738172982716829}"
"[2.0, 0.0, 10, ""btc"", ""both"", ""okx""]",5,base,IS,-0.5544435941818169,-0.9736892134052051,-0.578872757507779,0.09218493718926486,549,99,0.3424408014571949,-0.9117436087524193,1.2991503528156734,-0.9795655731093807,"ORDIUSDT:0.10,LPTUSDT:0.13,RENUSDT:0.14,ZILUSDT:0.24,TRBUSDT:0.69","LUNAUSDT:-0.35,ANCUSDT:-0.20,APEUSDT:-0.20,WAVESUSDT:-0.12,AXSUSDT:-0.11",82.41165755919855,"{""2022"": -0.6423956274262903, ""2023"": -0.4655949193105503, ""2024"": -0.5381799684970316}"
"[2.0, 0.0, 10, ""btc"", ""both"", ""okx""]",5,base,OOS,-1.0,-1.0,-1.0,-0.7263263335881854,765,90,0.3411764705882353,-0.9999999999999991,3.9392322184178137,-2.392289590519406,"FLMUSDT:0.54,AUCTIONUSDT:0.71,ZETAUSDT:0.76,MAGICUSDT:0.92,IPUSDT:1.00","MOVEUSDT:-0.61,MEWUSDT:-0.52,SONICUSDT:-0.49,SWELLUSDT:-0.41,SIGNUSDT:-0.36",50.928104575163395,"{""2025"": -1.0, ""2026"": 0.0}"
"[2.0, 0.0, 10, ""btc"", ""both"", ""okx""]",5,funding_x0.8,IS,-0.666896515395752,-0.9886128132645863,-0.5801311121061594,-0.11170657419572717,550,102,0.3327272727272727,-0.9631506759797372,0.9049185676255456,-0.9818944539575073,"BANDUSDT:0.06,LPTUSDT:0.08,RENUSDT:0.12,ZILUSDT:0.24,TRBUSDT:0.41","LUNAUSDT:-0.35,APEUSDT:-0.21,ANCUSDT:-0.20,WAVESUSDT:-0.12,AXSUSDT:-0.11",82.04545454545455,"{""2022"": -0.692808570403346, ""2023"": -0.6348118634098119, ""2024"": -0.6715239045745824}"
"[2.0, 0.0, 10, ""btc"", ""both"", ""okx""]",5,funding_x0.8,OOS,-1.0,-1.0,-1.0,-0.9683052132485865,766,93,0.33159268929503916,-1.0,2.993417375424323,-1.9471937483921993,"FLMUSDT:0.37,MAGICUSDT:0.54,AUCTIONUSDT:0.57,ZETAUSDT:0.61,IPUSDT:0.90","MOVEUSDT:-0.50,MEWUSDT:-0.41,SONICUSDT:-0.40,SWELLUSDT:-0.33,UMAUSDT:-0.30",50.56919060052219,"{""2025"": -1.0, ""2026"": 0.0}"
"[2.0, 0.0, 10, ""btc"", ""both"", ""okx""]",5,mark_liq,IS,-0.43362601547817203,-0.9584331186995343,-0.5452513473631024,0.24589520600069376,548,91,0.3448905109489051,-0.8186015966026581,2.632624759431595,-1.192311605124441,"ZILUSDT:0.24,ORDIUSDT:0.25,LPTUSDT:0.30,RENUSDT:0.30,TRBUSDT:1.54","LUNAUSDT:-0.32,BIGTIMEUSDT:-0.24,ONTUSDT:-0.22,FLMUSDT:-0.21,ANCUSDT:-0.20",83.99087591240875,"{""2022"": -0.22369473658251837, ""2023"": -0.4047597378929395, ""2024"": -0.6074376631443801}"
"[2.0, 0.0, 10, ""btc"", ""both"", ""okx""]",5,mark_liq,OOS,-1.0,-1.0,-1.0,-0.7085899851428721,766,89,0.34073107049608353,-1.0000000000000004,3.943263954029488,-2.3939393036067544,"FLMUSDT:0.54,AUCTIONUSDT:0.71,ZETAUSDT:0.76,MAGICUSDT:0.92,IPUSDT:1.00","MOVEUSDT:-0.61,MEWUSDT:-0.52,SONICUSDT:-0.49,SWELLUSDT:-0.41,SIGNUSDT:-0.36",50.89295039164491,"{""2025"": -1.0, ""2026"": 0.0}"
"[2.0, 0.0, 10, ""btc"", ""both"", ""okx""]",5,slip_x2,IS,-0.650623055325434,-0.9871374286956471,-0.5815628399406447,-0.056677688748738096,551,102,0.33212341197822143,-0.9574762575560931,0.9247684662378552,-0.9720355644887375,"BANDUSDT:0.07,LPTUSDT:0.08,RENUSDT:0.10,ZILUSDT:0.24,TRBUSDT:0.44","LUNAUSDT:-0.35,APEUSDT:-0.21,ANCUSDT:-0.20,WAVESUSDT:-0.11,AXSUSDT:-0.11",82.06352087114338,"{""2022"": -0.7365575804269641, ""2023"": -0.5342605018389721, ""2024"": -0.653420634974254}"
"[2.0, 0.0, 10, ""btc"", ""both"", ""okx""]",5,slip_x2,OOS,-1.0,-1.0,-1.0,-0.9083709037804156,760,92,0.32105263157894737,-1.0000000000000004,3.4991003006169827,-2.190418665077569,"FLMUSDT:0.44,AUCTIONUSDT:0.67,ZETAUSDT:0.68,MAGICUSDT:0.77,IPUSDT:0.94","MOVEUSDT:-0.54,MEWUSDT:-0.47,SONICUSDT:-0.45,SWELLUSDT:-0.40,UMAUSDT:-0.33",50.92631578947368,"{""2025"": -1.0, ""2026"": 0.0}"
"[4.0, 0.0, 10, ""none"", ""both"", ""all""]",1,base,IS,1.0088693076965822,-0.34771165224098854,-0.1985053167542985,1.652171312590243,752,3,0.4295212765957447,7.122412753466715,5.342520630256515,-2.4204858156288935,"UMAUSDT:0.70,CKBUSDT:0.74,XVGUSDT:0.83,RAREUSDT:0.96,TRBUSDT:2.10","WIFUSDT:-1.11,LOOMUSDT:-0.36,TUSDT:-0.34,DIAUSDT:-0.33,ARKUSDT:-0.28",107.6688829787234,"{""2022"": 1.6565826187970467, ""2023"": 0.6977723488961476, ""2024"": 0.8008696216254116}"
"[4.0, 0.0, 10, ""none"", ""both"", ""all""]",1,base,OOS,0.27570786555999605,-0.6144008591194371,-0.3363041422115951,0.7090994917487156,1144,10,0.3977272727272727,0.5002218239940189,2.7004464432218973,-1.8018597271969106,"DAMUSDT:0.29,TAIKOUSDT:0.29,MUSDT:0.56,FUNUSDT:0.57,RAVEUSDT:0.99","GUAUSDT:-0.52,BROCCOLIF3BUSDT:-0.39,AIOTUSDT:-0.32,BULLAUSDT:-0.29,ARIAUSDT:-0.29",122.00262237762237,"{""2025"": 1.495811100415831, ""2026"": -0.3989040982532448}"
"[4.0, 0.0, 10, ""none"", ""both"", ""all""]",1,funding_x0.8,IS,0.7478809748412423,-0.3584374461793114,-0.19980095958833555,1.3721017424222013,752,3,0.4175531914893617,4.348105695654931,3.6819180061197985,-1.8449235171633958,"UMAUSDT:0.47,CKBUSDT:0.51,XVGUSDT:0.54,RAREUSDT:0.64,TRBUSDT:1.52","WIFUSDT:-0.82,LOOMUSDT:-0.30,TUSDT:-0.26,DIAUSDT:-0.23,ARKUSDT:-0.23",107.66489361702128,"{""2022"": 1.432131056805995, ""2023"": 0.39565921630287115, ""2024"": 0.5755551893611921}"
"[4.0, 0.0, 10, ""none"", ""both"", ""all""]",1,funding_x0.8,OOS,-0.37072410346049256,-0.7868994818130133,-0.3511560880767446,-0.0008610453430175987,1145,11,0.377292576419214,-0.5377053488877434,1.2873269748488292,-0.9342939963308567,"1000000BOBUSDT:0.15,YALAUSDT:0.15,MUSDT:0.31,FUNUSDT:0.33,RAVEUSDT:0.36","BROCCOLIF3BUSDT:-0.22,AIOTUSDT:-0.21,GUAUSDT:-0.20,BULLAUSDT:-0.16,TRUTHUSDT:-0.14",121.91004366812227,"{""2025"": 0.2956283834734652, ""2026"": -0.6431888518273368}"
"[4.0, 0.0, 10, ""none"", ""both"", ""all""]",1,mark_liq,IS,1.0088693076965822,-0.3470984430110593,-0.1985053167542985,1.652171312590243,752,3,0.4295212765957447,7.122412753466715,5.342520630256515,-2.4204858156288935,"UMAUSDT:0.70,CKBUSDT:0.74,XVGUSDT:0.83,RAREUSDT:0.96,TRBUSDT:2.10","WIFUSDT:-1.11,LOOMUSDT:-0.36,TUSDT:-0.34,DIAUSDT:-0.33,ARKUSDT:-0.28",107.6688829787234,"{""2022"": 1.6565826187970467, ""2023"": 0.6977723488961476, ""2024"": 0.8008696216254116}"
"[4.0, 0.0, 10, ""none"", ""both"", ""all""]",1,mark_liq,OOS,0.27263760954854144,-0.6352165959684279,-0.33629295504787915,0.7059320177356874,1143,10,0.39807524059492566,0.4942122818020765,2.6922863613797707,-1.7970032564219067,"DAMUSDT:0.29,TAIKOUSDT:0.29,MUSDT:0.56,FUNUSDT:0.57,RAVEUSDT:0.98","GUAUSDT:-0.52,BROCCOLIF3BUSDT:-0.39,AIOTUSDT:-0.32,BULLAUSDT:-0.29,ARIAUSDT:-0.28",122.11286089238845,"{""2025"": 1.4854449455051282, ""2026"": -0.39881497495878127}"
"[4.0, 0.0, 10, ""none"", ""both"", ""all""]",1,slip_x2,IS,0.9035971757749353,-0.35712055535492115,-0.19946905320826525,1.5418315893105472,753,4,0.4209827357237716,5.910207911368631,4.788523828315071,-2.199420344869366,"UMAUSDT:0.62,CKBUSDT:0.66,XVGUSDT:0.71,RAREUSDT:0.84,TRBUSDT:1.95","WIFUSDT:-1.01,LOOMUSDT:-0.32,TUSDT:-0.31,DIAUSDT:-0.30,ARKUSDT:-0.27",107.51660026560425,"{""2022"": 1.5380605313870102, ""2023"": 0.6268333271296278, ""2024"": 0.6735784621130894}"
"[4.0, 0.0, 10, ""none"", ""both"", ""all""]",1,slip_x2,OOS,0.0023088767732795112,-0.6430876501910652,-0.3375792434729822,0.47303713365930616,1145,11,0.3851528384279476,0.003848974572548347,1.9370171101548324,-1.3762819564822384,"TAIKOUSDT:0.20,DAMUSDT:0.20,FUNUSDT:0.42,MUSDT:0.42,RAVEUSDT:0.70","GUAUSDT:-0.36,BROCCOLIF3BUSDT:-0.32,AIOTUSDT:-0.26,BULLAUSDT:-0.22,TRUTHUSDT:-0.21",121.89519650655022,"{""2025"": 0.8324990333556177, ""2026"": -0.45219672354515017}"
"[4.0, 0.0, 10, ""none"", ""both"", ""all""]",3,base,IS,2.6715994063921733,-0.7709795320791579,-0.5260594716550298,1.553541297744119,751,43,0.4167776298268975,48.672202993194574,62.88390905649065,-30.619745004623216,"UMAUSDT:8.77,RAREUSDT:9.44,XVGUSDT:10.57,CKBUSDT:12.02,TRBUSDT:22.07","WIFUSDT:-12.68,DIAUSDT:-5.56,TUSDT:-4.29,ARKUSDT:-4.18,TOKENUSDT:-3.91",101.35419440745673,"{""2022"": 5.0653384206952445, ""2023"": 1.8549696639357705, ""2024"": 1.868513420042695}"
"[4.0, 0.0, 10, ""none"", ""both"", ""all""]",3,base,OOS,-0.7162283431375369,-0.9852733733623071,-0.5560992780287932,0.5670442929196989,1094,109,0.3875685557586837,-0.8773178820624203,4.04121377512979,-2.8036029184105526,"YALAUSDT:0.59,OMNIUSDT:0.63,DAMUSDT:0.70,FUNUSDT:0.71,MUSDT:1.42","BROCCOLIF3BUSDT:-1.10,AIOTUSDT:-0.57,AIAUSDT:-0.45,STBLUSDT:-0.36,AERGOUSDT:-0.33",111.76325411334552,"{""2025"": 1.3803114285057148, ""2026"": -0.9484596357987514}"
"[4.0, 0.0, 10, ""none"", ""both"", ""all""]",3,funding_x0.8,IS,1.1936545280584219,-0.7726606494646128,-0.5273805347612366,1.2133502087086538,745,46,0.40268456375838924,9.5788730681771,20.701591725820407,-11.779122040960752,"LPTUSDT:2.56,SXPUSDT:2.66,UMAUSDT:2.78,CKBUSDT:3.27,TRBUSDT:9.43","WIFUSDT:-4.62,MTLUSDT:-1.96,TOKENUSDT:-1.80,ARKUSDT:-1.78,HIFIUSDT:-1.62",99.98523489932886,"{""2022"": 3.031349235669844, ""2023"": 0.6882736751428122, ""2024"": 0.5543403987090079}"
"[4.0, 0.0, 10, ""none"", ""both"", ""all""]",3,funding_x0.8,OOS,-0.8690928098140367,-0.9902569680219321,-0.5497908567658254,0.2109052639982766,1054,113,0.3766603415559772,-0.9661873718828035,1.5513576969576133,-1.3009745274846074,"OMNIUSDT:0.23,IPUSDT:0.23,VOXELUSDT:0.23,FUNUSDT:0.33,MUSDT:0.53","BROCCOLIF3BUSDT:-0.48,AIOTUSDT:-0.29,VIDTUSDT:-0.24,SIGNUSDT:-0.15,BANUSDT:-0.14",111.51518026565465,"{""2025"": -0.2487739137344117, ""2026"": -0.954990077241218}"
"[4.0, 0.0, 10, ""none"", ""both"", ""all""]",3,mark_liq,IS,2.5397666674291655,-0.7973338568423682,-0.5260594716550299,1.536471766672124,751,43,0.41544607190412786,43.506961527604304,56.42955569706598,-27.629233287494944,"UMAUSDT:7.92,RAREUSDT:8.50,XVGUSDT:9.48,CKBUSDT:10.83,TRBUSDT:19.70","WIFUSDT:-11.52,DIAUSDT:-5.00,TUSDT:-3.85,ARKUSDT:-3.74,TOKENUSDT:-3.51",101.49933422103861,"{""2022"": 4.413972294885969, ""2023"": 1.8549696639357403, ""2024"": 1.8794558186316817}"
"[4.0, 0.0, 10, ""none"", ""both"", ""all""]",3,mark_liq,OOS,-0.7493568578399428,-0.9858959767455902,-0.5563839899351555,0.5064504570436019,1097,110,0.3865086599817685,-0.9002356942275584,4.023773616905455,-2.856693836591632,"YALAUSDT:0.58,OMNIUSDT:0.63,DAMUSDT:0.67,FUNUSDT:0.71,MUSDT:1.43","BROCCOLIF3BUSDT:-1.16,AIOTUSDT:-0.58,AIAUSDT:-0.44,STBLUSDT:-0.35,AERGOUSDT:-0.33",111.30537830446673,"{""2025"": 1.3498368059334522, ""2026"": -0.9575441556109209}"
"[4.0, 0.0, 10, ""none"", ""both"", ""all""]",3,slip_x2,IS,2.003266266007058,-0.773648438141434,-0.5280573161730322,1.4209416603929277,750,43,0.4106666666666667,26.17002200038322,43.01848983024483,-21.58793977522791,"RAREUSDT:5.66,XVGUSDT:5.91,UMAUSDT:6.03,CKBUSDT:7.47,TRBUSDT:17.95","WIFUSDT:-9.10,DIAUSDT:-3.34,ARKUSDT:-3.31,TOKENUSDT:-3.07,TUSDT:-2.76",100.93333333333334,"{""2022"": 4.350156219001897, ""2023"": 1.4221017905014377, ""2024"": 1.0966750934476144}"
"[4.0, 0.0, 10, ""none"", ""both"", ""all""]",3,slip_x2,OOS,-0.7608605672099036,-0.9840190079154061,-0.5518053308094129,0.508728030093501,1089,116,0.3691460055096419,-0.907745810043521,2.4361066865295973,-1.9970475369164686,"VOXELUSDT:0.36,OMNIUSDT:0.37,DAMUSDT:0.39,FUNUSDT:0.46,MUSDT:0.86","BROCCOLIF3BUSDT:-0.77,AIOTUSDT:-0.41,AERGOUSDT:-0.29,VIDTUSDT:-0.29,SIGNUSDT:-0.24",112.58034894398531,"{""2025"": 0.3188854184451577, ""2026"": -0.9300513989568263}"
"[4.0, 0.0, 10, ""none"", ""both"", ""all""]",5,base,IS,-0.28796609547248087,-0.960818603886032,-0.8399842948091759,0.8313082107897991,636,118,0.38836477987421386,-0.6393400539976921,4.458660227158144,-3.2212896935286213,"TRBUSDT:0.65,GMTUSDT:0.71,LINAUSDT:0.72,LPTUSDT:0.80,SXPUSDT:1.58","MTLUSDT:-0.95,LUNAUSDT:-0.71,WAVESUSDT:-0.58,1000XECUSDT:-0.50,FLMUSDT:-0.48",89.4245283018868,"{""2022"": 0.054810312984065135, ""2023"": -0.2898521594793617, ""2024"": -0.5185238542594903}"
"[4.0, 0.0, 10, ""none"", ""both"", ""all""]",5,base,OOS,-0.9835539933796875,-0.9999650620200253,-0.6385918329679778,0.3831641831983958,1053,253,0.3570750237416904,-0.9989324294050776,11.933113209232898,-8.410044811507186,"DEEPUSDT:1.52,MUSDT:2.06,FUNUSDT:2.37,AERGOUSDT:2.65,ALPACAUSDT:3.34","BROCCOLIF3BUSDT:-3.29,SIGNUSDT:-1.92,SAFEUSDT:-1.15,VIDTUSDT:-1.05,TOWNSUSDT:-1.00",83.3076923076923,"{""2025"": -0.5953796640687703, ""2026"": -0.9973615498280239}"
"[4.0, 0.0, 10, ""none"", ""both"", ""all""]",5,funding_x0.8,IS,-0.4540428289885525,-0.9716997328771756,-0.8392858355614248,0.6855694505618336,633,117,0.382306477093207,-0.8375365727550852,3.2262034945203886,-2.566998915180762,"LPTUSDT:0.39,LINAUSDT:0.46,BELUSDT:0.63,GMTUSDT:0.71,SXPUSDT:1.04","LUNAUSDT:-0.68,MTLUSDT:-0.59,WAVESUSDT:-0.54,1000XECUSDT:-0.38,FTTUSDT:-0.37",85.75987361769353,"{""2022"": -0.2518265847479366, ""2023"": -0.7445829713157199, ""2024"": -0.14983447512183445}"
"[4.0, 0.0, 10, ""none"", ""both"", ""all""]",5,funding_x0.8,OOS,-0.9971926178164165,-0.9999936758398674,-0.6711972299398603,0.04551489212660343,930,246,0.3279569892473118,-0.9999438306302857,3.0371844219912845,-2.0158631681531545,"ALPACAUSDT:0.45,OMUSDT:0.56,IPUSDT:0.56,MUSDT:0.56,FUNUSDT:0.91","BROCCOLIF3BUSDT:-0.53,VIDTUSDT:-0.49,SIGNUSDT:-0.40,AERGOUSDT:-0.32,TOWNSUSDT:-0.28",84.50645161290322,"{""2025"": -0.9496087190454561, ""2026"": -0.9988853355451445}"
"[4.0, 0.0, 10, ""none"", ""both"", ""all""]",5,mark_liq,IS,-0.17799857036831468,-0.9606662238301189,-0.8168672619915971,0.8993626652229113,633,114,0.3902053712480253,-0.4448830443096856,7.561414108503723,-4.465284687772895,"LQTYUSDT:0.86,LINAUSDT:1.08,LPTUSDT:1.25,TRBUSDT:1.97,SXPUSDT:2.41","MTLUSDT:-1.56,LUNAUSDT:-0.76,ARKUSDT:-0.75,1000XECUSDT:-0.72,ZRXUSDT:-0.68",89.88783570300158,"{""2022"": 0.62353235025091, ""2023"": -0.14358488609883446, ""2024"": -0.6007552416931492}"
"[4.0, 0.0, 10, ""none"", ""both"", ""all""]",5,mark_liq,OOS,-0.9659109203247901,-0.9998507890585872,-0.7408386740409412,0.705847859814689,1083,267,0.3619575253924284,-0.9964050001924256,9.404758304096955,-7.560304615990289,"AERGOUSDT:1.38,TNSRUSDT:1.44,MUSDT:1.91,ALPACAUSDT:2.04,FUNUSDT:2.65","BROCCOLIF3BUSDT:-2.73,SIGNUSDT:-1.62,WCTUSDT:-1.08,PARTIUSDT:-1.07,SAFEUSDT:-1.06",91.6426592797784,"{""2025"": 3.1297337766276296, ""2026"": -0.999129483883944}"
"[4.0, 0.0, 10, ""none"", ""both"", ""all""]",5,slip_x2,IS,-0.3841911112523452,-0.9669718625454492,-0.8405405925299141,0.7697327051127486,635,118,0.3826771653543307,-0.7667825730192157,3.7063663442765833,-2.787452577911541,"LINAUSDT:0.57,BELUSDT:0.57,LPTUSDT:0.60,GMTUSDT:0.72,SXPUSDT:1.25","MTLUSDT:-0.71,LUNAUSDT:-0.69,WAVESUSDT:-0.55,1000XECUSDT:-0.43,XEMUSDT:-0.40",88.95590551181103,"{""2022"": -0.1429014841860341, ""2023"": -0.31504196251198724, ""2024"": -0.6027478188991346}"
"[4.0, 0.0, 10, ""none"", ""both"", ""all""]",5,slip_x2,OOS,-0.9870600247485616,-0.9999577793950057,-0.6589910960759608,0.3503806377868064,1029,269,0.34499514091350825,-0.9992839445225381,6.056503488535805,-4.194821170069297,"DEEPUSDT:0.70,MUSDT:0.93,OMUSDT:1.14,ALPACAUSDT:1.49,FUNUSDT:1.80","BROCCOLIF3BUSDT:-1.42,SIGNUSDT:-0.88,VIDTUSDT:-0.85,AIOTUSDT:-0.54,SAFEUSDT:-0.51",86.16520894071914,"{""2025"": -0.6714076045470032, ""2026"": -0.9978208397778848}"
