coin,day,k_bp,lat,t,t_exit,side,dev_bp,b0_bp,hold_s,gross_bp,net_bp,fee_in_bp,worst_bp
BTCUSDT,2022-01-05,40,0.5,2022-01-05 19:45:15.999000+00:00,2022-01-05 19:47:17.999000+00:00,-1,-44.63,-33.6,122,32.2,2.148,14.98,3.215
BTCUSDT,2022-01-05,40,2,2022-01-05 19:45:15.999000+00:00,2022-01-05 19:47:17.999000+00:00,-1,-44.63,-28.27,122,26.67,-3.399,14.99,-2.117
BTCUSDT,2022-01-05,40,10,2022-01-05 19:45:15.999000+00:00,2022-01-05 19:47:17.999000+00:00,-1,-44.63,-4.641,122,2.265,-27.79,15,-25.75
BTCUSDT,2022-01-24,40,0.5,2022-01-24 13:01:43.999000+00:00,2022-01-24 13:01:52.999000+00:00,-1,-40.22,-2.73,9,3.75,-26.24,15,-2.913
BTCUSDT,2022-01-24,40,2,2022-01-24 13:01:43.999000+00:00,2022-01-24 13:01:52.999000+00:00,-1,-40.22,-4.597,9,6.43,-23.58,15,-1.046
BTCUSDT,2022-01-24,40,10,2022-01-24 13:01:43.999000+00:00,2022-01-24 13:01:52.999000+00:00,-1,-40.22,-3.483,9,5.704,-24.25,15,-2.16
BTCUSDT,2022-05-05,40,0.5,2022-05-05 15:08:15.999000+00:00,2022-05-05 15:08:46.999000+00:00,-1,-40.16,-29.74,31,27.35,-2.667,14.99,-4.376
BTCUSDT,2022-05-05,40,2,2022-05-05 15:08:15.999000+00:00,2022-05-05 15:08:46.999000+00:00,-1,-40.16,-33.84,31,28.92,-1.128,14.98,-0.2709
BTCUSDT,2022-05-05,40,10,2022-05-05 15:08:15.999000+00:00,2022-05-05 15:08:46.999000+00:00,-1,-40.16,-31.54,31,25.09,-5.069,14.98,-2.578
BTCUSDT,2022-02-28,40,0.5,2022-02-28 22:34:10.999000+00:00,2022-02-28 22:34:18.999000+00:00,1,51.32,15.51,8,18.36,-11.51,15.01,5.856
BTCUSDT,2022-02-28,40,2,2022-02-28 22:34:10.999000+00:00,2022-02-28 22:34:18.999000+00:00,1,51.32,9.632,8,15.04,-14.83,15,-0.02285
BTCUSDT,2022-02-28,40,10,2022-02-28 22:34:10.999000+00:00,2022-02-28 22:34:18.999000+00:00,1,51.32,3.823,8,1.313,-28.58,15,-5.832
BTCUSDT,2022-05-11,40,0.5,2022-05-11 20:54:23.999000+00:00,2022-05-11 20:55:39.999000+00:00,-1,-72.52,-14.32,76,7.508,-22.4,14.99,-21.47
BTCUSDT,2022-05-11,40,2,2022-05-11 20:54:23.999000+00:00,2022-05-11 20:55:39.999000+00:00,-1,-72.52,-32.54,76,25.71,-4.173,14.98,-3.252
BTCUSDT,2022-05-11,40,10,2022-05-11 20:54:23.999000+00:00,2022-05-11 20:55:39.999000+00:00,-1,-72.52,-13.8,76,7.321,-22.66,14.99,-21.99
BTCUSDT,2022-05-11,60,0.5,2022-05-11 20:54:23.999000+00:00,2022-05-11 20:55:39.999000+00:00,-1,-72.52,-14.32,76,7.508,-22.4,14.99,-21.47
BTCUSDT,2022-05-11,60,2,2022-05-11 20:54:23.999000+00:00,2022-05-11 20:55:39.999000+00:00,-1,-72.52,-32.54,76,25.71,-4.173,14.98,-3.252
BTCUSDT,2022-05-11,60,10,2022-05-11 20:54:23.999000+00:00,2022-05-11 20:55:39.999000+00:00,-1,-72.52,-13.8,76,7.321,-22.66,14.99,-21.99
BTCUSDT,2022-06-14,40,0.5,2022-06-14 02:50:39.999000+00:00,2022-06-14 02:50:54.999000+00:00,-1,-42.61,-24.35,15,23.24,-6.845,14.99,11.07
BTCUSDT,2022-06-14,40,2,2022-06-14 02:50:39.999000+00:00,2022-06-14 02:50:54.999000+00:00,-1,-42.61,-13.47,15,9.163,-20.92,14.99,0.1836
BTCUSDT,2022-06-14,40,10,2022-06-14 02:50:39.999000+00:00,2022-06-14 02:50:54.999000+00:00,-1,-42.61,-7.951,15,8.413,-21.64,15,-5.333
BTCUSDT,2022-06-18,40,0.5,2022-06-18 06:51:44.999000+00:00,2022-06-18 06:54:36.999000+00:00,-1,-50.57,-33.38,172,28.52,-1.279,14.98,10.17
BTCUSDT,2022-06-18,40,2,2022-06-18 06:51:44.999000+00:00,2022-06-18 06:54:36.999000+00:00,-1,-50.57,-21.22,172,17.09,-12.73,14.99,-1.989
BTCUSDT,2022-06-18,40,10,2022-06-18 06:51:44.999000+00:00,2022-06-18 06:54:36.999000+00:00,-1,-50.57,-11.93,172,12.64,-17.18,14.99,-11.28
BTCUSDT,2022-08-19,40,0.5,2022-08-19 06:38:17.999000+00:00,2022-08-19 06:38:18.999000+00:00,-1,-45.71,-13.72,1,-6.013,-36.02,14.99,15.15
BTCUSDT,2022-08-19,40,0.5,2022-08-19 06:38:23.999000+00:00,2022-08-19 06:38:52.999000+00:00,-1,-49.8,-28.04,29,21.95,-7.966,14.99,-32.22
BTCUSDT,2022-08-19,40,2,2022-08-19 06:38:17.999000+00:00,2022-08-19 06:38:18.999000+00:00,-1,-45.71,-9.638,1,1.193,-28.73,15,11.06
BTCUSDT,2022-08-19,40,2,2022-08-19 06:38:23.999000+00:00,2022-08-19 06:38:52.999000+00:00,-1,-49.8,-44.19,29,37.57,7.646,14.98,-16.07
BTCUSDT,2022-08-19,40,10,2022-08-19 06:38:17.999000+00:00,2022-08-19 06:38:18.999000+00:00,-1,-45.71,-52.14,1,-4.17,-34.12,14.97,53.57
BTCUSDT,2022-08-19,40,10,2022-08-19 06:38:23.999000+00:00,2022-08-19 06:38:52.999000+00:00,-1,-49.8,-20.27,29,18.07,-11.94,14.99,-39.99
BTCUSDT,2022-10-13,40,0.5,2022-10-13 12:30:21.999000+00:00,2022-10-13 12:30:38.999000+00:00,-1,-52.11,-45.37,17,23.78,-6.253,14.98,2.016
BTCUSDT,2022-10-13,40,2,2022-10-13 12:30:21.999000+00:00,2022-10-13 12:30:38.999000+00:00,-1,-52.11,-14.19,17,-1.753,-31.74,14.99,-29.17
BTCUSDT,2022-10-13,40,10,2022-10-13 12:30:21.999000+00:00,2022-10-13 12:30:38.999000+00:00,-1,-52.11,-20.91,17,7.72,-22.28,14.99,-22.44
BTCUSDT,2022-11-08,40,0.5,2022-11-08 19:32:53.999000+00:00,2022-11-08 19:33:57.999000+00:00,-1,-41.66,-25.99,64,19.74,-10.53,14.99,-25.09
BTCUSDT,2022-11-08,40,2,2022-11-08 19:32:53.999000+00:00,2022-11-08 19:33:57.999000+00:00,-1,-41.66,-22.3,64,7.038,-23.28,14.99,-28.78
BTCUSDT,2022-11-08,40,10,2022-11-08 19:32:53.999000+00:00,2022-11-08 19:33:57.999000+00:00,-1,-41.66,-20.98,64,13.99,-16.17,14.99,-30.1
BTCUSDT,2023-01-14,40,0.5,2023-01-14 00:40:20.999000+00:00,2023-01-14 00:58:38.999000+00:00,1,45.53,35.22,1098,33.95,4.204,15.02,-6.529
BTCUSDT,2023-01-14,40,2,2023-01-14 00:40:20.999000+00:00,2023-01-14 00:58:38.999000+00:00,1,45.53,32.2,1098,27.56,-2.205,15.02,-9.547
BTCUSDT,2023-01-14,40,10,2023-01-14 00:40:20.999000+00:00,2023-01-14 00:58:38.999000+00:00,1,45.53,28.29,1098,23.34,-6.317,15.01,-13.46
BTCUSDT,2022-11-10,40,0.5,2022-11-10 13:30:55.999000+00:00,2022-11-10 13:30:56.999000+00:00,1,44.52,-3.277,1,-12.53,-42.57,15,0.2735
BTCUSDT,2022-11-10,40,2,2022-11-10 13:30:55.999000+00:00,2022-11-10 13:30:56.999000+00:00,1,44.52,8.156,1,3.331,-26.68,15,11.71
BTCUSDT,2022-11-10,40,10,2022-11-10 13:30:55.999000+00:00,2022-11-10 13:30:56.999000+00:00,1,44.52,-2.193,1,-9.636,-39.6,15,1.358
BTCUSDT,2022-11-09,40,0.5,2022-11-09 22:08:15.999000+00:00,2022-11-09 23:04:24.999000+00:00,-1,-40.93,-39.15,3369,6.749,-23.35,14.98,-29.29
BTCUSDT,2022-11-09,40,2,2022-11-09 22:08:15.999000+00:00,2022-11-09 23:04:24.999000+00:00,-1,-40.93,-45.15,3369,16.61,-13.42,14.98,-23.29
BTCUSDT,2022-11-09,40,10,2022-11-09 22:08:15.999000+00:00,2022-11-09 23:04:24.999000+00:00,-1,-40.93,-38.02,3369,14.04,-16.03,14.98,-30.42
BTCUSDT,2022-11-09,60,0.5,2022-11-09 22:12:01.999000+00:00,2022-11-09 23:04:24.999000+00:00,-1,-60.53,-40.84,3143,8.829,-21.09,14.98,-27.6
BTCUSDT,2022-11-09,60,2,2022-11-09 22:12:01.999000+00:00,2022-11-09 23:04:24.999000+00:00,-1,-60.53,-34.6,3143,6.296,-23.62,14.98,-33.84
BTCUSDT,2022-11-09,60,10,2022-11-09 22:12:01.999000+00:00,2022-11-09 23:04:24.999000+00:00,-1,-60.53,-29.54,3143,5.729,-24.24,14.99,-38.9
BTCUSDT,2023-03-13,40,0.5,2023-03-13 14:08:24.999000+00:00,2023-03-13 14:10:02.999000+00:00,1,44.26,15.45,98,16.46,-13.64,15.01,-4.313
BTCUSDT,2023-03-13,40,2,2023-03-13 14:08:24.999000+00:00,2023-03-13 14:10:02.999000+00:00,1,44.26,12.59,98,11.8,-18.34,15.01,-7.174
BTCUSDT,2023-03-13,40,10,2023-03-13 14:08:24.999000+00:00,2023-03-13 14:10:02.999000+00:00,1,44.26,5.507,98,4.405,-25.75,15,-14.26
BTCUSDT,2023-03-14,40,0.5,2023-03-14 12:31:35.999000+00:00,2023-03-14 12:35:36.999000+00:00,1,55.99,11.49,241,9.209,-20.52,15.01,-34.4
BTCUSDT,2023-03-14,40,2,2023-03-14 12:31:35.999000+00:00,2023-03-14 12:35:36.999000+00:00,1,55.99,23.11,241,22.52,-7.236,15.01,-22.78
BTCUSDT,2023-03-14,40,10,2023-03-14 12:31:35.999000+00:00,2023-03-14 12:35:36.999000+00:00,1,55.99,28.53,241,25.63,-4.061,15.01,-17.37
BTCUSDT,2023-08-17,40,0.5,2023-08-17 21:43:03.999000+00:00,2023-08-17 21:47:11.999000+00:00,-1,-43.45,-44.22,248,43.53,13.99,14.98,-80.21
BTCUSDT,2023-08-17,40,2,2023-08-17 21:43:03.999000+00:00,2023-08-17 21:47:11.999000+00:00,-1,-43.45,-30.15,248,26.03,-3.572,14.98,-94.28
BTCUSDT,2023-08-17,40,10,2023-08-17 21:43:03.999000+00:00,2023-08-17 21:47:11.999000+00:00,-1,-43.45,-6.003,248,1.052,-28.91,15,-118.4
BTCUSDT,2023-08-17,60,0.5,2023-08-17 21:43:11.999000+00:00,2023-08-17 21:47:11.999000+00:00,-1,-76.41,-61.69,240,61,31.25,14.97,-62.74
BTCUSDT,2023-08-17,60,2,2023-08-17 21:43:11.999000+00:00,2023-08-17 21:47:11.999000+00:00,-1,-76.41,-6.003,240,1.793,-28.13,15,-118.4
BTCUSDT,2023-08-17,60,10,2023-08-17 21:43:11.999000+00:00,2023-08-17 21:47:11.999000+00:00,-1,-76.41,-9.619,240,4.693,-25.19,15,-114.8
BTCUSDT,2023-08-17,80,0.5,2023-08-17 21:44:43.999000+00:00,2023-08-17 21:47:11.999000+00:00,-1,-105.3,-97.39,148,96.65,65.97,14.95,-27.04
BTCUSDT,2023-08-17,80,2,2023-08-17 21:44:43.999000+00:00,2023-08-17 21:47:11.999000+00:00,-1,-105.3,-110.3,148,105.9,75.22,14.94,-14.13
BTCUSDT,2023-08-17,80,10,2023-08-17 21:44:43.999000+00:00,2023-08-17 21:47:11.999000+00:00,-1,-105.3,-72.06,148,66.86,36.16,14.96,-52.37
BTCUSDT,2023-08-17,120,0.5,2023-08-17 21:44:47.999000+00:00,2023-08-17 21:47:11.999000+00:00,-1,-125.1,-104.1,144,103.4,72.76,14.95,4.219
BTCUSDT,2023-08-17,120,2,2023-08-17 21:44:47.999000+00:00,2023-08-17 21:47:11.999000+00:00,-1,-125.1,-89.62,144,85.19,54.52,14.96,-10.3
BTCUSDT,2023-08-17,120,10,2023-08-17 21:44:47.999000+00:00,2023-08-17 21:47:11.999000+00:00,-1,-125.1,-94.63,144,89.46,58.86,14.95,-5.286
BTCUSDT,2023-10-16,40,0.5,2023-10-16 13:30:31.999000+00:00,2023-10-16 13:32:03.999000+00:00,1,40.7,30.07,92,23.38,-6.334,15.02,-31.98
BTCUSDT,2023-10-16,40,2,2023-10-16 13:30:31.999000+00:00,2023-10-16 13:32:03.999000+00:00,1,40.7,56.32,92,51.03,21.35,15.03,-5.732
BTCUSDT,2023-10-16,40,10,2023-10-16 13:30:31.999000+00:00,2023-10-16 13:32:03.999000+00:00,1,40.7,34.7,92,31.41,1.727,15.02,-27.35
BTCUSDT,2023-10-16,60,0.5,2023-10-16 13:30:34.999000+00:00,2023-10-16 13:32:03.999000+00:00,1,60.68,63.33,89,56.66,26.96,15.03,1.276
BTCUSDT,2023-10-16,60,2,2023-10-16 13:30:34.999000+00:00,2023-10-16 13:32:03.999000+00:00,1,60.68,32,89,26.72,-2.917,15.02,-30.06
BTCUSDT,2023-10-16,60,10,2023-10-16 13:30:34.999000+00:00,2023-10-16 13:32:03.999000+00:00,1,60.68,31.36,89,28.05,-1.667,15.02,-30.7
BTCUSDT,2023-10-23,40,0.5,2023-10-23 22:42:49.999000+00:00,2023-10-23 22:43:29.999000+00:00,1,69.12,43.5,40,28.17,-1.536,15.02,-18.88
BTCUSDT,2023-10-23,40,2,2023-10-23 22:42:49.999000+00:00,2023-10-23 22:43:29.999000+00:00,1,69.12,55.55,40,37.87,8.033,15.03,-6.837
BTCUSDT,2023-10-23,40,10,2023-10-23 22:42:49.999000+00:00,2023-10-23 22:43:29.999000+00:00,1,69.12,14.05,40,4.529,-25.47,15.01,-48.34
BTCUSDT,2023-10-23,60,0.5,2023-10-23 22:42:49.999000+00:00,2023-10-23 22:43:29.999000+00:00,1,69.12,43.5,40,28.17,-1.536,15.02,-18.88
BTCUSDT,2023-10-23,60,2,2023-10-23 22:42:49.999000+00:00,2023-10-23 22:43:29.999000+00:00,1,69.12,55.55,40,37.87,8.033,15.03,-6.837
BTCUSDT,2023-10-23,60,10,2023-10-23 22:42:49.999000+00:00,2023-10-23 22:43:29.999000+00:00,1,69.12,14.05,40,4.529,-25.47,15.01,-48.34
BTCUSDT,2024-02-27,40,0.5,2024-02-27 02:08:02.999000+00:00,2024-02-27 04:03:45.999000+00:00,1,44.04,48.58,6943,39.98,10.31,15.02,-15.56
BTCUSDT,2024-02-27,40,2,2024-02-27 02:08:02.999000+00:00,2024-02-27 04:03:45.999000+00:00,1,44.04,49.13,6943,38.67,9.031,15.02,-15.01
BTCUSDT,2024-02-27,40,10,2024-02-27 02:08:02.999000+00:00,2024-02-27 04:03:45.999000+00:00,1,44.04,33.31,6943,20.47,-9.297,15.02,-30.83
BTCUSDT,2024-02-27,60,0.5,2024-02-27 02:08:05.999000+00:00,2024-02-27 04:03:45.999000+00:00,1,60.46,38.73,6940,30.12,0.4489,15.02,-3.893
BTCUSDT,2024-02-27,60,2,2024-02-27 02:08:05.999000+00:00,2024-02-27 04:03:45.999000+00:00,1,60.46,38.2,6940,27.75,-1.871,15.02,-4.423
BTCUSDT,2024-02-27,60,10,2024-02-27 02:08:05.999000+00:00,2024-02-27 04:03:45.999000+00:00,1,60.46,42.5,6940,29.69,-0.03924,15.02,-0.1211
BTCUSDT,2024-02-28,40,0.5,2024-02-28 17:14:38.999000+00:00,2024-02-28 17:25:58.999000+00:00,1,44.35,49.98,680,27.6,-1.922,15.02,-22.04
BTCUSDT,2024-02-28,40,2,2024-02-28 17:14:38.999000+00:00,2024-02-28 17:25:58.999000+00:00,1,44.35,68.71,680,54.01,24.53,15.03,-3.31
BTCUSDT,2024-02-28,40,10,2024-02-28 17:14:38.999000+00:00,2024-02-28 17:25:58.999000+00:00,1,44.35,48.18,680,21.56,-8.039,15.02,-23.83
BTCUSDT,2024-02-28,60,0.5,2024-02-28 17:14:40.999000+00:00,2024-02-28 17:25:58.999000+00:00,1,64.08,60.51,678,38.14,8.619,15.03,-0.6894
BTCUSDT,2024-02-28,60,2,2024-02-28 17:14:40.999000+00:00,2024-02-28 17:25:58.999000+00:00,1,64.08,62.52,678,47.8,18.3,15.03,1.32
BTCUSDT,2024-02-28,60,10,2024-02-28 17:14:40.999000+00:00,2024-02-28 17:25:58.999000+00:00,1,64.08,48.96,678,22.34,-7.256,15.02,-12.24
BTCUSDT,2024-11-10,40,0.5,2024-11-10 04:53:57.999000+00:00,2024-11-10 05:14:15.999000+00:00,1,41.47,52.19,1218,43.86,13.86,15.03,-11.73
BTCUSDT,2024-11-10,40,2,2024-11-10 04:53:57.999000+00:00,2024-11-10 05:14:15.999000+00:00,1,41.47,61.96,1218,54.84,24.85,15.03,-1.966
BTCUSDT,2024-11-10,40,10,2024-11-10 04:53:57.999000+00:00,2024-11-10 05:14:15.999000+00:00,1,41.47,21.39,1218,14.58,-15.47,15.01,-42.54
BTCUSDT,2024-11-10,60,0.5,2024-11-10 04:53:59.999000+00:00,2024-11-10 05:14:15.999000+00:00,1,62.2,63.76,1216,55.42,25.39,15.03,1.82
BTCUSDT,2024-11-10,60,2,2024-11-10 04:53:59.999000+00:00,2024-11-10 05:14:15.999000+00:00,1,62.2,42.62,1216,35.47,5.418,15.02,-19.32
BTCUSDT,2024-11-10,60,10,2024-11-10 04:53:59.999000+00:00,2024-11-10 05:14:15.999000+00:00,1,62.2,15.96,1216,9.154,-20.91,15.01,-45.98
BTCUSDT,2024-08-05,40,0.5,2024-08-05 14:43:09.999000+00:00,2024-08-05 14:44:32.999000+00:00,-1,-45.34,-28.11,83,25.17,-4.751,14.99,2.258
BTCUSDT,2024-08-05,40,2,2024-08-05 14:43:09.999000+00:00,2024-08-05 14:44:32.999000+00:00,-1,-45.34,-23.88,83,23.13,-6.785,14.99,-1.964
BTCUSDT,2024-08-05,40,10,2024-08-05 14:43:09.999000+00:00,2024-08-05 14:44:32.999000+00:00,-1,-45.34,-4.36,83,0.9197,-29.02,15,-21.49
BTCUSDT,2024-12-05,40,0.5,2024-12-05 02:33:59.999000+00:00,2024-12-05 04:37:07.999000+00:00,1,41.06,46.55,7388,33.56,3.156,15.02,-25.85
BTCUSDT,2024-12-05,40,0.5,2024-12-05 22:26:44.999000+00:00,2024-12-05 22:32:13.999000+00:00,-1,-44.03,-12.46,329,11.06,-18.57,14.99,-127.7
BTCUSDT,2024-12-05,40,2,2024-12-05 02:33:59.999000+00:00,2024-12-05 04:37:07.999000+00:00,1,41.06,42.93,7388,30.8,0.392,15.02,-29.47
BTCUSDT,2024-12-05,40,2,2024-12-05 22:26:44.999000+00:00,2024-12-05 22:32:13.999000+00:00,-1,-44.03,-18.1,329,15.93,-13.7,14.99,-122
BTCUSDT,2024-12-05,40,10,2024-12-05 02:33:59.999000+00:00,2024-12-05 04:37:07.999000+00:00,1,41.06,38.74,7388,25.54,-4.863,15.02,-33.66
BTCUSDT,2024-12-05,40,10,2024-12-05 22:26:44.999000+00:00,2024-12-05 22:32:13.999000+00:00,-1,-44.03,-1.931,329,-1.308,-31.1,15,-138.2
BTCUSDT,2024-12-05,60,0.5,2024-12-05 02:42:42.999000+00:00,2024-12-05 04:37:07.999000+00:00,1,60.84,62.67,6865,49.86,19.65,15.03,-9.723
BTCUSDT,2024-12-05,60,0.5,2024-12-05 22:28:24.999000+00:00,2024-12-05 22:32:13.999000+00:00,-1,-77.75,-39.16,229,37.68,7.162,14.98,-101
BTCUSDT,2024-12-05,60,2,2024-12-05 02:42:42.999000+00:00,2024-12-05 04:37:07.999000+00:00,1,60.84,59.01,6865,47.03,16.8,15.03,-13.38
BTCUSDT,2024-12-05,60,2,2024-12-05 22:28:24.999000+00:00,2024-12-05 22:32:13.999000+00:00,-1,-77.75,-32.57,229,30.27,-0.2736,14.98,-107.5
BTCUSDT,2024-12-05,60,10,2024-12-05 02:42:42.999000+00:00,2024-12-05 04:37:07.999000+00:00,1,60.84,67.47,6865,54.44,24.23,15.03,-4.925
BTCUSDT,2024-12-05,60,10,2024-12-05 22:28:24.999000+00:00,2024-12-05 22:32:13.999000+00:00,-1,-77.75,-121.6,229,118.1,87.46,14.94,-18.55
BTCUSDT,2024-12-05,80,0.5,2024-12-05 22:28:27.999000+00:00,2024-12-05 22:32:13.999000+00:00,-1,-104.2,-65.3,226,63.81,33.26,14.97,-74.82
BTCUSDT,2024-12-05,80,2,2024-12-05 22:28:27.999000+00:00,2024-12-05 22:32:13.999000+00:00,-1,-104.2,-77.94,226,75.63,45.04,14.96,-62.18
BTCUSDT,2024-12-05,80,10,2024-12-05 22:28:27.999000+00:00,2024-12-05 22:32:13.999000+00:00,-1,-104.2,-108.8,226,105.4,74.62,14.95,-31.3
BTCUSDT,2024-12-05,120,0.5,2024-12-05 22:28:34.999000+00:00,2024-12-05 22:32:13.999000+00:00,-1,-123.9,-117.2,219,115.7,85.03,14.94,-22.91
BTCUSDT,2024-12-05,120,2,2024-12-05 22:28:34.999000+00:00,2024-12-05 22:32:13.999000+00:00,-1,-123.9,-103.8,219,101.5,70.75,14.95,-36.3
BTCUSDT,2024-12-05,120,10,2024-12-05 22:28:34.999000+00:00,2024-12-05 22:32:13.999000+00:00,-1,-123.9,-24.66,219,21.22,-9.507,14.99,-115.5
BTCUSDT,2026-08-19,40,0.5,2026-08-19 15:27:44.999000+00:00,2026-08-19 16:15:01.999000+00:00,1,45.65,35.83,2837,39.61,9.706,15.02,-9.356
BTCUSDT,2026-08-19,40,2,2026-08-19 15:27:44.999000+00:00,2026-08-19 16:15:01.999000+00:00,1,45.65,11.74,2837,14.51,-15.33,15.01,-33.45
BTCUSDT,2026-08-19,40,10,2026-08-19 15:27:44.999000+00:00,2026-08-19 16:15:01.999000+00:00,1,45.65,45.17,2837,47.97,18.2,15.02,-0.01441
ETHUSDT,2022-01-21,40,0.5,2022-01-21 21:32:28.999000+00:00,2022-01-21 21:32:48.999000+00:00,-1,-48.6,-32.54,20,34.35,4.397,14.98,17.59
ETHUSDT,2022-01-21,40,2,2022-01-21 21:32:28.999000+00:00,2022-01-21 21:32:48.999000+00:00,-1,-48.6,-11.11,20,12.56,-17.42,14.99,-3.841
ETHUSDT,2022-01-21,40,10,2022-01-21 21:32:28.999000+00:00,2022-01-21 21:32:48.999000+00:00,-1,-48.6,-5.822,20,6.307,-23.71,15,-9.128
ETHUSDT,2022-01-24,40,0.5,2022-01-24 10:06:40.999000+00:00,2022-01-24 10:06:58.999000+00:00,-1,-144.3,-18.78,18,21.81,-8.138,14.99,-8.002
ETHUSDT,2022-01-24,40,0.5,2022-01-24 15:10:54.999000+00:00,2022-01-24 15:11:00.999000+00:00,-1,-40.85,-4.559,6,5.802,-24.19,15,1.98
ETHUSDT,2022-01-24,40,0.5,2022-01-24 15:25:09.999000+00:00,2022-01-24 15:25:23.999000+00:00,1,73.28,43.47,14,41.4,11.27,15.02,-6.757
ETHUSDT,2022-01-24,40,2,2022-01-24 10:06:40.999000+00:00,2022-01-24 10:06:58.999000+00:00,-1,-144.3,-25.03,18,25.29,-4.693,14.99,-1.754
ETHUSDT,2022-01-24,40,2,2022-01-24 15:10:54.999000+00:00,2022-01-24 15:11:00.999000+00:00,-1,-40.85,-3.222,6,1.841,-28.14,15,0.6433
ETHUSDT,2022-01-24,40,2,2022-01-24 15:25:09.999000+00:00,2022-01-24 15:25:23.999000+00:00,1,73.28,45.68,14,41.58,11.48,15.02,-4.546
ETHUSDT,2022-01-24,40,10,2022-01-24 10:06:40.999000+00:00,2022-01-24 10:06:58.999000+00:00,-1,-144.3,-11.72,18,9.205,-20.75,14.99,-15.06
ETHUSDT,2022-01-24,40,10,2022-01-24 15:10:54.999000+00:00,2022-01-24 15:11:00.999000+00:00,-1,-40.85,-4.976,6,5.851,-24.14,15,2.397
ETHUSDT,2022-01-24,40,10,2022-01-24 15:25:09.999000+00:00,2022-01-24 15:25:23.999000+00:00,1,73.28,7.708,14,3.451,-26.57,15,-42.52
ETHUSDT,2022-01-24,60,0.5,2022-01-24 10:06:40.999000+00:00,2022-01-24 10:06:58.999000+00:00,-1,-144.3,-18.78,18,21.81,-8.138,14.99,-8.002
ETHUSDT,2022-01-24,60,0.5,2022-01-24 15:25:09.999000+00:00,2022-01-24 15:25:23.999000+00:00,1,73.28,43.47,14,41.4,11.27,15.02,-6.757
ETHUSDT,2022-01-24,60,2,2022-01-24 10:06:40.999000+00:00,2022-01-24 10:06:58.999000+00:00,-1,-144.3,-25.03,18,25.29,-4.693,14.99,-1.754
ETHUSDT,2022-01-24,60,2,2022-01-24 15:25:09.999000+00:00,2022-01-24 15:25:23.999000+00:00,1,73.28,45.68,14,41.58,11.48,15.02,-4.546
ETHUSDT,2022-01-24,60,10,2022-01-24 10:06:40.999000+00:00,2022-01-24 10:06:58.999000+00:00,-1,-144.3,-11.72,18,9.205,-20.75,14.99,-15.06
ETHUSDT,2022-01-24,60,10,2022-01-24 15:25:09.999000+00:00,2022-01-24 15:25:23.999000+00:00,1,73.28,7.708,14,3.451,-26.57,15,-42.52
ETHUSDT,2022-01-24,80,0.5,2022-01-24 10:06:40.999000+00:00,2022-01-24 10:06:58.999000+00:00,-1,-144.3,-18.78,18,21.81,-8.138,14.99,-8.002
ETHUSDT,2022-01-24,80,2,2022-01-24 10:06:40.999000+00:00,2022-01-24 10:06:58.999000+00:00,-1,-144.3,-25.03,18,25.29,-4.693,14.99,-1.754
ETHUSDT,2022-01-24,80,10,2022-01-24 10:06:40.999000+00:00,2022-01-24 10:06:58.999000+00:00,-1,-144.3,-11.72,18,9.205,-20.75,14.99,-15.06
ETHUSDT,2022-01-24,120,0.5,2022-01-24 10:06:40.999000+00:00,2022-01-24 10:06:58.999000+00:00,-1,-144.3,-18.78,18,21.81,-8.138,14.99,-8.002
ETHUSDT,2022-01-24,120,2,2022-01-24 10:06:40.999000+00:00,2022-01-24 10:06:58.999000+00:00,-1,-144.3,-25.03,18,25.29,-4.693,14.99,-1.754
ETHUSDT,2022-01-24,120,10,2022-01-24 10:06:40.999000+00:00,2022-01-24 10:06:58.999000+00:00,-1,-144.3,-11.72,18,9.205,-20.75,14.99,-15.06
ETHUSDT,2022-06-11,40,0.5,2022-06-11 08:43:27.999000+00:00,2022-06-11 08:44:23.999000+00:00,-1,-40.82,-31.17,56,31.11,1.031,14.98,-23.41
ETHUSDT,2022-06-11,40,2,2022-06-11 08:43:27.999000+00:00,2022-06-11 08:44:23.999000+00:00,-1,-40.82,-13.53,56,13.34,-16.74,14.99,-41.04
ETHUSDT,2022-06-11,40,10,2022-06-11 08:43:27.999000+00:00,2022-06-11 08:44:23.999000+00:00,-1,-40.82,-12.68,56,14.35,-15.7,14.99,-41.89
ETHUSDT,2022-05-11,40,0.5,2022-05-11 12:50:45.999000+00:00,2022-05-11 12:51:24.999000+00:00,-1,-49.31,-7.474,39,8.62,-21.22,15,-15.46
ETHUSDT,2022-05-11,40,2,2022-05-11 12:50:45.999000+00:00,2022-05-11 12:51:24.999000+00:00,-1,-49.31,-6.373,39,6.189,-23.64,15,-16.56
ETHUSDT,2022-05-11,40,10,2022-05-11 12:50:45.999000+00:00,2022-05-11 12:51:24.999000+00:00,-1,-49.31,-10.05,39,-2.433,-32.24,14.99,-12.88
ETHUSDT,2022-05-12,40,0.5,2022-05-12 04:23:22.999000+00:00,2022-05-12 04:30:35.999000+00:00,-1,-53.45,-52.46,433,44.57,13.87,14.97,-31.2
ETHUSDT,2022-05-12,40,0.5,2022-05-12 07:15:22.999000+00:00,2022-05-12 07:25:52.999000+00:00,-1,-41.02,-59.35,630,32.64,2.04,14.97,-42.45
ETHUSDT,2022-05-12,40,2,2022-05-12 04:23:22.999000+00:00,2022-05-12 04:30:35.999000+00:00,-1,-53.45,-69.02,433,54.1,23.36,14.97,-14.64
ETHUSDT,2022-05-12,40,2,2022-05-12 07:15:22.999000+00:00,2022-05-12 07:25:52.999000+00:00,-1,-41.02,-56.21,630,31.54,0.9184,14.97,-45.59
ETHUSDT,2022-05-12,40,10,2022-05-12 04:23:22.999000+00:00,2022-05-12 04:30:35.999000+00:00,-1,-53.45,-36.57,433,18.87,-11.83,14.98,-47.09
ETHUSDT,2022-05-12,40,10,2022-05-12 07:15:22.999000+00:00,2022-05-12 07:25:52.999000+00:00,-1,-41.02,-51.82,630,21.88,-8.819,14.97,-49.98
ETHUSDT,2022-05-12,60,0.5,2022-05-12 04:23:24.999000+00:00,2022-05-12 04:30:35.999000+00:00,-1,-63.15,-47.28,431,39.38,8.641,14.98,-36.38
ETHUSDT,2022-05-12,60,0.5,2022-05-12 07:16:46.999000+00:00,2022-05-12 07:25:52.999000+00:00,-1,-60.39,-73.2,546,46.35,15.68,14.96,-28.59
ETHUSDT,2022-05-12,60,2,2022-05-12 04:23:24.999000+00:00,2022-05-12 04:30:35.999000+00:00,-1,-63.15,-50.93,431,36.05,5.336,14.97,-32.73
ETHUSDT,2022-05-12,60,2,2022-05-12 07:16:46.999000+00:00,2022-05-12 07:25:52.999000+00:00,-1,-60.39,-77.87,546,53.09,22.4,14.96,-23.92
ETHUSDT,2022-05-12,60,10,2022-05-12 04:23:24.999000+00:00,2022-05-12 04:30:35.999000+00:00,-1,-63.15,-36.17,431,18.48,-12.2,14.98,-47.49
ETHUSDT,2022-05-12,60,10,2022-05-12 07:16:46.999000+00:00,2022-05-12 07:25:52.999000+00:00,-1,-60.39,-93.37,546,63.34,32.61,14.95,-8.424
ETHUSDT,2022-05-12,80,0.5,2022-05-12 07:17:00.999000+00:00,2022-05-12 07:25:52.999000+00:00,-1,-83.23,-96.1,532,69.22,38.53,14.95,-0.1083
ETHUSDT,2022-05-12,80,2,2022-05-12 07:17:00.999000+00:00,2022-05-12 07:25:52.999000+00:00,-1,-83.23,-94.41,532,69.58,38.87,14.95,-1.799
ETHUSDT,2022-05-12,80,10,2022-05-12 07:17:00.999000+00:00,2022-05-12 07:25:52.999000+00:00,-1,-83.23,-81.3,532,51.31,20.59,14.96,-14.91
ETHUSDT,2022-06-13,40,0.5,2022-06-13 12:13:32.999000+00:00,2022-06-13 12:13:36.999000+00:00,-1,-79.05,-3.448,4,0.7218,-29.28,15,-1.36
ETHUSDT,2022-06-13,40,2,2022-06-13 12:13:32.999000+00:00,2022-06-13 12:13:36.999000+00:00,-1,-79.05,-2.886,4,-3.848,-33.86,15,-1.922
ETHUSDT,2022-06-13,40,10,2022-06-13 12:13:32.999000+00:00,2022-06-13 12:13:36.999000+00:00,-1,-79.05,-1.998,4,1.918,-28.05,15,-2.81
ETHUSDT,2022-06-13,60,0.5,2022-06-13 12:13:32.999000+00:00,2022-06-13 12:13:36.999000+00:00,-1,-79.05,-3.448,4,0.7218,-29.28,15,-1.36
ETHUSDT,2022-06-13,60,2,2022-06-13 12:13:32.999000+00:00,2022-06-13 12:13:36.999000+00:00,-1,-79.05,-2.886,4,-3.848,-33.86,15,-1.922
ETHUSDT,2022-06-13,60,10,2022-06-13 12:13:32.999000+00:00,2022-06-13 12:13:36.999000+00:00,-1,-79.05,-1.998,4,1.918,-28.05,15,-2.81
ETHUSDT,2022-06-15,40,0.5,2022-06-15 18:01:21.999000+00:00,2022-06-15 18:01:27.999000+00:00,-1,-43.07,-5.52,6,19.91,-10.32,15,-3.972
ETHUSDT,2022-06-15,40,2,2022-06-15 18:01:21.999000+00:00,2022-06-15 18:01:27.999000+00:00,-1,-43.07,-16.19,6,10.5,-19.74,14.99,6.702
ETHUSDT,2022-06-15,40,10,2022-06-15 18:01:21.999000+00:00,2022-06-15 18:01:27.999000+00:00,-1,-43.07,-1.163,6,12.26,-17.76,15,-8.33
ETHUSDT,2022-07-16,40,0.5,2022-07-16 16:14:07.999000+00:00,2022-07-16 16:14:27.999000+00:00,1,59.25,22.15,20,3.644,-26.99,15.01,-20.05
ETHUSDT,2022-07-16,40,2,2022-07-16 16:14:07.999000+00:00,2022-07-16 16:14:27.999000+00:00,1,59.25,7.797,20,-6.412,-37.02,15,-34.41
ETHUSDT,2022-07-16,40,10,2022-07-16 16:14:07.999000+00:00,2022-07-16 16:14:27.999000+00:00,1,59.25,12.1,20,4.511,-25.62,15.01,-30.11
ETHUSDT,2022-08-26,40,0.5,2022-08-26 23:12:30.999000+00:00,2022-08-26 23:12:37.999000+00:00,-1,-42.3,-12.45,7,6.682,-23.38,14.99,1.763
ETHUSDT,2022-08-26,40,2,2022-08-26 23:12:30.999000+00:00,2022-08-26 23:12:37.999000+00:00,-1,-42.3,-7.268,7,0.6547,-29.38,15,-3.416
ETHUSDT,2022-08-26,40,10,2022-08-26 23:12:30.999000+00:00,2022-08-26 23:12:37.999000+00:00,-1,-42.3,-6.203,7,-1.485e-12,-30.01,15,-4.481
ETHUSDT,2022-10-13,40,0.5,2022-10-13 12:30:10.999000+00:00,2022-10-13 12:30:20.999000+00:00,-1,-66,-14.21,10,13.71,-16.32,14.99,-38.72
ETHUSDT,2022-10-13,40,0.5,2022-10-13 12:30:53.999000+00:00,2022-10-13 12:31:04.999000+00:00,-1,-43.48,-21.85,11,3.951,-26.14,14.99,-64.02
ETHUSDT,2022-10-13,40,2,2022-10-13 12:30:10.999000+00:00,2022-10-13 12:30:20.999000+00:00,-1,-66,-11.63,10,13.21,-16.85,14.99,-41.31
ETHUSDT,2022-10-13,40,2,2022-10-13 12:30:53.999000+00:00,2022-10-13 12:31:04.999000+00:00,-1,-43.48,-29.93,11,21.19,-8.924,14.99,-55.94
ETHUSDT,2022-10-13,40,10,2022-10-13 12:30:10.999000+00:00,2022-10-13 12:30:20.999000+00:00,-1,-66,-3.892,10,2.484,-27.49,15,-49.04
ETHUSDT,2022-10-13,40,10,2022-10-13 12:30:53.999000+00:00,2022-10-13 12:31:04.999000+00:00,-1,-43.48,-47.62,11,40.92,10.94,14.98,-38.26
ETHUSDT,2022-10-13,60,0.5,2022-10-13 12:30:10.999000+00:00,2022-10-13 12:30:20.999000+00:00,-1,-66,-14.21,10,13.71,-16.32,14.99,-38.72
ETHUSDT,2022-10-13,60,0.5,2022-10-13 12:31:03.999000+00:00,2022-10-13 12:31:04.999000+00:00,-1,-84.86,-14.18,1,-3.692,-33.76,14.99,14.01
ETHUSDT,2022-10-13,60,2,2022-10-13 12:30:10.999000+00:00,2022-10-13 12:30:20.999000+00:00,-1,-66,-11.63,10,13.21,-16.85,14.99,-41.31
ETHUSDT,2022-10-13,60,2,2022-10-13 12:31:03.999000+00:00,2022-10-13 12:31:04.999000+00:00,-1,-84.86,-9.852,1,1.169,-28.85,15,9.685
ETHUSDT,2022-10-13,60,10,2022-10-13 12:30:10.999000+00:00,2022-10-13 12:30:20.999000+00:00,-1,-66,-3.892,10,2.484,-27.49,15,-49.04
ETHUSDT,2022-10-13,60,10,2022-10-13 12:31:03.999000+00:00,2022-10-13 12:31:04.999000+00:00,-1,-84.86,-21.29,1,14.61,-15.35,14.99,21.13
ETHUSDT,2022-10-13,80,0.5,2022-10-13 12:31:03.999000+00:00,2022-10-13 12:31:04.999000+00:00,-1,-84.86,-14.18,1,-3.692,-33.76,14.99,14.01
ETHUSDT,2022-10-13,80,2,2022-10-13 12:31:03.999000+00:00,2022-10-13 12:31:04.999000+00:00,-1,-84.86,-9.852,1,1.169,-28.85,15,9.685
ETHUSDT,2022-10-13,80,10,2022-10-13 12:31:03.999000+00:00,2022-10-13 12:31:04.999000+00:00,-1,-84.86,-21.29,1,14.61,-15.35,14.99,21.13
ETHUSDT,2022-09-15,40,0.5,2022-09-15 03:03:13.999000+00:00,2022-09-15 06:06:20.999000+00:00,1,50.88,-38.04,10987,-70.95,-100.9,14.98,-87.3
ETHUSDT,2022-09-15,40,0.5,2022-09-15 06:43:38.999000+00:00,2022-09-15 06:43:47.999000+00:00,1,43.43,69.56,9,26.19,-3.682,15.03,-6.005
ETHUSDT,2022-09-15,40,2,2022-09-15 03:03:13.999000+00:00,2022-09-15 06:06:20.999000+00:00,1,50.88,-42.14,10987,-75.17,-105.1,14.98,-91.41
ETHUSDT,2022-09-15,40,2,2022-09-15 06:43:38.999000+00:00,2022-09-15 06:43:47.999000+00:00,1,43.43,83.62,9,42.43,12.49,15.04,8.05
ETHUSDT,2022-09-15,40,10,2022-09-15 03:03:13.999000+00:00,2022-09-15 06:06:20.999000+00:00,1,50.88,-37.62,10987,-71.93,-101.9,14.98,-86.88
ETHUSDT,2022-09-15,40,10,2022-09-15 06:43:38.999000+00:00,2022-09-15 06:43:47.999000+00:00,1,43.43,40.55,9,-4.13,-34.19,15.02,-35.02
ETHUSDT,2022-09-15,60,0.5,2022-09-15 03:14:38.999000+00:00,2022-09-15 06:06:20.999000+00:00,1,61.69,-11.11,10302,-44.2,-74.25,14.99,-60.38
ETHUSDT,2022-09-15,60,2,2022-09-15 03:14:38.999000+00:00,2022-09-15 06:06:20.999000+00:00,1,61.69,-10.73,10302,-43.94,-73.98,14.99,-60
ETHUSDT,2022-09-15,60,10,2022-09-15 03:14:38.999000+00:00,2022-09-15 06:06:20.999000+00:00,1,61.69,-11.06,10302,-45.54,-75.59,14.99,-60.32
ETHUSDT,2022-09-15,80,0.5,2022-09-15 03:17:09.999000+00:00,2022-09-15 06:06:20.999000+00:00,1,82.98,13.25,10151,-20,-50.12,15.01,-36.02
ETHUSDT,2022-09-15,80,2,2022-09-15 03:17:09.999000+00:00,2022-09-15 06:06:20.999000+00:00,1,82.98,12.6,10151,-20.73,-50.84,15.01,-36.66
ETHUSDT,2022-09-15,80,10,2022-09-15 03:17:09.999000+00:00,2022-09-15 06:06:20.999000+00:00,1,82.98,6.427,10151,-28.17,-58.27,15,-42.84
ETHUSDT,2022-09-21,40,0.5,2022-09-21 18:00:27.999000+00:00,2022-09-21 18:00:44.999000+00:00,-1,-42.21,-44.31,17,36.02,5.952,14.98,-27.68
ETHUSDT,2022-09-21,40,0.5,2022-09-21 18:02:25.999000+00:00,2022-09-21 18:02:26.999000+00:00,-1,-56.2,-3.881,1,5.712,-24.42,15,30.63
ETHUSDT,2022-09-21,40,2,2022-09-21 18:00:27.999000+00:00,2022-09-21 18:00:44.999000+00:00,-1,-42.21,-22.19,17,18.47,-11.75,14.99,-49.81
ETHUSDT,2022-09-21,40,2,2022-09-21 18:02:25.999000+00:00,2022-09-21 18:02:26.999000+00:00,-1,-56.2,-4.514,1,-3.422,-33.38,15,31.26
ETHUSDT,2022-09-21,40,10,2022-09-21 18:00:27.999000+00:00,2022-09-21 18:00:44.999000+00:00,-1,-42.21,-34.53,17,26.52,-3.707,14.98,-37.47
ETHUSDT,2022-09-21,40,10,2022-09-21 18:02:25.999000+00:00,2022-09-21 18:02:26.999000+00:00,-1,-56.2,19.66,1,-4.588,-34.6,15.01,7.079
ETHUSDT,2022-09-21,60,0.5,2022-09-21 18:00:33.999000+00:00,2022-09-21 18:00:44.999000+00:00,-1,-71.77,-35.77,11,27.36,-2.93,14.98,-7.807
ETHUSDT,2022-09-21,60,2,2022-09-21 18:00:33.999000+00:00,2022-09-21 18:00:44.999000+00:00,-1,-71.77,-37.02,11,33.26,2.922,14.98,-6.557
ETHUSDT,2022-09-21,60,10,2022-09-21 18:00:33.999000+00:00,2022-09-21 18:00:44.999000+00:00,-1,-71.77,-6.101,11,-1.808,-31.87,15,-37.47
ETHUSDT,2022-10-25,40,0.5,2022-10-25 17:00:24.999000+00:00,2022-10-25 17:01:30.999000+00:00,1,41.29,28.75,66,32.5,2.265,15.01,-81.52
ETHUSDT,2022-10-25,40,2,2022-10-25 17:00:24.999000+00:00,2022-10-25 17:01:30.999000+00:00,1,41.29,13.6,66,12.65,-17.51,15.01,-96.67
ETHUSDT,2022-10-25,40,10,2022-10-25 17:00:24.999000+00:00,2022-10-25 17:01:30.999000+00:00,1,41.29,27.63,66,26.16,-3.715,15.01,-82.64
ETHUSDT,2022-10-25,60,0.5,2022-10-25 17:00:42.999000+00:00,2022-10-25 17:01:30.999000+00:00,1,65.14,41.39,48,44.99,15.39,15.02,-68.88
ETHUSDT,2022-10-25,60,2,2022-10-25 17:00:42.999000+00:00,2022-10-25 17:01:30.999000+00:00,1,65.14,27.89,48,26.97,-2.554,15.01,-82.38
ETHUSDT,2022-10-25,60,10,2022-10-25 17:00:42.999000+00:00,2022-10-25 17:01:30.999000+00:00,1,65.14,99.57,48,98.11,68.29,15.05,-10.69
ETHUSDT,2022-10-25,80,0.5,2022-10-25 17:00:48.999000+00:00,2022-10-25 17:01:30.999000+00:00,1,92.76,94.69,42,98.31,68.58,15.05,-15.58
ETHUSDT,2022-10-25,80,2,2022-10-25 17:00:48.999000+00:00,2022-10-25 17:01:30.999000+00:00,1,92.76,90.11,42,89.19,59.42,15.05,-20.16
ETHUSDT,2022-10-25,80,10,2022-10-25 17:00:48.999000+00:00,2022-10-25 17:01:30.999000+00:00,1,92.76,74.77,42,73.29,43.4,15.04,-35.5
ETHUSDT,2023-01-14,40,0.5,2023-01-14 00:38:47.999000+00:00,2023-01-14 01:27:36.999000+00:00,1,40.42,26.59,2929,20.54,-9.404,15.01,-98.64
ETHUSDT,2023-01-14,40,2,2023-01-14 00:38:47.999000+00:00,2023-01-14 01:27:36.999000+00:00,1,40.42,48.55,2929,40.27,10.35,15.02,-76.68
ETHUSDT,2023-01-14,40,10,2023-01-14 00:38:47.999000+00:00,2023-01-14 01:27:36.999000+00:00,1,40.42,78.74,2929,71.98,42.16,15.04,-46.5
ETHUSDT,2023-01-14,60,0.5,2023-01-14 00:38:52.999000+00:00,2023-01-14 01:27:36.999000+00:00,1,68.97,67.58,2924,61.57,31.71,15.03,-57.66
ETHUSDT,2023-01-14,60,2,2023-01-14 00:38:52.999000+00:00,2023-01-14 01:27:36.999000+00:00,1,68.97,66.46,2924,58.21,28.34,15.03,-58.77
ETHUSDT,2023-01-14,60,10,2023-01-14 00:38:52.999000+00:00,2023-01-14 01:27:36.999000+00:00,1,68.97,84.08,2924,77.36,47.6,15.04,-41.15
ETHUSDT,2023-01-14,80,0.5,2023-01-14 00:38:58.999000+00:00,2023-01-14 01:27:36.999000+00:00,1,105.2,83.89,2918,77.9,48.09,15.04,-41.35
ETHUSDT,2023-01-14,80,2,2023-01-14 00:38:58.999000+00:00,2023-01-14 01:27:36.999000+00:00,1,105.2,81.04,2918,72.83,43.04,15.04,-44.2
ETHUSDT,2023-01-14,80,10,2023-01-14 00:38:58.999000+00:00,2023-01-14 01:27:36.999000+00:00,1,105.2,70.43,2918,63.69,33.92,15.04,-54.81
ETHUSDT,2023-01-14,120,0.5,2023-01-14 00:40:23.999000+00:00,2023-01-14 01:27:36.999000+00:00,1,124.3,101.6,2833,95.79,66.42,15.05,-17.34
ETHUSDT,2023-01-14,120,2,2023-01-14 00:40:23.999000+00:00,2023-01-14 01:27:36.999000+00:00,1,124.3,115,2833,107,77.56,15.06,-3.968
ETHUSDT,2023-01-14,120,10,2023-01-14 00:40:23.999000+00:00,2023-01-14 01:27:36.999000+00:00,1,124.3,77.88,2833,71.37,42.1,15.04,-41.06
ETHUSDT,2023-04-14,40,0.5,2023-04-14 00:37:07.999000+00:00,2023-04-14 00:38:48.999000+00:00,1,47.73,48.56,101,48.05,18.43,15.02,-27.52
ETHUSDT,2023-04-14,40,2,2023-04-14 00:37:07.999000+00:00,2023-04-14 00:38:48.999000+00:00,1,47.73,36.56,101,34.65,4.947,15.02,-39.52
ETHUSDT,2023-04-14,40,10,2023-04-14 00:37:07.999000+00:00,2023-04-14 00:38:48.999000+00:00,1,47.73,30.24,101,27.65,-2.177,15.02,-45.85
ETHUSDT,2023-04-14,60,0.5,2023-04-14 00:37:08.999000+00:00,2023-04-14 00:38:48.999000+00:00,1,76.48,39.11,100,38.6,8.919,15.02,-1.985
ETHUSDT,2023-04-14,60,2,2023-04-14 00:37:08.999000+00:00,2023-04-14 00:38:48.999000+00:00,1,76.48,27.97,100,26.06,-3.642,15.01,-13.13
ETHUSDT,2023-04-14,60,10,2023-04-14 00:37:08.999000+00:00,2023-04-14 00:38:48.999000+00:00,1,76.48,26.24,100,23.65,-6.176,15.01,-14.85
ETHUSDT,2022-11-08,40,0.5,2022-11-08 04:11:40.999000+00:00,2022-11-08 04:11:45.999000+00:00,-1,-41.18,-7.734,5,13,-16.99,15,2.452
ETHUSDT,2022-11-08,40,0.5,2022-11-08 19:33:05.999000+00:00,2022-11-08 19:33:12.999000+00:00,-1,-41.21,-11.86,7,-3.294,-33.56,14.99,-10.42
ETHUSDT,2022-11-08,40,2,2022-11-08 04:11:40.999000+00:00,2022-11-08 04:11:45.999000+00:00,-1,-41.18,-7.128,5,9.185,-20.85,15,1.846
ETHUSDT,2022-11-08,40,2,2022-11-08 19:33:05.999000+00:00,2022-11-08 19:33:12.999000+00:00,-1,-41.21,-4.309,7,-33.9,-63.98,15,-17.97
ETHUSDT,2022-11-08,40,10,2022-11-08 04:11:40.999000+00:00,2022-11-08 04:11:45.999000+00:00,-1,-41.18,-4.919,5,0.8881,-29.16,15,-0.3633
ETHUSDT,2022-11-08,40,10,2022-11-08 19:33:05.999000+00:00,2022-11-08 19:33:12.999000+00:00,-1,-41.21,3.733,7,-19.88,-49.82,15,-26.01
ETHUSDT,2022-11-10,40,0.5,2022-11-10 10:10:26.999000+00:00,2022-11-10 10:11:05.999000+00:00,-1,-47.32,-46.9,39,46.15,16.21,14.98,4.283
ETHUSDT,2022-11-10,40,0.5,2022-11-10 13:30:02.999000+00:00,2022-11-10 13:30:03.999000+00:00,-1,-40.28,20.8,1,19.32,-10.74,15.01,24.11
ETHUSDT,2022-11-10,40,0.5,2022-11-10 13:30:29.999000+00:00,2022-11-10 13:30:40.999000+00:00,1,50.75,-2.864,11,-4.217,-34.25,15,-22.78
ETHUSDT,2022-11-10,40,2,2022-11-10 10:10:26.999000+00:00,2022-11-10 10:11:05.999000+00:00,-1,-47.32,-37.75,39,51.97,22.04,14.98,-4.863
ETHUSDT,2022-11-10,40,2,2022-11-10 13:30:02.999000+00:00,2022-11-10 13:30:03.999000+00:00,-1,-40.28,34.18,1,-21.48,-51.6,15.02,10.73
ETHUSDT,2022-11-10,40,2,2022-11-10 13:30:29.999000+00:00,2022-11-10 13:30:40.999000+00:00,1,50.75,5.781,11,8.473,-21.49,15,-14.14
ETHUSDT,2022-11-10,40,10,2022-11-10 10:10:26.999000+00:00,2022-11-10 10:11:05.999000+00:00,-1,-47.32,-34.67,39,30.75,0.7845,14.98,-7.951
ETHUSDT,2022-11-10,40,10,2022-11-10 13:30:02.999000+00:00,2022-11-10 13:30:03.999000+00:00,-1,-40.28,7.014,1,2.312,-27.7,15,37.9
ETHUSDT,2022-11-10,40,10,2022-11-10 13:30:29.999000+00:00,2022-11-10 13:30:40.999000+00:00,1,50.75,4.44,11,-2.616,-32.7,15,-15.48
ETHUSDT,2023-10-01,40,0.5,2023-10-01 22:17:59.999000+00:00,2023-10-01 22:18:05.999000+00:00,1,47.22,8.027,6,4.579,-25.3,15,0.2842
ETHUSDT,2023-10-01,40,2,2023-10-01 22:17:59.999000+00:00,2023-10-01 22:18:05.999000+00:00,1,47.22,7.642,6,1.472,-28.44,15,-0.1009
ETHUSDT,2023-10-01,40,10,2023-10-01 22:17:59.999000+00:00,2023-10-01 22:18:05.999000+00:00,1,47.22,4.909,6,5.708,-24.27,15,-2.834
ETHUSDT,2023-08-17,40,0.5,2023-08-17 21:44:36.999000+00:00,2023-08-17 21:45:34.999000+00:00,-1,-50.8,-51.73,58,46.13,15.9,14.97,-18.06
ETHUSDT,2023-08-17,40,2,2023-08-17 21:44:36.999000+00:00,2023-08-17 21:45:34.999000+00:00,-1,-50.8,-21.88,58,22.82,-7.55,14.99,-47.92
ETHUSDT,2023-08-17,40,10,2023-08-17 21:44:36.999000+00:00,2023-08-17 21:45:34.999000+00:00,-1,-50.8,-36.27,58,22.64,-7.992,14.98,-33.53
ETHUSDT,2023-08-17,60,0.5,2023-08-17 21:44:56.999000+00:00,2023-08-17 21:45:34.999000+00:00,-1,-68.93,-76.42,38,70.74,40.32,14.96,7.504
ETHUSDT,2023-08-17,60,2,2023-08-17 21:44:56.999000+00:00,2023-08-17 21:45:34.999000+00:00,-1,-68.93,-65.48,38,66.43,35.98,14.97,-3.43
ETHUSDT,2023-08-17,60,10,2023-08-17 21:44:56.999000+00:00,2023-08-17 21:45:34.999000+00:00,-1,-68.93,-10.4,38,-3.174,-33.76,14.99,-58.52
ETHUSDT,2023-11-09,40,0.5,2023-11-09 15:01:05.999000+00:00,2023-11-09 16:12:39.999000+00:00,1,43.32,43.81,4294,43.51,13.51,15.02,-11.44
ETHUSDT,2023-11-09,40,2,2023-11-09 15:01:05.999000+00:00,2023-11-09 16:12:39.999000+00:00,1,43.32,36.62,4294,37.37,7.335,15.02,-18.63
ETHUSDT,2023-11-09,40,10,2023-11-09 15:01:05.999000+00:00,2023-11-09 16:12:39.999000+00:00,1,43.32,31.08,4294,24.33,-5.615,15.02,-24.17
ETHUSDT,2024-02-28,40,0.5,2024-02-28 17:12:47.999000+00:00,2024-02-28 17:31:12.999000+00:00,1,42.47,45.02,1105,46.14,16.72,15.02,-5.623
ETHUSDT,2024-02-28,40,2,2024-02-28 17:12:47.999000+00:00,2024-02-28 17:31:12.999000+00:00,1,42.47,43.58,1105,35.75,6.293,15.02,-7.063
ETHUSDT,2024-02-28,40,10,2024-02-28 17:12:47.999000+00:00,2024-02-28 17:31:12.999000+00:00,1,42.47,38.05,1105,31.16,1.682,15.02,-12.59
ETHUSDT,2024-03-05,40,0.5,2024-03-05 04:04:23.999000+00:00,2024-03-05 05:02:54.999000+00:00,1,41.67,36.93,3511,27.12,-2.649,15.02,-5.732
ETHUSDT,2024-03-05,40,0.5,2024-03-05 19:56:55.999000+00:00,2024-03-05 19:57:59.999000+00:00,-1,-41.25,-10.55,64,12.17,-18.38,14.99,-17.37
ETHUSDT,2024-03-05,40,2,2024-03-05 04:04:23.999000+00:00,2024-03-05 05:02:54.999000+00:00,1,41.67,27.77,3511,17.51,-12.28,15.01,-14.89
ETHUSDT,2024-03-05,40,2,2024-03-05 19:56:55.999000+00:00,2024-03-05 19:57:59.999000+00:00,-1,-41.25,-1.937,64,-2.736,-33.04,15,-25.99
ETHUSDT,2024-03-05,40,10,2024-03-05 04:04:23.999000+00:00,2024-03-05 05:02:54.999000+00:00,1,41.67,20.59,3511,10.28,-19.5,15.01,-22.07
ETHUSDT,2024-03-05,40,10,2024-03-05 19:56:55.999000+00:00,2024-03-05 19:57:59.999000+00:00,-1,-41.25,7.121,64,-13.01,-43.35,15,-35.05
ETHUSDT,2024-04-13,40,0.5,2024-04-13 20:09:15.999000+00:00,2024-04-13 20:09:34.999000+00:00,-1,-47.12,-48.83,19,41.95,11.93,14.98,10.51
ETHUSDT,2024-04-13,40,2,2024-04-13 20:09:15.999000+00:00,2024-04-13 20:09:34.999000+00:00,-1,-47.12,-19.17,19,12.52,-17.56,14.99,-19.15
ETHUSDT,2024-04-13,40,10,2024-04-13 20:09:15.999000+00:00,2024-04-13 20:09:34.999000+00:00,-1,-47.12,-26.6,19,20.8,-9.41,14.99,-11.71
ETHUSDT,2024-05-20,40,0.5,2024-05-20 20:35:13.999000+00:00,2024-05-20 20:46:20.999000+00:00,1,51.88,37.75,667,38.25,8.611,15.02,-6.767
ETHUSDT,2024-05-20,40,2,2024-05-20 20:35:13.999000+00:00,2024-05-20 20:46:20.999000+00:00,1,51.88,24,667,22.99,-6.686,15.01,-20.51
ETHUSDT,2024-05-20,40,10,2024-05-20 20:35:13.999000+00:00,2024-05-20 20:46:20.999000+00:00,1,51.88,15.6,667,13.4,-16.36,15.01,-28.91
ETHUSDT,2024-12-09,40,0.5,2024-12-09 21:05:15.999000+00:00,2024-12-09 21:05:37.999000+00:00,-1,-45.56,-46.25,22,48.06,17.8,14.98,9.539
ETHUSDT,2024-12-09,40,2,2024-12-09 21:05:15.999000+00:00,2024-12-09 21:05:37.999000+00:00,-1,-45.56,-11.31,22,11.94,-18.4,14.99,-25.4
ETHUSDT,2024-12-09,40,10,2024-12-09 21:05:15.999000+00:00,2024-12-09 21:05:37.999000+00:00,-1,-45.56,-4.038,22,3.725,-26.51,15,-32.67
ETHUSDT,2024-08-05,40,0.5,2024-08-05 01:08:29.999000+00:00,2024-08-05 01:08:42.999000+00:00,-1,-57.39,-5.609,13,3.13,-26.78,15,-49.02
ETHUSDT,2024-08-05,40,0.5,2024-08-05 01:10:41.999000+00:00,2024-08-05 01:10:57.999000+00:00,-1,-59.24,1.424,16,78.16,48.72,15,-80.79
ETHUSDT,2024-08-05,40,2,2024-08-05 01:08:29.999000+00:00,2024-08-05 01:08:42.999000+00:00,-1,-57.39,-27.04,13,36.21,6.137,14.99,-27.6
ETHUSDT,2024-08-05,40,2,2024-08-05 01:10:41.999000+00:00,2024-08-05 01:10:57.999000+00:00,-1,-59.24,-3.51,16,7.297,-22.37,15,-75.85
ETHUSDT,2024-08-05,40,10,2024-08-05 01:08:29.999000+00:00,2024-08-05 01:08:42.999000+00:00,-1,-57.39,-61.85,13,56.16,25.81,14.97,7.214
ETHUSDT,2024-08-05,40,10,2024-08-05 01:10:41.999000+00:00,2024-08-05 01:10:57.999000+00:00,-1,-59.24,-20.37,16,37.95,7.56,14.99,-58.99
ETHUSDT,2024-08-05,60,0.5,2024-08-05 01:10:52.999000+00:00,2024-08-05 01:10:57.999000+00:00,-1,-79.11,-55.86,5,138.4,108.4,14.97,12.29
ETHUSDT,2024-08-05,60,2,2024-08-05 01:10:52.999000+00:00,2024-08-05 01:10:57.999000+00:00,-1,-79.11,-3.206,5,7.129,-23.06,15,-40.37
ETHUSDT,2024-08-05,60,10,2024-08-05 01:10:52.999000+00:00,2024-08-05 01:10:57.999000+00:00,-1,-79.11,26.85,5,-9.558,-39.73,15.01,-70.43
ETHUSDT,2025-02-03,40,0.5,2025-02-03 01:55:55.999000+00:00,2025-02-03 01:56:04.999000+00:00,-1,-49.28,-34.2,9,26.84,-3.043,14.98,-22.41
ETHUSDT,2025-02-03,40,0.5,2025-02-03 02:07:09.999000+00:00,2025-02-03 02:07:20.999000+00:00,-1,-42.34,-28,11,17.12,-12.71,14.99,-36.72
ETHUSDT,2025-02-03,40,0.5,2025-02-03 02:07:27.999000+00:00,2025-02-03 02:07:47.999000+00:00,-1,-63.36,-55.73,20,63.93,34.44,14.97,-41.73
ETHUSDT,2025-02-03,40,0.5,2025-02-03 02:07:53.999000+00:00,2025-02-03 02:07:55.999000+00:00,-1,-78.31,-54.74,2,53.45,23.48,14.97,31.67
ETHUSDT,2025-02-03,40,0.5,2025-02-03 02:07:58.999000+00:00,2025-02-03 02:08:09.999000+00:00,-1,-57.72,-73.21,11,70.47,40.53,14.96,-37.35
ETHUSDT,2025-02-03,40,2,2025-02-03 01:55:55.999000+00:00,2025-02-03 01:56:04.999000+00:00,-1,-49.28,-26.54,9,30.78,0.6381,14.99,-30.06
ETHUSDT,2025-02-03,40,2,2025-02-03 02:07:09.999000+00:00,2025-02-03 02:07:20.999000+00:00,-1,-42.34,-29.72,11,20.7,-9.216,14.99,-35
ETHUSDT,2025-02-03,40,2,2025-02-03 02:07:27.999000+00:00,2025-02-03 02:07:47.999000+00:00,-1,-63.36,-55.57,20,51.12,21.51,14.97,-41.89
ETHUSDT,2025-02-03,40,2,2025-02-03 02:07:53.999000+00:00,2025-02-03 02:07:55.999000+00:00,-1,-78.31,27.23,2,-48.07,-78.01,15.01,-50.29
ETHUSDT,2025-02-03,40,2,2025-02-03 02:07:58.999000+00:00,2025-02-03 02:08:09.999000+00:00,-1,-57.72,-75.2,11,68.92,38.79,14.96,-35.36
ETHUSDT,2025-02-03,40,10,2025-02-03 01:55:55.999000+00:00,2025-02-03 01:56:04.999000+00:00,-1,-49.28,-4.306,9,7.577,-22.82,15,-52.3
ETHUSDT,2025-02-03,40,10,2025-02-03 02:07:09.999000+00:00,2025-02-03 02:07:20.999000+00:00,-1,-42.34,-10.62,11,-50.42,-80.19,14.99,-54.1
ETHUSDT,2025-02-03,40,10,2025-02-03 02:07:27.999000+00:00,2025-02-03 02:07:47.999000+00:00,-1,-63.36,-42.22,20,21.77,-7.874,14.98,-55.24
ETHUSDT,2025-02-03,40,10,2025-02-03 02:07:53.999000+00:00,2025-02-03 02:07:55.999000+00:00,-1,-78.31,-69.36,2,17.68,-12.21,14.97,46.3
ETHUSDT,2025-02-03,40,10,2025-02-03 02:07:58.999000+00:00,2025-02-03 02:08:09.999000+00:00,-1,-57.72,-9.891,11,20.39,-10.07,15,-100.7
ETHUSDT,2025-02-03,60,0.5,2025-02-03 02:07:14.999000+00:00,2025-02-03 02:07:20.999000+00:00,-1,-64.5,-51.08,6,40.02,9.971,14.97,-13.35
ETHUSDT,2025-02-03,60,0.5,2025-02-03 02:07:27.999000+00:00,2025-02-03 02:07:47.999000+00:00,-1,-63.36,-55.73,20,63.93,34.44,14.97,-41.73
ETHUSDT,2025-02-03,60,0.5,2025-02-03 02:07:53.999000+00:00,2025-02-03 02:07:55.999000+00:00,-1,-78.31,-54.74,2,53.45,23.48,14.97,31.67
ETHUSDT,2025-02-03,60,0.5,2025-02-03 02:07:59.999000+00:00,2025-02-03 02:08:09.999000+00:00,-1,-110.3,-118.8,10,116.1,86.18,14.94,39.22
ETHUSDT,2025-02-03,60,2,2025-02-03 02:07:14.999000+00:00,2025-02-03 02:07:20.999000+00:00,-1,-64.5,-59.4,6,50.25,20.13,14.97,-5.025
ETHUSDT,2025-02-03,60,2,2025-02-03 02:07:27.999000+00:00,2025-02-03 02:07:47.999000+00:00,-1,-63.36,-55.57,20,51.12,21.51,14.97,-41.89
ETHUSDT,2025-02-03,60,2,2025-02-03 02:07:53.999000+00:00,2025-02-03 02:07:55.999000+00:00,-1,-78.31,27.23,2,-48.07,-78.01,15.01,-50.29
ETHUSDT,2025-02-03,60,2,2025-02-03 02:07:59.999000+00:00,2025-02-03 02:08:09.999000+00:00,-1,-110.3,-74.06,10,67.76,37.57,14.96,-5.553
ETHUSDT,2025-02-03,60,10,2025-02-03 02:07:14.999000+00:00,2025-02-03 02:07:20.999000+00:00,-1,-64.5,-13.55,6,-47.16,-76.85,14.99,-50.88
ETHUSDT,2025-02-03,60,10,2025-02-03 02:07:27.999000+00:00,2025-02-03 02:07:47.999000+00:00,-1,-63.36,-42.22,20,21.77,-7.874,14.98,-55.24
ETHUSDT,2025-02-03,60,10,2025-02-03 02:07:53.999000+00:00,2025-02-03 02:07:55.999000+00:00,-1,-78.31,-69.36,2,17.68,-12.21,14.97,46.3
ETHUSDT,2025-02-03,60,10,2025-02-03 02:07:59.999000+00:00,2025-02-03 02:08:09.999000+00:00,-1,-110.3,0.2805,10,10.19,-20.23,15,-79.89
ETHUSDT,2025-02-03,80,0.5,2025-02-03 02:07:32.999000+00:00,2025-02-03 02:07:47.999000+00:00,-1,-97.24,-64.07,15,72.39,42.69,14.97,-5.75
ETHUSDT,2025-02-03,80,0.5,2025-02-03 02:07:59.999000+00:00,2025-02-03 02:08:09.999000+00:00,-1,-110.3,-118.8,10,116.1,86.18,14.94,39.22
ETHUSDT,2025-02-03,80,2,2025-02-03 02:07:32.999000+00:00,2025-02-03 02:07:47.999000+00:00,-1,-97.24,-69.27,15,64.75,34.91,14.97,-0.5505
ETHUSDT,2025-02-03,80,2,2025-02-03 02:07:59.999000+00:00,2025-02-03 02:08:09.999000+00:00,-1,-110.3,-74.06,10,67.76,37.57,14.96,-5.553
ETHUSDT,2025-02-03,80,10,2025-02-03 02:07:32.999000+00:00,2025-02-03 02:07:47.999000+00:00,-1,-97.24,-53.36,15,32.67,2.86,14.97,-16.46
ETHUSDT,2025-02-03,80,10,2025-02-03 02:07:59.999000+00:00,2025-02-03 02:08:09.999000+00:00,-1,-110.3,0.2805,10,10.19,-20.23,15,-79.89
ETHUSDT,2026-01-31,40,0.5,2026-01-31 14:26:47.999000+00:00,2026-01-31 14:26:51.999000+00:00,-1,-51.48,-45.96,4,47.35,17.26,14.98,17.25
ETHUSDT,2026-01-31,40,2,2026-01-31 14:26:47.999000+00:00,2026-01-31 14:26:51.999000+00:00,-1,-51.48,-3.604,4,6.218,-23.93,15,-25.11
ETHUSDT,2026-01-31,40,10,2026-01-31 14:26:47.999000+00:00,2026-01-31 14:26:51.999000+00:00,-1,-51.48,-8.999,4,1.022,-28.97,15,-19.72
ETHUSDT,2025-10-10,40,0.5,2025-10-10 21:16:49.999000+00:00,2025-10-10 21:16:52.999000+00:00,-1,-50.87,-46.93,3,32.5,2.62,14.98,28.07
ETHUSDT,2025-10-10,40,0.5,2025-10-10 21:17:41.999000+00:00,2025-10-10 21:17:42.999000+00:00,1,44.49,10.01,1,69.25,39.37,15.01,34.9
ETHUSDT,2025-10-10,40,0.5,2025-10-10 21:17:43.999000+00:00,2025-10-10 21:17:46.999000+00:00,-1,-52.05,-23.35,3,82.45,52.35,14.99,-32.02
ETHUSDT,2025-10-10,40,0.5,2025-10-10 21:17:58.999000+00:00,2025-10-10 21:18:01.999000+00:00,1,57.43,37.94,3,52.54,22.47,15.02,-59.08
ETHUSDT,2025-10-10,40,0.5,2025-10-10 21:18:19.999000+00:00,2025-10-10 21:18:21.999000+00:00,1,82.86,-32.81,2,-25.27,-55.21,14.98,-138.5
ETHUSDT,2025-10-10,40,0.5,2025-10-10 21:19:30.999000+00:00,2025-10-10 21:19:31.999000+00:00,1,45.69,-25.67,1,-0.6119,-30.59,14.99,-4.819
ETHUSDT,2025-10-10,40,0.5,2025-10-10 21:19:41.999000+00:00,2025-10-10 21:19:49.999000+00:00,-1,-43.97,-42.24,8,-2.099,-32.07,14.98,-33.54
ETHUSDT,2025-10-10,40,0.5,2025-10-10 21:20:05.999000+00:00,2025-10-10 21:20:13.999000+00:00,1,49.67,-160.9,8,-109,-138.7,14.92,-310.8
ETHUSDT,2025-10-10,40,0.5,2025-10-10 21:20:14.999000+00:00,2025-10-10 21:20:26.999000+00:00,-1,-50.04,-50.74,12,48.49,18.56,14.97,-14.68
ETHUSDT,2025-10-10,40,0.5,2025-10-10 21:20:53.999000+00:00,2025-10-10 21:20:59.999000+00:00,-1,-71.52,-45.81,6,38.71,8.631,14.98,-2.895
ETHUSDT,2025-10-10,40,0.5,2025-10-10 21:21:42.999000+00:00,2025-10-10 21:21:53.999000+00:00,1,55.98,7.48,11,13.06,-17.1,15,-38.54
ETHUSDT,2025-10-10,40,0.5,2025-10-10 21:22:01.999000+00:00,2025-10-10 21:22:03.999000+00:00,-1,-55.85,-26.14,2,35.31,5.212,14.99,-6.501
ETHUSDT,2025-10-10,40,0.5,2025-10-10 21:22:17.999000+00:00,2025-10-10 21:22:21.999000+00:00,-1,-51.09,-64.41,4,38.98,9.069,14.97,28.24
ETHUSDT,2025-10-10,40,0.5,2025-10-10 21:22:28.999000+00:00,2025-10-10 21:22:50.999000+00:00,-1,-52.42,-33.14,22,35.06,5.096,14.98,-38.68
ETHUSDT,2025-10-10,40,0.5,2025-10-10 21:23:03.999000+00:00,2025-10-10 21:23:04.999000+00:00,-1,-64.4,1.169,1,-10.25,-40.32,15,-3.646
ETHUSDT,2025-10-10,40,0.5,2025-10-10 21:23:17.999000+00:00,2025-10-10 21:23:28.999000+00:00,-1,-41.83,-39.17,11,26.73,-3.257,14.98,11.98
ETHUSDT,2025-10-10,40,0.5,2025-10-10 21:23:39.999000+00:00,2025-10-10 21:23:43.999000+00:00,-1,-58.42,-80.05,4,59.62,29.58,14.96,40.19
ETHUSDT,2025-10-10,40,0.5,2025-10-10 21:31:43.999000+00:00,2025-10-10 21:31:44.999000+00:00,-1,-46.34,-11.13,1,-0.5801,-30.58,14.99,7.6
ETHUSDT,2025-10-10,40,0.5,2025-10-10 21:33:26.999000+00:00,2025-10-10 21:33:28.999000+00:00,-1,-41.7,-15.62,2,2.004,-27.95,14.99,6.99
ETHUSDT,2025-10-10,40,0.5,2025-10-10 21:46:26.999000+00:00,2025-10-10 21:46:34.999000+00:00,-1,-47.42,-53.39,8,45.15,15.12,14.97,-8.496
ETHUSDT,2025-10-10,40,0.5,2025-10-10 21:46:47.999000+00:00,2025-10-10 21:51:42.999000+00:00,-1,-49.14,-69.19,295,51.94,21.95,14.97,-65.27
ETHUSDT,2025-10-10,40,0.5,2025-10-10 21:51:47.999000+00:00,2025-10-10 21:56:27.999000+00:00,-1,-41.33,-47,280,6.774,-23.4,14.98,-61.13
ETHUSDT,2025-10-10,40,0.5,2025-10-10 21:56:28.999000+00:00,2025-10-10 21:57:56.999000+00:00,-1,-95.68,-76.75,88,60,30.04,14.96,2.089
ETHUSDT,2025-10-10,40,0.5,2025-10-10 22:02:05.999000+00:00,2025-10-10 22:02:24.999000+00:00,-1,-42.58,-29.81,19,21.56,-8.436,14.99,0.0936
ETHUSDT,2025-10-10,40,0.5,2025-10-10 22:02:34.999000+00:00,2025-10-10 22:02:39.999000+00:00,-1,-74.27,-68.19,5,63.81,33.82,14.97,2.562
ETHUSDT,2025-10-10,40,0.5,2025-10-10 22:03:33.999000+00:00,2025-10-10 22:04:21.999000+00:00,-1,-58.95,-39.34,48,32.2,2.261,14.98,-26.98
ETHUSDT,2025-10-10,40,2,2025-10-10 21:16:49.999000+00:00,2025-10-10 21:16:52.999000+00:00,-1,-50.87,-11.4,3,1.835,-28.12,14.99,-7.453
ETHUSDT,2025-10-10,40,2,2025-10-10 21:17:41.999000+00:00,2025-10-10 21:17:42.999000+00:00,1,44.49,-58.15,1,-1.007,-30.88,14.97,-33.26
ETHUSDT,2025-10-10,40,2,2025-10-10 21:17:43.999000+00:00,2025-10-10 21:17:46.999000+00:00,-1,-52.05,-14.47,3,56.69,26.55,14.99,-40.9
ETHUSDT,2025-10-10,40,2,2025-10-10 21:17:58.999000+00:00,2025-10-10 21:18:01.999000+00:00,1,57.43,3.259,3,13.2,-16.69,15,-93.76
ETHUSDT,2025-10-10,40,2,2025-10-10 21:18:19.999000+00:00,2025-10-10 21:18:21.999000+00:00,1,82.86,-12.28,2,-3.219,-33.25,14.99,-118
ETHUSDT,2025-10-10,40,2,2025-10-10 21:19:30.999000+00:00,2025-10-10 21:19:31.999000+00:00,1,45.69,-12.68,1,-24.57,-54.72,14.99,8.171
ETHUSDT,2025-10-10,40,2,2025-10-10 21:19:41.999000+00:00,2025-10-10 21:19:49.999000+00:00,-1,-43.97,-52.16,8,54.82,24.78,14.97,-23.62
ETHUSDT,2025-10-10,40,2,2025-10-10 21:20:05.999000+00:00,2025-10-10 21:20:13.999000+00:00,1,49.67,-189.5,8,-124.9,-154.6,14.91,-339.4
ETHUSDT,2025-10-10,40,2,2025-10-10 21:20:14.999000+00:00,2025-10-10 21:20:26.999000+00:00,-1,-50.04,-58.65,12,48.34,18.44,14.97,-6.766
ETHUSDT,2025-10-10,40,2,2025-10-10 21:20:53.999000+00:00,2025-10-10 21:20:59.999000+00:00,-1,-71.52,-37.43,6,18.53,-11.64,14.98,-11.27
ETHUSDT,2025-10-10,40,2,2025-10-10 21:21:42.999000+00:00,2025-10-10 21:21:53.999000+00:00,1,55.98,-2.035,11,3.039,-27.15,15,-48.06
ETHUSDT,2025-10-10,40,2,2025-10-10 21:22:01.999000+00:00,2025-10-10 21:22:03.999000+00:00,-1,-55.85,8.051,2,-33.27,-63.16,15,-40.69
ETHUSDT,2025-10-10,40,2,2025-10-10 21:22:17.999000+00:00,2025-10-10 21:22:21.999000+00:00,-1,-51.09,-31.22,4,-4.261,-34.36,14.98,-4.957
ETHUSDT,2025-10-10,40,2,2025-10-10 21:22:28.999000+00:00,2025-10-10 21:22:50.999000+00:00,-1,-52.42,-13.52,22,-5.578,-35.56,14.99,-58.31
ETHUSDT,2025-10-10,40,2,2025-10-10 21:23:03.999000+00:00,2025-10-10 21:23:04.999000+00:00,-1,-64.4,-6.525,1,-5.331,-35.32,15,4.049
ETHUSDT,2025-10-10,40,2,2025-10-10 21:23:17.999000+00:00,2025-10-10 21:23:28.999000+00:00,-1,-41.83,-10.68,11,1.739,-28.3,14.99,-16.51
ETHUSDT,2025-10-10,40,2,2025-10-10 21:23:39.999000+00:00,2025-10-10 21:23:43.999000+00:00,-1,-58.42,-5.427,4,-13.09,-43.18,15,-34.44
ETHUSDT,2025-10-10,40,2,2025-10-10 21:31:43.999000+00:00,2025-10-10 21:31:44.999000+00:00,-1,-46.34,-5.819,1,7.198,-22.82,15,2.287
ETHUSDT,2025-10-10,40,2,2025-10-10 21:33:26.999000+00:00,2025-10-10 21:33:28.999000+00:00,-1,-41.7,-8.496,2,1.33,-28.67,15,-0.1377
ETHUSDT,2025-10-10,40,2,2025-10-10 21:46:26.999000+00:00,2025-10-10 21:46:34.999000+00:00,-1,-47.42,-80.45,8,69.14,39.14,14.96,18.56
ETHUSDT,2025-10-10,40,2,2025-10-10 21:46:47.999000+00:00,2025-10-10 21:51:42.999000+00:00,-1,-49.14,-69.37,295,54.97,24.98,14.97,-65.09
ETHUSDT,2025-10-10,40,2,2025-10-10 21:51:47.999000+00:00,2025-10-10 21:56:27.999000+00:00,-1,-41.33,-95.44,280,27.7,-2.39,14.95,-12.7
ETHUSDT,2025-10-10,40,2,2025-10-10 21:56:28.999000+00:00,2025-10-10 21:57:56.999000+00:00,-1,-95.68,-62.14,88,54.46,24.49,14.97,-12.52
ETHUSDT,2025-10-10,40,2,2025-10-10 22:02:05.999000+00:00,2025-10-10 22:02:24.999000+00:00,-1,-42.58,-25.11,19,21.88,-8.125,14.99,-4.607
ETHUSDT,2025-10-10,40,2,2025-10-10 22:02:34.999000+00:00,2025-10-10 22:02:39.999000+00:00,-1,-74.27,-32.12,5,19.75,-10.27,14.98,-33.5
ETHUSDT,2025-10-10,40,2,2025-10-10 22:03:33.999000+00:00,2025-10-10 22:04:21.999000+00:00,-1,-58.95,-79.03,48,65.45,35.57,14.96,12.71
ETHUSDT,2025-10-10,40,10,2025-10-10 21:16:49.999000+00:00,2025-10-10 21:16:52.999000+00:00,-1,-50.87,-30.65,3,6.855,-23.03,14.98,11.8
ETHUSDT,2025-10-10,40,10,2025-10-10 21:17:41.999000+00:00,2025-10-10 21:17:42.999000+00:00,1,44.49,-5.276,1,0.1105,-29.94,15,19.61
ETHUSDT,2025-10-10,40,10,2025-10-10 21:17:43.999000+00:00,2025-10-10 21:17:46.999000+00:00,-1,-52.05,8.478,3,-14.65,-44.63,15,-63.85
ETHUSDT,2025-10-10,40,10,2025-10-10 21:17:58.999000+00:00,2025-10-10 21:18:01.999000+00:00,1,57.43,-13.12,3,-0.3661,-30.22,14.99,-110.1
ETHUSDT,2025-10-10,40,10,2025-10-10 21:18:19.999000+00:00,2025-10-10 21:18:21.999000+00:00,1,82.86,-3.732,2,-11.7,-41.7,15,-109.4
ETHUSDT,2025-10-10,40,10,2025-10-10 21:19:30.999000+00:00,2025-10-10 21:19:31.999000+00:00,1,45.69,-52.71,1,-7.68,-37.61,14.97,-31.86
ETHUSDT,2025-10-10,40,10,2025-10-10 21:19:41.999000+00:00,2025-10-10 21:19:49.999000+00:00,-1,-43.97,-10.64,8,-70.02,-100.2,14.99,-65.14
ETHUSDT,2025-10-10,40,10,2025-10-10 21:20:05.999000+00:00,2025-10-10 21:20:13.999000+00:00,1,49.67,-57.07,8,-25.26,-55.16,14.97,-207
ETHUSDT,2025-10-10,40,10,2025-10-10 21:20:14.999000+00:00,2025-10-10 21:20:26.999000+00:00,-1,-50.04,-22.53,12,19.89,-10.35,14.99,-42.89
ETHUSDT,2025-10-10,40,10,2025-10-10 21:20:53.999000+00:00,2025-10-10 21:20:59.999000+00:00,-1,-71.52,13.64,6,-15.86,-46.06,15.01,-62.35
ETHUSDT,2025-10-10,40,10,2025-10-10 21:21:42.999000+00:00,2025-10-10 21:21:53.999000+00:00,1,55.98,2.726,11,-5.341,-35.38,15,-43.3
ETHUSDT,2025-10-10,40,10,2025-10-10 21:22:01.999000+00:00,2025-10-10 21:22:03.999000+00:00,-1,-55.85,7.61,2,-24.86,-54.88,15,-40.25
ETHUSDT,2025-10-10,40,10,2025-10-10 21:22:17.999000+00:00,2025-10-10 21:22:21.999000+00:00,-1,-51.09,-46.02,4,17.4,-12.52,14.98,9.844
ETHUSDT,2025-10-10,40,10,2025-10-10 21:22:28.999000+00:00,2025-10-10 21:22:50.999000+00:00,-1,-52.42,-57.55,22,47.05,16.94,14.97,-14.27
ETHUSDT,2025-10-10,40,10,2025-10-10 21:23:03.999000+00:00,2025-10-10 21:23:04.999000+00:00,-1,-64.4,-36.15,1,21.61,-8.336,14.98,33.67
ETHUSDT,2025-10-10,40,10,2025-10-10 21:23:17.999000+00:00,2025-10-10 21:23:28.999000+00:00,-1,-41.83,-12.91,11,-23.72,-53.59,14.99,-14.29
ETHUSDT,2025-10-10,40,10,2025-10-10 21:23:39.999000+00:00,2025-10-10 21:23:43.999000+00:00,-1,-58.42,0.4697,4,-9.919,-39.86,15,-40.34
ETHUSDT,2025-10-10,40,10,2025-10-10 21:31:43.999000+00:00,2025-10-10 21:31:44.999000+00:00,-1,-46.34,4.357,1,-20.9,-50.92,15,-7.89
ETHUSDT,2025-10-10,40,10,2025-10-10 21:33:26.999000+00:00,2025-10-10 21:33:28.999000+00:00,-1,-41.7,6.127,2,-12.31,-42.31,15,-14.76
ETHUSDT,2025-10-10,40,10,2025-10-10 21:46:26.999000+00:00,2025-10-10 21:46:34.999000+00:00,-1,-47.42,-3.007,8,-17.3,-47.33,15,-58.88
ETHUSDT,2025-10-10,40,10,2025-10-10 21:46:47.999000+00:00,2025-10-10 21:51:42.999000+00:00,-1,-49.14,-76.25,295,15.09,-14.93,14.96,-58.21
ETHUSDT,2025-10-10,40,10,2025-10-10 21:51:47.999000+00:00,2025-10-10 21:56:27.999000+00:00,-1,-41.33,-60.84,280,32.49,2.37,14.97,-47.29
ETHUSDT,2025-10-10,40,10,2025-10-10 21:56:28.999000+00:00,2025-10-10 21:57:56.999000+00:00,-1,-95.68,-45.59,88,40.23,10.24,14.98,-29.07
ETHUSDT,2025-10-10,40,10,2025-10-10 22:02:05.999000+00:00,2025-10-10 22:02:24.999000+00:00,-1,-42.58,-21.65,19,-56.78,-86.71,14.99,-8.069
ETHUSDT,2025-10-10,40,10,2025-10-10 22:02:34.999000+00:00,2025-10-10 22:02:39.999000+00:00,-1,-74.27,-7.656,5,2.923,-27.06,15,-57.97
ETHUSDT,2025-10-10,40,10,2025-10-10 22:03:33.999000+00:00,2025-10-10 22:04:21.999000+00:00,-1,-58.95,-36.86,48,31.55,1.591,14.98,-29.46
ETHUSDT,2025-10-10,60,0.5,2025-10-10 21:17:59.999000+00:00,2025-10-10 21:18:01.999000+00:00,1,103.1,11.47,2,26.04,-3.984,15.01,-41.66
ETHUSDT,2025-10-10,60,0.5,2025-10-10 21:18:19.999000+00:00,2025-10-10 21:18:21.999000+00:00,1,82.86,-32.81,2,-25.27,-55.21,14.98,-138.5
ETHUSDT,2025-10-10,60,0.5,2025-10-10 21:19:44.999000+00:00,2025-10-10 21:19:49.999000+00:00,-1,-69.72,-60.35,5,15.94,-14.04,14.97,-0.2847
ETHUSDT,2025-10-10,60,0.5,2025-10-10 21:20:08.999000+00:00,2025-10-10 21:20:13.999000+00:00,1,69.57,-137.3,5,-85.23,-115,14.93,-287.2
ETHUSDT,2025-10-10,60,0.5,2025-10-10 21:20:53.999000+00:00,2025-10-10 21:20:59.999000+00:00,-1,-71.52,-45.81,6,38.71,8.631,14.98,-2.895
ETHUSDT,2025-10-10,60,0.5,2025-10-10 21:22:37.999000+00:00,2025-10-10 21:22:50.999000+00:00,-1,-60.51,-63.18,13,65.11,35.1,14.97,-8.641
ETHUSDT,2025-10-10,60,0.5,2025-10-10 21:23:03.999000+00:00,2025-10-10 21:23:04.999000+00:00,-1,-64.4,1.169,1,-10.25,-40.32,15,-3.646
ETHUSDT,2025-10-10,60,0.5,2025-10-10 21:46:48.999000+00:00,2025-10-10 21:51:42.999000+00:00,-1,-88.27,-74.11,294,56.87,26.89,14.96,-60.35
ETHUSDT,2025-10-10,60,0.5,2025-10-10 21:51:48.999000+00:00,2025-10-10 21:56:27.999000+00:00,-1,-62.14,-94.01,279,53.78,23.62,14.95,-14.13
ETHUSDT,2025-10-10,60,0.5,2025-10-10 21:56:28.999000+00:00,2025-10-10 21:57:56.999000+00:00,-1,-95.68,-76.75,88,60,30.04,14.96,2.089
ETHUSDT,2025-10-10,60,0.5,2025-10-10 22:02:34.999000+00:00,2025-10-10 22:02:39.999000+00:00,-1,-74.27,-68.19,5,63.81,33.82,14.97,2.562
ETHUSDT,2025-10-10,60,0.5,2025-10-10 22:03:36.999000+00:00,2025-10-10 22:04:21.999000+00:00,-1,-60.3,-60.88,45,53.74,23.8,14.97,0.6444
ETHUSDT,2025-10-10,60,2,2025-10-10 21:17:59.999000+00:00,2025-10-10 21:18:01.999000+00:00,1,103.1,-14.67,2,-4.761,-34.59,14.99,-67.8
ETHUSDT,2025-10-10,60,2,2025-10-10 21:18:19.999000+00:00,2025-10-10 21:18:21.999000+00:00,1,82.86,-12.28,2,-3.219,-33.25,14.99,-118
ETHUSDT,2025-10-10,60,2,2025-10-10 21:19:44.999000+00:00,2025-10-10 21:19:49.999000+00:00,-1,-69.72,-58.17,5,60.83,30.79,14.97,-2.468
ETHUSDT,2025-10-10,60,2,2025-10-10 21:20:08.999000+00:00,2025-10-10 21:20:13.999000+00:00,1,69.57,-92.5,5,-27.29,-57.18,14.95,-242.4
ETHUSDT,2025-10-10,60,2,2025-10-10 21:20:53.999000+00:00,2025-10-10 21:20:59.999000+00:00,-1,-71.52,-37.43,6,18.53,-11.64,14.98,-11.27
ETHUSDT,2025-10-10,60,2,2025-10-10 21:22:37.999000+00:00,2025-10-10 21:22:50.999000+00:00,-1,-60.51,-67.57,13,48.31,18.22,14.97,-4.248
ETHUSDT,2025-10-10,60,2,2025-10-10 21:23:03.999000+00:00,2025-10-10 21:23:04.999000+00:00,-1,-64.4,-6.525,1,-5.331,-35.32,15,4.049
ETHUSDT,2025-10-10,60,2,2025-10-10 21:46:48.999000+00:00,2025-10-10 21:51:42.999000+00:00,-1,-88.27,-69.37,294,54.97,24.98,14.97,-65.09
ETHUSDT,2025-10-10,60,2,2025-10-10 21:51:48.999000+00:00,2025-10-10 21:56:27.999000+00:00,-1,-62.14,-78,279,10.2,-19.92,14.96,-30.13
ETHUSDT,2025-10-10,60,2,2025-10-10 21:56:28.999000+00:00,2025-10-10 21:57:56.999000+00:00,-1,-95.68,-62.14,88,54.46,24.49,14.97,-12.52
ETHUSDT,2025-10-10,60,2,2025-10-10 22:02:34.999000+00:00,2025-10-10 22:02:39.999000+00:00,-1,-74.27,-32.12,5,19.75,-10.27,14.98,-33.5
ETHUSDT,2025-10-10,60,2,2025-10-10 22:03:36.999000+00:00,2025-10-10 22:04:21.999000+00:00,-1,-60.3,-47.41,45,33.77,3.808,14.98,-12.83
ETHUSDT,2025-10-10,60,10,2025-10-10 21:17:59.999000+00:00,2025-10-10 21:18:01.999000+00:00,1,103.1,-9.788,2,2.99,-26.89,15,-62.92
ETHUSDT,2025-10-10,60,10,2025-10-10 21:18:19.999000+00:00,2025-10-10 21:18:21.999000+00:00,1,82.86,-3.732,2,-11.7,-41.7,15,-109.4
ETHUSDT,2025-10-10,60,10,2025-10-10 21:19:44.999000+00:00,2025-10-10 21:19:49.999000+00:00,-1,-69.72,-3.575,5,-76.39,-106.5,15,-57.06
ETHUSDT,2025-10-10,60,10,2025-10-10 21:20:08.999000+00:00,2025-10-10 21:20:13.999000+00:00,1,69.57,-50.03,5,-18.2,-48.11,14.97,-199.9
ETHUSDT,2025-10-10,60,10,2025-10-10 21:20:53.999000+00:00,2025-10-10 21:20:59.999000+00:00,-1,-71.52,13.64,6,-15.86,-46.06,15.01,-62.35
ETHUSDT,2025-10-10,60,10,2025-10-10 21:22:37.999000+00:00,2025-10-10 21:22:50.999000+00:00,-1,-60.51,-54.92,13,44.3,14.02,14.97,-16.9
ETHUSDT,2025-10-10,60,10,2025-10-10 21:23:03.999000+00:00,2025-10-10 21:23:04.999000+00:00,-1,-64.4,-36.15,1,21.61,-8.336,14.98,33.67
ETHUSDT,2025-10-10,60,10,2025-10-10 21:46:48.999000+00:00,2025-10-10 21:51:42.999000+00:00,-1,-88.27,-69.67,294,8.387,-21.66,14.97,-64.79
ETHUSDT,2025-10-10,60,10,2025-10-10 21:51:48.999000+00:00,2025-10-10 21:56:27.999000+00:00,-1,-62.14,-61.16,279,32.83,2.722,14.97,-46.97
ETHUSDT,2025-10-10,60,10,2025-10-10 21:56:28.999000+00:00,2025-10-10 21:57:56.999000+00:00,-1,-95.68,-45.59,88,40.23,10.24,14.98,-29.07
ETHUSDT,2025-10-10,60,10,2025-10-10 22:02:34.999000+00:00,2025-10-10 22:02:39.999000+00:00,-1,-74.27,-7.656,5,2.923,-27.06,15,-57.97
ETHUSDT,2025-10-10,60,10,2025-10-10 22:03:36.999000+00:00,2025-10-10 22:04:21.999000+00:00,-1,-60.3,-37.21,45,31.91,1.952,14.98,-23.02
ETHUSDT,2025-10-10,80,0.5,2025-10-10 21:17:59.999000+00:00,2025-10-10 21:18:01.999000+00:00,1,103.1,11.47,2,26.04,-3.984,15.01,-41.66
ETHUSDT,2025-10-10,80,0.5,2025-10-10 21:18:19.999000+00:00,2025-10-10 21:18:21.999000+00:00,1,82.86,-32.81,2,-25.27,-55.21,14.98,-138.5
ETHUSDT,2025-10-10,80,0.5,2025-10-10 21:20:09.999000+00:00,2025-10-10 21:20:13.999000+00:00,1,94.63,-99.05,4,-46.82,-76.66,14.95,-249
ETHUSDT,2025-10-10,80,0.5,2025-10-10 21:46:48.999000+00:00,2025-10-10 21:51:42.999000+00:00,-1,-88.27,-74.11,294,56.87,26.89,14.96,-60.35
ETHUSDT,2025-10-10,80,0.5,2025-10-10 21:51:49.999000+00:00,2025-10-10 21:56:27.999000+00:00,-1,-89.88,-68.82,278,28.54,-1.648,14.97,-39.32
ETHUSDT,2025-10-10,80,0.5,2025-10-10 21:56:28.999000+00:00,2025-10-10 21:57:56.999000+00:00,-1,-95.68,-76.75,88,60,30.04,14.96,2.089
ETHUSDT,2025-10-10,80,2,2025-10-10 21:17:59.999000+00:00,2025-10-10 21:18:01.999000+00:00,1,103.1,-14.67,2,-4.761,-34.59,14.99,-67.8
ETHUSDT,2025-10-10,80,2,2025-10-10 21:18:19.999000+00:00,2025-10-10 21:18:21.999000+00:00,1,82.86,-12.28,2,-3.219,-33.25,14.99,-118
ETHUSDT,2025-10-10,80,2,2025-10-10 21:20:09.999000+00:00,2025-10-10 21:20:13.999000+00:00,1,94.63,-92.5,4,-27.29,-57.18,14.95,-242.4
ETHUSDT,2025-10-10,80,2,2025-10-10 21:46:48.999000+00:00,2025-10-10 21:51:42.999000+00:00,-1,-88.27,-69.37,294,54.97,24.98,14.97,-65.09
ETHUSDT,2025-10-10,80,2,2025-10-10 21:51:49.999000+00:00,2025-10-10 21:56:27.999000+00:00,-1,-89.88,-97.67,278,29.87,-0.2376,14.95,-10.46
ETHUSDT,2025-10-10,80,2,2025-10-10 21:56:28.999000+00:00,2025-10-10 21:57:56.999000+00:00,-1,-95.68,-62.14,88,54.46,24.49,14.97,-12.52
ETHUSDT,2025-10-10,80,10,2025-10-10 21:17:59.999000+00:00,2025-10-10 21:18:01.999000+00:00,1,103.1,-9.788,2,2.99,-26.89,15,-62.92
ETHUSDT,2025-10-10,80,10,2025-10-10 21:18:19.999000+00:00,2025-10-10 21:18:21.999000+00:00,1,82.86,-3.732,2,-11.7,-41.7,15,-109.4
ETHUSDT,2025-10-10,80,10,2025-10-10 21:20:09.999000+00:00,2025-10-10 21:20:13.999000+00:00,1,94.63,-37.48,4,-5.587,-35.53,14.98,-187.4
ETHUSDT,2025-10-10,80,10,2025-10-10 21:46:48.999000+00:00,2025-10-10 21:51:42.999000+00:00,-1,-88.27,-69.67,294,8.387,-21.66,14.97,-64.79
ETHUSDT,2025-10-10,80,10,2025-10-10 21:51:49.999000+00:00,2025-10-10 21:56:27.999000+00:00,-1,-89.88,-72.75,278,44.42,14.31,14.96,-35.38
ETHUSDT,2025-10-10,80,10,2025-10-10 21:56:28.999000+00:00,2025-10-10 21:57:56.999000+00:00,-1,-95.68,-45.59,88,40.23,10.24,14.98,-29.07
ETHUSDT,2025-10-10,120,0.5,2025-10-10 21:20:10.999000+00:00,2025-10-10 21:20:13.999000+00:00,1,120.3,-92.5,3,-40.24,-70.09,14.95,-242.4
ETHUSDT,2025-10-10,120,0.5,2025-10-10 21:49:17.999000+00:00,2025-10-10 21:51:42.999000+00:00,-1,-128.5,-119.4,145,101.9,71.67,14.94,6.257
ETHUSDT,2025-10-10,120,2,2025-10-10 21:20:10.999000+00:00,2025-10-10 21:20:13.999000+00:00,1,120.3,-57.53,3,7.91,-22.05,14.97,-207.4
ETHUSDT,2025-10-10,120,2,2025-10-10 21:49:17.999000+00:00,2025-10-10 21:51:42.999000+00:00,-1,-128.5,-105.5,145,90.86,60.66,14.95,-7.655
ETHUSDT,2025-10-10,120,10,2025-10-10 21:20:10.999000+00:00,2025-10-10 21:20:13.999000+00:00,1,120.3,-41.91,3,-10.06,-39.99,14.98,-191.8
ETHUSDT,2025-10-10,120,10,2025-10-10 21:49:17.999000+00:00,2025-10-10 21:51:42.999000+00:00,-1,-128.5,-98.32,145,36.53,6.369,14.95,-14.81
ETHUSDT,2026-08-19,40,0.5,2026-08-19 15:27:36.999000+00:00,2026-08-19 15:32:21.999000+00:00,1,48.93,53.95,285,54.9,25.15,15.03,-12.32
ETHUSDT,2026-08-19,40,0.5,2026-08-19 20:50:40.999000+00:00,2026-08-19 20:52:52.999000+00:00,1,42.98,22.78,132,26.77,-3.414,15.01,-16.28
ETHUSDT,2026-08-19,40,0.5,2026-08-19 21:07:22.999000+00:00,2026-08-19 21:11:08.999000+00:00,1,55.34,28.71,226,30.43,0.7912,15.01,8.11
ETHUSDT,2026-08-19,40,2,2026-08-19 15:27:36.999000+00:00,2026-08-19 15:32:21.999000+00:00,1,48.93,65.64,285,66.3,36.54,15.03,-0.637
ETHUSDT,2026-08-19,40,2,2026-08-19 20:50:40.999000+00:00,2026-08-19 20:52:52.999000+00:00,1,42.98,16.13,132,16.91,-13.23,15.01,-22.92
ETHUSDT,2026-08-19,40,2,2026-08-19 21:07:22.999000+00:00,2026-08-19 21:11:08.999000+00:00,1,55.34,15.08,226,15.47,-14.21,15.01,-5.52
ETHUSDT,2026-08-19,40,10,2026-08-19 15:27:36.999000+00:00,2026-08-19 15:32:21.999000+00:00,1,48.93,5.609,285,5.276,-24.47,15,-60.66
ETHUSDT,2026-08-19,40,10,2026-08-19 20:50:40.999000+00:00,2026-08-19 20:52:52.999000+00:00,1,42.98,4.5,132,5.189,-24.96,15,-34.55
ETHUSDT,2026-08-19,40,10,2026-08-19 21:07:22.999000+00:00,2026-08-19 21:11:08.999000+00:00,1,55.34,8.561,226,9.987,-19.71,15,-12.04
ETHUSDT,2026-08-19,60,0.5,2026-08-19 15:27:37.999000+00:00,2026-08-19 15:32:21.999000+00:00,1,64.21,43.8,284,44.75,15.04,15.02,-22.47
ETHUSDT,2026-08-19,60,2,2026-08-19 15:27:37.999000+00:00,2026-08-19 15:32:21.999000+00:00,1,64.21,52.5,284,53.16,23.43,15.03,-13.78
ETHUSDT,2026-08-19,60,10,2026-08-19 15:27:37.999000+00:00,2026-08-19 15:32:21.999000+00:00,1,64.21,9.339,284,9.006,-20.78,15,-56.93
