coin,exec,lat,t,side,dev_bp,b0_bp,hold_min,gross_bp,fees_bp,slip_bp,fund_bp,net_bp,mk_in,mk_out,pm_ret1,pm_worst1,pm_liq1,pm_rej1,pm_ret3,pm_worst3,pm_liq3,pm_rej3,pm_ret5,pm_worst5,pm_liq5,pm_rej5,pm_ret10,pm_worst10,pm_liq10,pm_rej10,pm_ret15,pm_worst15,pm_liq15,pm_rej15,pm_ret20,pm_worst20,pm_liq20,pm_rej20,mc_ret1,mc_worst1,mc_liq1,mc_rej1,mc_ret3,mc_worst3,mc_liq3,mc_rej3,mc_ret5,mc_worst5,mc_liq5,mc_rej5,mc_ret10,mc_worst10,mc_liq10,mc_rej10,mc_ret15,mc_worst15,mc_liq15,mc_rej15,mc_ret20,mc_worst20,mc_liq20,mc_rej20,sep_ret1,sep_worst1,sep_liq1,sep_rej1,sep_ret3,sep_worst3,sep_liq3,sep_rej3,sep_ret5,sep_worst5,sep_liq5,sep_rej5,sep_ret10,sep_worst10,sep_liq10,sep_rej10,sep_ret15,sep_worst15,sep_liq15,sep_rej15,sep_ret20,sep_worst20,sep_liq20,sep_rej20
ETHUSDT,maker,0,2022-05-12 07:16:00+00:00,-1,-108.7,-114.25,7,106.947,25.2247,11.8985,0,69.824,1,1,0.00695957,-0.00159607,0,0,0.0208787,-0.00478822,0,0,0.0347979,-0.00798037,0,0,0.0695957,-0.0159607,0,0,0.104394,-0.0239411,0,0,0.139191,-0.0319215,0,0,0.00695957,-0.00159607,0,0,0.0208787,-0.00478822,0,0,0.0347979,-0.00798037,0,0,0,0,0,1,0,0,0,1,0,0,0,1,0.00695957,-0.00159607,0,0,0.0208787,-0.00478822,0,0,0.0347979,-0.00798037,0,0,0,0,0,1,0,0,0,1,0,0,0,1
ETHUSDT,maker,0,2022-09-15 06:47:00+00:00,1,81.8,38.9,481,47.6165,24.1017,9.99423,-21.7828,-8.26224,1,1,-0.000826243,-0.00187773,0,0,-0.00249928,-0.0056332,0,0,-0.00417231,-0.00938866,0,0,-0.0083549,-0.0187773,0,0,-0.0125375,-0.028166,0,0,-0.0167201,-0.0375547,0,0,-0.000826243,-0.00187773,0,0,-0.00249928,-0.0056332,0,0,-0.00417231,-0.00938866,0,0,0,0,0,1,0,0,0,1,0,0,0,1,-0.000831371,-0.00187773,0,0,-0.00250439,-0.0056332,0,0,-0.00417729,-0.00938866,0,0,0,0,0,1,0,0,0,1,0,0,0,1
BTCUSDT,maker,0,2022-11-08 19:31:00+00:00,-1,-113.4,-145.25,52,135.09,25.3395,22.0574,0,87.6927,1,1,0.00874644,-0.00296351,0,0,0.0262393,-0.00889053,0,0,0.0437322,-0.0148175,0,0,0.0874644,-0.0296351,0,0,0.131197,-0.0444526,0,0,0.174929,-0.0592702,0,0,0.00874644,-0.00296351,0,0,0.0262393,-0.00889053,0,0,0.0437322,-0.0148175,0,0,0,0,0,1,0,0,0,1,0,0,0,1,0.00874644,-0.00296351,0,0,0.0262393,-0.00889053,0,0,0.0437322,-0.0148175,0,0,0,0,0,1,0,0,0,1,0,0,0,1
ETHUSDT,maker,0,2022-11-08 19:32:00+00:00,-1,-250.8,-181.35,2,168.136,25.8606,45.592,0,96.6836,1,1,0.00964553,-0.00299825,0,0,0.0289366,-0.00899475,0,0,0.0482276,-0.0149913,0,0,0.0964553,-0.0299825,0,0,0.144683,-0.0449738,0,0,0.192911,-0.059965,0,0,0.00964553,-0.00299825,0,0,0.0289366,-0.00899475,0,0,0.0482276,-0.0149913,0,0,0,0,0,1,0,0,0,1,0,0,0,1,0.00964553,-0.00299825,0,0,0.0289366,-0.00899475,0,0,-0.276987,-0.276987,1,0,0,0,0,1,0,0,0,1,0,0,0,1
BTCUSDT,maker,0,2023-01-14 00:38:00+00:00,1,149.5,124.25,481,115.05,24.6768,9.11394,4.62024,85.8799,1,0.5,0.00858726,-0.00203432,0,0,0.0250469,-0.00610296,0,0,0.0415065,-0.0101716,0,0,0.0826555,-0.0203432,0,0,0.123805,-0.0305148,0,0,0.164954,-0.0406864,0,0,0.00858726,-0.00203432,0,0,0.0250469,-0.00610296,0,0,0.0415065,-0.0101716,0,0,0,0,0,1,0,0,0,1,0,0,0,1,0.0084089,-0.00203432,0,0,0.0248692,-0.00610296,0,0,0.0413337,-0.0101716,0,0,0,0,0,1,0,0,0,1,0,0,0,1
ETHUSDT,maker,0,2023-01-14 00:38:00+00:00,1,238.2,166.45,481,156.727,24.6506,13.0026,6.18728,125.261,1,0.5,0.0125253,-0.00242006,0,0,0.0368609,-0.00726019,0,0,0.0611965,-0.0121003,0,0,0.122036,-0.0242006,0,0,0.182875,-0.036301,0,0,0.243714,-0.0484013,0,0,0.0125253,-0.00242006,0,0,0.0368609,-0.00726019,0,0,0.0611965,-0.0121003,0,0,0,0,0,1,0,0,0,1,0,0,0,1,0.012347,-0.00242006,0,0,0.0366835,-0.00726019,0,0,0.0610248,-0.0121003,0,0,0,0,0,1,0,0,0,1,0,0,0,1
BTCUSDT,maker,0,2023-08-17 21:42:00+00:00,-1,-116.1,-170.35,3,210.279,23.8071,24.7921,0,161.679,0.5,1,0.0161451,-0.00311159,0,0,0.0484353,-0.00933478,0,0,0.0807255,-0.015558,0,0,0.161451,-0.0311159,0,0,0.242177,-0.0466739,0,0,0.322902,-0.0622319,0,0,0.0161451,-0.00311159,0,0,0.0484353,-0.00933478,0,0,0.0807255,-0.015558,0,0,0,0,0,1,0,0,0,1,0,0,0,1,0.0161451,-0.00311159,0,0,0.0484353,-0.00933478,0,0,0.0807255,-0.015558,0,0,0,0,0,1,0,0,0,1,0,0,0,1
ETHUSDT,maker,0,2023-08-17 21:42:00+00:00,-1,-296.8,-310,21,305.64,24.1844,16.3276,0,265.128,0.5,1,0.0264899,-0.0025988,0,0,0.0794698,-0.0077964,0,0,0.13245,-0.012994,0,0,0.264899,-0.025988,0,0,0.397349,-0.038982,0,0,0.529799,-0.051976,0,0,0.0264899,-0.0025988,0,0,0.0794698,-0.0077964,0,0,0.13245,-0.012994,0,0,0,0,0,1,0,0,0,1,0,0,0,1,0.0264899,-0.0025988,0,0,0.0794698,-0.0077964,0,0,0.13245,-0.012994,0,0,0,0,0,1,0,0,0,1,0,0,0,1
BTCUSDT,maker,0,2023-10-01 22:17:00+00:00,1,87.6,45.45,66,50.2777,24.9568,8.99108,0,16.3299,1,1,0.00163297,-0.00202133,0,0,0.00488802,-0.00606399,0,0,0.00814306,-0.0101066,0,0,0.0162807,-0.0202133,0,0,0.0244183,-0.0303199,0,0,0.0325559,-0.0404266,0,0,0.00163297,-0.00202133,0,0,0.00488802,-0.00606399,0,0,0.00814306,-0.0101066,0,0,0,0,0,1,0,0,0,1,0,0,0,1,0.00163025,-0.00202133,0,0,0.00488531,-0.00606399,0,0,0.00814043,-0.0101066,0,0,0,0,0,1,0,0,0,1,0,0,0,1
ETHUSDT,maker,0,2023-10-01 22:17:00+00:00,1,106.5,54.45,175,59.0539,24.2728,10.5023,0.98534,25.2641,1,0.5,0.00252639,-0.0021601,0,0,0.00756315,-0.00648031,0,0,0.0125999,-0.0108005,0,0,0.0251918,-0.021601,0,0,0.0377837,-0.0324016,0,0,0.0503756,-0.0432021,0,0,0.00252639,-0.0021601,0,0,0.00756315,-0.00648031,0,0,0.0125999,-0.0108005,0,0,0,0,0,1,0,0,0,1,0,0,0,1,0.0025224,-0.0021601,0,0,0.00755917,-0.00648031,0,0,0.012596,-0.0108005,0,0,0,0,0,1,0,0,0,1,0,0,0,1
BTCUSDT,maker,0,2023-10-23 22:41:00+00:00,1,133.5,136.75,136,140.869,24.5841,21.5596,0.988403,95.7138,0.5,1,0.00957114,-0.00314273,0,0,0.0285609,-0.0094282,0,0,0.0475506,-0.0157137,0,0,0.095025,-0.0314273,0,0,0.142499,-0.047141,0,0,0.189974,-0.0628547,0,0,0.00957114,-0.00314273,0,0,0.0285609,-0.0094282,0,0,0.0475506,-0.0157137,0,0,0,0,0,1,0,0,0,1,0,0,0,1,0.00953313,-0.00314273,0,0,0.0285231,-0.0094282,0,0,0.0475148,-0.0157137,0,0,0,0,0,1,0,0,0,1,0,0,0,1
BTCUSDT,maker,0,2023-11-15 18:11:00+00:00,1,99.8,62.5,13,56.9003,24.9126,12.8646,0,19.1231,1,1,0.0019123,-0.00204791,0,0,0.00572549,-0.00614372,0,0,0.00953868,-0.0102395,0,0,0.0190716,-0.0204791,0,0,0.0286046,-0.0307186,0,0,0.0381376,-0.0409581,0,0,0.0019123,-0.00204791,0,0,0.00572549,-0.00614372,0,0,0.00953868,-0.0102395,0,0,0,0,0,1,0,0,0,1,0,0,0,1,0.00190945,-0.00204791,0,0,0.00572265,-0.00614372,0,0,0.00953592,-0.0102395,0,0,0,0,0,1,0,0,0,1,0,0,0,1
BTCUSDT,maker,0,2023-12-11 02:12:00+00:00,-1,-94.2,-39.4,481,38.2125,24.8774,18.3309,-1.02522,-6.02099,1,0.5,-0.000807578,-0.00296296,0,0,-0.00242274,-0.00888888,0,0,-0.00403789,-0.0148148,0,0,-0.00807578,-0.0296296,0,0,-0.0121137,-0.0444444,0,0,-0.0161516,-0.0592592,0,0,-0.000807578,-0.00296296,0,0,-0.00242274,-0.00888888,0,0,-0.00403789,-0.0148148,0,0,0,0,0,1,0,0,0,1,0,0,0,1,-0.000807578,-0.00296296,0,0,-0.00242274,-0.00888888,0,0,-0.00403789,-0.0148148,0,0,0,0,0,1,0,0,0,1,0,0,0,1
ETHUSDT,maker,0,2023-12-11 02:12:00+00:00,-1,-189.3,-91.05,481,91.8259,24.3959,10.1897,-1.0283,56.212,0.5,0.5,0.00541572,-0.00209818,0,0,0.0162472,-0.00629454,0,0,0.0270786,-0.0104909,0,0,0.0541572,-0.0209818,0,0,0.0812358,-0.0314727,0,0,0.108314,-0.0419636,0,0,0.00541572,-0.00209818,0,0,0.0162472,-0.00629454,0,0,0.0270786,-0.0104909,0,0,0,0,0,1,0,0,0,1,0,0,0,1,0.00541572,-0.00209818,0,0,0.0162472,-0.00629454,0,0,0.0270786,-0.0104909,0,0,0,0,0,1,0,0,0,1,0,0,0,1
BTCUSDT,maker,0,2024-01-03 12:09:00+00:00,-1,-117.6,-50.65,4,65.7844,24.7564,16.2513,0,24.7767,1,0.5,0.00245484,-0.00236717,0,0,0.00736452,-0.00710151,0,0,0.0122742,-0.0118358,0,0,0.0245484,-0.0236717,0,0,0.0368226,-0.0355075,0,0,0.0490968,-0.0473434,0,0,0.00245484,-0.00236717,0,0,0.00736452,-0.00710151,0,0,0.0122742,-0.0118358,0,0,0,0,0,1,0,0,0,1,0,0,0,1,0.00245484,-0.00236717,0,0,0.00736452,-0.00710151,0,0,0.0122742,-0.0118358,0,0,0,0,0,1,0,0,0,1,0,0,0,1
ETHUSDT,maker,0,2024-01-03 12:09:00+00:00,-1,-239.1,-114.65,481,116.53,24.9906,14.5929,-1.06104,75.885,1,0.5,0.00738302,-0.0025121,0,0,0.0221491,-0.00753631,0,0,0.0369151,-0.0125605,0,0,0.0738302,-0.025121,0,0,0.110745,-0.0376815,0,0,0.14766,-0.050242,0,0,0.00738302,-0.0025121,0,0,0.0221491,-0.00753631,0,0,0.0369151,-0.0125605,0,0,0,0,0,1,0,0,0,1,0,0,0,1,0.00738302,-0.0025121,0,0,0.0221491,-0.00753631,0,0,0.0369151,-0.0125605,0,0,0,0,0,1,0,0,0,1,0,0,0,1
ETHUSDT,maker,0,2024-04-13 20:09:00+00:00,-1,-95.9,-67,14,70.8703,25.0439,25.1726,0,20.6538,1,1,0.00204255,-0.00255332,0,0,0.00612765,-0.00765995,0,0,0.0102127,-0.0127666,0,0,0.0204255,-0.0255332,0,0,0.0306382,-0.0382998,0,0,0.040851,-0.0510663,0,0,0.00204255,-0.00255332,0,0,0.00612765,-0.00765995,0,0,0.0102127,-0.0127666,0,0,0,0,0,1,0,0,0,1,0,0,0,1,0.00204255,-0.00255332,0,0,0.00612765,-0.00765995,0,0,0.0102127,-0.0127666,0,0,0,0,0,1,0,0,0,1,0,0,0,1
ETHUSDT,maker,0,2024-05-01 07:08:00+00:00,-1,-133.4,-79.75,7,74.5689,25.0457,11.3329,0,38.1903,1,1,0.0037962,-0.00199328,0,0,0.0113886,-0.00597984,0,0,0.018981,-0.00996641,0,0,0.037962,-0.0199328,0,0,0.056943,-0.0298992,0,0,0.075924,-0.0398656,0,0,0.0037962,-0.00199328,0,0,0.0113886,-0.00597984,0,0,0.018981,-0.00996641,0,0,0,0,0,1,0,0,0,1,0,0,0,1,0.0037962,-0.00199328,0,0,0.0113886,-0.00597984,0,0,0.018981,-0.00996641,0,0,0,0,0,1,0,0,0,1,0,0,0,1
ETHUSDT,maker,0,2024-08-05 01:10:00+00:00,1,86,51.8,6,52.1732,25.8471,44.447,0,-18.1209,1,1,-0.00181211,-0.00718342,0,0,-0.00544318,-0.0215503,0,0,-0.00907424,-0.0359171,0,0,-0.0181519,-0.0718342,0,0,-0.0272296,-0.107751,0,0,-0.0363073,-0.143668,0,0,-0.00181211,-0.00718342,0,0,-0.00544318,-0.0215503,0,0,-0.00907424,-0.0359171,0,0,0,0,0,1,0,0,0,1,0,0,0,1,-0.00181381,-0.00718342,0,0,-0.00544487,-0.0215503,0,0,-0.00907584,-0.0359171,0,0,0,0,0,1,0,0,0,1,0,0,0,1
ETHUSDT,maker,0,2025-02-03 02:07:00+00:00,-1,-228.6,-119.35,3,114.841,26.205,58.5142,0,30.1214,1,1,0.00298931,-0.00597557,0,0,0.00896792,-0.0179267,0,0,0.0149465,-0.0298779,0,0,0.0298931,-0.0597557,0,0,0.0448396,-0.0896336,0,0,0.0597861,-0.119511,0,0,0.00298931,-0.00597557,0,0,0.00896792,-0.0179267,0,0,0.0149465,-0.0298779,0,0,0,0,0,1,0,0,0,1,0,0,0,1,0.00298931,-0.00597557,0,0,0.00896792,-0.0179267,0,0,-0.188194,-0.188194,1,0,0,0,0,1,0,0,0,1,0,0,0,1
ETHUSDT,maker,0,2025-10-10 21:16:00+00:00,-1,-105.1,-67.85,4,157.795,24.6232,62.1146,0,71.0571,1,1,0.00708288,-0.00394755,0,0,0.0212486,-0.0118426,0,0,0.0354144,-0.0197377,0,0,0.0708288,-0.0394755,0,0,0.106243,-0.0592132,0,0,0.141658,-0.078951,0,0,0.00708288,-0.00394755,0,0,0.0212486,-0.0118426,0,0,0.0354144,-0.0197377,0,0,0,0,0,1,0,0,0,1,0,0,0,1,0.00708288,-0.00394755,0,0,0.0212486,-0.0118426,0,0,0.0354144,-0.0197377,0,0,0,0,0,1,0,0,0,1,0,0,0,1
ETHUSDT,maker,0,2025-10-10 21:22:00+00:00,1,119.7,69.25,10,71.5827,25.2011,29.4442,0,16.9374,1,1,0.00169372,-0.00808226,0,0,0.00506974,-0.0242468,0,0,0.00844576,-0.0404113,0,0,0.0168858,-0.0808226,0,0,0.0253259,-0.121234,0,0,0.0337659,-0.161645,0,0,0.00169372,-0.00808226,0,0,0.00506974,-0.0242468,0,0,0.00844576,-0.0404113,0,0,0,0,0,1,0,0,0,1,0,0,0,1,0.00169087,-0.00808226,0,0,0.00506691,-0.0242468,0,0,0.00844305,-0.0404113,0,0,0,0,0,1,0,0,0,1,0,0,0,1
BTCUSDT,maker,0,2025-10-10 21:27:00+00:00,1,81.7,52.95,11,49.6731,25.3201,11.2361,0,13.1168,1,1,0.00131167,-0.00196835,0,0,0.0039236,-0.00590505,0,0,0.00653553,-0.00984175,0,0,0.0130654,-0.0196835,0,0,0.0195952,-0.0295252,0,0,0.026125,-0.039367,0,0,0.00131167,-0.00196835,0,0,0.0039236,-0.00590505,0,0,0.00653553,-0.00984175,0,0,0,0,0,1,0,0,0,1,0,0,0,1,0.00130882,-0.00196835,0,0,0.00392077,-0.00590505,0,0,0.00653277,-0.00984175,0,0,0,0,0,1,0,0,0,1,0,0,0,1
ETHUSDT,maker,0,2025-10-10 21:56:00+00:00,-1,-265.8,-147.1,15,147.536,24.5692,16.1959,0,106.771,1,1,0.0106543,-0.00244022,0,0,0.0319629,-0.00732065,0,0,0.0532715,-0.0122011,0,0,0.106543,-0.0244022,0,0,0.159814,-0.0366033,0,0,0.213086,-0.0488044,0,0,0.0106543,-0.00244022,0,0,0.0319629,-0.00732065,0,0,0.0532715,-0.0122011,0,0,0,0,0,1,0,0,0,1,0,0,0,1,0.0106543,-0.00244022,0,0,0.0319629,-0.00732065,0,0,0.0532715,-0.0122011,0,0,0,0,0,1,0,0,0,1,0,0,0,1
BTCUSDT,maker,0,2026-08-19 15:27:00+00:00,1,186.3,93.6,6,98.1523,24.7685,15.3062,0,58.0776,1,1,0.00580775,-0.00238995,0,0,0.0174164,-0.00716984,0,0,0.0290251,-0.0119497,0,0,0.0580467,-0.0238995,0,0,0.0870683,-0.0358492,0,0,0.11609,-0.0477989,0,0,0.00580775,-0.00238995,0,0,0.0174164,-0.00716984,0,0,0.0290251,-0.0119497,0,0,0,0,0,1,0,0,0,1,0,0,0,1,0.00580604,-0.00238995,0,0,0.0174147,-0.00716984,0,0,0.0290234,-0.0119497,0,0,0,0,0,1,0,0,0,1,0,0,0,1
ETHUSDT,maker,0,2026-08-19 15:27:00+00:00,1,103.9,50.9,6,53.9902,24.7795,11.2163,0,17.9944,1,1,0.00179943,-0.00207425,0,0,0.00539144,-0.00622275,0,0,0.00898344,-0.0103713,0,0,0.0179635,-0.0207425,0,0,0.0269435,-0.0311138,0,0,0.0359235,-0.041485,0,0,0.00179943,-0.00207425,0,0,0.00539144,-0.00622275,0,0,0.00898344,-0.0103713,0,0,0,0,0,1,0,0,0,1,0,0,0,1,0.00179772,-0.00207425,0,0,0.00538973,-0.00622275,0,0,0.00898179,-0.0103713,0,0,0,0,0,1,0,0,0,1,0,0,0,1
ETHUSDT,maker_upper,0,2022-05-12 07:16:00+00:00,-1,-108.7,-115.2,7,111.729,20.1852,0,0,91.5437,1,1,0.00913154,-0.000997696,0,0,0.0273946,-0.00299309,0,0,0.0456577,-0.00498848,0,0,0.0913154,-0.00997696,0,0,0.136973,-0.0149654,0,0,0.182631,-0.0199539,0,0,0.00913154,-0.000997696,0,0,0.0273946,-0.00299309,0,0,0.0456577,-0.00498848,0,0,0,0,0,1,0,0,0,1,0,0,0,1,0.00913154,-0.000997696,0,0,0.0273946,-0.00299309,0,0,0.0456577,-0.00498848,0,0,0,0,0,1,0,0,0,1,0,0,0,1
ETHUSDT,maker_upper,0,2022-09-15 06:47:00+00:00,1,81.8,47,481,54.4233,19.287,0,-21.8004,13.3359,1,1,0.00133357,-0.00100094,0,0,0.00398018,-0.00300282,0,0,0.00662678,-0.0050047,0,0,0.0132433,-0.0100094,0,0,0.0198598,-0.0150141,0,0,0.0264763,-0.0200188,0,0,0.00133357,-0.00100094,0,0,0.00398018,-0.00300282,0,0,0.00662678,-0.0050047,0,0,0,0,0,1,0,0,0,1,0,0,0,1,0.00132844,-0.00100094,0,0,0.00397506,-0.00300282,0,0,0.00662173,-0.0050047,0,0,0,0,0,1,0,0,0,1,0,0,0,1
BTCUSDT,maker_upper,0,2022-11-08 19:31:00+00:00,-1,-113.4,-118.4,52,113.127,20.3136,0,0,92.8139,1,1,0.00925856,-0.000997632,0,0,0.0277757,-0.0029929,0,0,0.0462928,-0.00498816,0,0,0.0925856,-0.00997632,0,0,0.138878,-0.0149645,0,0,0.185171,-0.0199526,0,0,0.00925856,-0.000997632,0,0,0.0277757,-0.0029929,0,0,0.0462928,-0.00498816,0,0,0,0,0,1,0,0,0,1,0,0,0,1,0.00925856,-0.000997632,0,0,0.0277757,-0.0029929,0,0,0.0462928,-0.00498816,0,0,0,0,0,1,0,0,0,1,0,0,0,1
ETHUSDT,maker_upper,0,2022-11-08 19:32:00+00:00,-1,-250.8,-256.2,2,360.686,20.5131,0,0,340.173,1,1,0.0339944,-0.000994876,0,0,0.101983,-0.00298463,0,0,0.169972,-0.00497438,0,0,0.339944,-0.00994876,0,0,0.509916,-0.0149231,0,0,0.679888,-0.0198975,0,0,0.0339944,-0.000994876,0,0,0.101983,-0.00298463,0,0,0.169972,-0.00497438,0,0,0,0,0,1,0,0,0,1,0,0,0,1,0.0339944,-0.000994876,0,0,0.101983,-0.00298463,0,0,0.169972,-0.00497438,0,0,0,0,0,1,0,0,0,1,0,0,0,1
BTCUSDT,maker_upper,0,2023-01-14 00:38:00+00:00,1,149.5,145.4,481,133.396,22.1849,1.31662,4.6299,114.525,1,0.5,0.0114521,-0.00100291,0,0,0.0336414,-0.00300872,0,0,0.0558307,-0.00501454,0,0,0.111304,-0.0100291,0,0,0.166777,-0.0150436,0,0,0.222251,-0.0200582,0,0,0.0114521,-0.00100291,0,0,0.0336414,-0.00300872,0,0,0.0558307,-0.00501454,0,0,0,0,0,1,0,0,0,1,0,0,0,1,0.0112736,-0.00100291,0,0,0.0334632,-0.00300872,0,0,0.0556552,-0.00501454,0,0,0,0,0,1,0,0,0,1,0,0,0,1
ETHUSDT,maker_upper,0,2023-01-14 00:38:00+00:00,1,238.2,236.1,481,223.064,22.2192,1.36905,6.22967,205.706,1,0.5,0.0205702,-0.00100472,0,0,0.0609958,-0.00301417,0,0,0.101421,-0.00502361,0,0,0.202485,-0.0100472,0,0,0.303549,-0.0150708,0,0,0.404613,-0.0200944,0,0,0.0205702,-0.00100472,0,0,0.0609958,-0.00301417,0,0,0.101421,-0.00502361,0,0,0,0,0,1,0,0,0,1,0,0,0,1,0.0203917,-0.00100472,0,0,0.0608176,-0.00301417,0,0,0.101246,-0.00502361,0,0,0,0,0,1,0,0,0,1,0,0,0,1
BTCUSDT,maker_upper,0,2023-08-17 21:42:00+00:00,-1,-116.1,56.4653,3,-23.333,21.7057,19.15,0,-64.1887,0.5,1,-0.0064417,-0.00873416,0,0,-0.0193251,-0.0262025,0,0,-0.0322085,-0.0436708,0,0,-0.064417,-0.0873416,0,0,-0.0966256,-0.131012,0,0,-0.128834,-0.174683,0,0,-0.0064417,-0.00873416,0,0,-0.0193251,-0.0262025,0,0,-0.0322085,-0.0436708,0,0,0,0,0,1,0,0,0,1,0,0,0,1,-0.0064417,-0.00873416,0,0,-0.0193251,-0.0262025,0,0,-0.0322085,-0.0436708,0,0,0,0,0,1,0,0,0,1,0,0,0,1
ETHUSDT,maker_upper,0,2023-08-17 21:42:00+00:00,-1,-296.8,-182.526,21,178.555,21.8895,14.05,0,142.616,0.5,1,0.0142387,-0.00260135,0,0,0.0427162,-0.00780405,0,0,0.0711937,-0.0130067,0,0,0.142387,-0.0260135,0,0,0.213581,-0.0390202,0,0,0.284775,-0.052027,0,0,0.0142387,-0.00260135,0,0,0.0427162,-0.00780405,0,0,0.0711937,-0.0130067,0,0,0,0,0,1,0,0,0,1,0,0,0,1,0.0142387,-0.00260135,0,0,0.0427162,-0.00780405,0,0,0.0711937,-0.0130067,0,0,0,0,0,1,0,0,0,1,0,0,0,1
BTCUSDT,maker_upper,0,2023-10-01 22:17:00+00:00,1,87.6,82.6,66,87.5955,20.0065,0,0,67.589,1,1,0.00675889,-0.00100165,0,0,0.0202658,-0.00300496,0,0,0.0337727,-0.00500826,0,0,0.0675399,-0.0100165,0,0,0.101307,-0.0150248,0,0,0.135074,-0.020033,0,0,0.00675889,-0.00100165,0,0,0.0202658,-0.00300496,0,0,0.0337727,-0.00500826,0,0,0,0,0,1,0,0,0,1,0,0,0,1,0.00675617,-0.00100165,0,0,0.0202631,-0.00300496,0,0,0.03377,-0.00500826,0,0,0,0,0,1,0,0,0,1,0,0,0,1
ETHUSDT,maker_upper,0,2023-10-01 22:17:00+00:00,1,106.5,101.5,175,104.403,21.8273,1.42675,0.989951,82.1393,1,0.5,0.00821392,-0.00100203,0,0,0.0246257,-0.00300609,0,0,0.0410375,-0.00501015,0,0,0.082067,-0.0100203,0,0,0.123097,-0.0150305,0,0,0.164126,-0.0200406,0,0,0.00821392,-0.00100203,0,0,0.0246257,-0.00300609,0,0,0.0410375,-0.00501015,0,0,0,0,0,1,0,0,0,1,0,0,0,1,0.00820991,-0.00100203,0,0,0.0246217,-0.00300609,0,0,0.0410336,-0.00501015,0,0,0,0,0,1,0,0,0,1,0,0,0,1
BTCUSDT,maker_upper,0,2023-10-23 22:41:00+00:00,1,133.5,22.8756,136,27.1472,21.9376,19.4,0.977299,-13.2131,0.5,1,-0.00132155,-0.00555213,0,0,-0.0041172,-0.0166564,0,0,-0.00691284,-0.0277606,0,0,-0.013902,-0.0555213,0,0,-0.0208911,-0.0832819,0,0,-0.0278802,-0.111043,0,0,-0.00132155,-0.00555213,0,0,-0.0041172,-0.0166564,0,0,-0.00691284,-0.0277606,0,0,0,0,0,1,0,0,0,1,0,0,0,1,-0.00135957,-0.00555213,0,0,-0.00415497,-0.0166564,0,0,-0.00694866,-0.0277606,0,0,0,0,0,1,0,0,0,1,0,0,0,1
BTCUSDT,maker_upper,0,2023-11-15 18:11:00+00:00,1,99.8,104.4,13,101.015,19.9761,0,0,81.0394,1,1,0.00810394,-0.00100209,0,0,0.0243004,-0.00300626,0,0,0.0404968,-0.00501044,0,0,0.080988,-0.0100209,0,0,0.121479,-0.0150313,0,0,0.16197,-0.0200418,0,0,0.00810394,-0.00100209,0,0,0.0243004,-0.00300626,0,0,0.0404968,-0.00501044,0,0,0,0,0,1,0,0,0,1,0,0,0,1,0.00810108,-0.00100209,0,0,0.0242975,-0.00300626,0,0,0.040494,-0.00501044,0,0,0,0,0,1,0,0,0,1,0,0,0,1
BTCUSDT,maker_upper,0,2023-12-11 02:12:00+00:00,-1,-94.2,-87.4,481,85.3447,22.3148,1.18189,-1.02028,60.8277,1,0.5,0.00587729,-0.000998252,0,0,0.0176319,-0.00299476,0,0,0.0293865,-0.00499126,0,0,0.0587729,-0.00998252,0,0,0.0881594,-0.0149738,0,0,0.117546,-0.019965,0,0,0.00587729,-0.000998252,0,0,0.0176319,-0.00299476,0,0,0.0293865,-0.00499126,0,0,0,0,0,1,0,0,0,1,0,0,0,1,0.00587729,-0.000998252,0,0,0.0176319,-0.00299476,0,0,0.0293865,-0.00499126,0,0,0,0,0,1,0,0,0,1,0,0,0,1
ETHUSDT,maker_upper,0,2023-12-11 02:12:00+00:00,-1,-189.3,-127.569,481,127.311,24.3439,10.1854,-1.02451,91.7574,0.5,0.5,0.00897026,-0.00209745,0,0,0.0269108,-0.00629235,0,0,0.0448513,-0.0104872,0,0,0.0897026,-0.0209745,0,0,0.134554,-0.0314617,0,0,0.179405,-0.041949,0,0,0.00897026,-0.00209745,0,0,0.0269108,-0.00629235,0,0,0.0448513,-0.0104872,0,0,0,0,0,1,0,0,0,1,0,0,0,1,0.00897026,-0.00209745,0,0,0.0269108,-0.00629235,0,0,0.0448513,-0.0104872,0,0,0,0,0,1,0,0,0,1,0,0,0,1
BTCUSDT,maker_upper,0,2024-01-03 12:09:00+00:00,-1,-117.6,-110.3,4,85.8464,22.218,5.05105,0,58.5773,1,0.5,0.0058349,-0.000997794,0,0,0.0175047,-0.00299338,0,0,0.0291745,-0.00498897,0,0,0.058349,-0.00997794,0,0,0.0875235,-0.0149669,0,0,0.116698,-0.0199559,0,0,0.0058349,-0.000997794,0,0,0.0175047,-0.00299338,0,0,0.0291745,-0.00498897,0,0,0,0,0,1,0,0,0,1,0,0,0,1,0.0058349,-0.000997794,0,0,0.0175047,-0.00299338,0,0,0.0291745,-0.00498897,0,0,0,0,0,1,0,0,0,1,0,0,0,1
ETHUSDT,maker_upper,0,2024-01-03 12:09:00+00:00,-1,-239.1,-231,481,224.551,22.3454,1.91057,-1.04855,199.246,1,0.5,0.0197191,-0.00099538,0,0,0.0591574,-0.00298614,0,0,0.0985956,-0.0049769,0,0,0.197191,-0.0099538,0,0,0.295787,-0.0149307,0,0,0.394383,-0.0199076,0,0,0.0197191,-0.00099538,0,0,0.0591574,-0.00298614,0,0,0.0985956,-0.0049769,0,0,0,0,0,1,0,0,0,1,0,0,0,1,0.0197191,-0.00099538,0,0,0.0591574,-0.00298614,0,0,0.0985956,-0.0049769,0,0,0,0,0,1,0,0,0,1,0,0,0,1
ETHUSDT,maker_upper,0,2024-04-13 20:09:00+00:00,-1,-95.9,-92.4,14,97.0121,20.0088,0,0,77.0033,1,1,0.0076775,-0.000998152,0,0,0.0230325,-0.00299446,0,0,0.0383875,-0.00499076,0,0,0.076775,-0.00998152,0,0,0.115163,-0.0149723,0,0,0.15355,-0.019963,0,0,0.0076775,-0.000998152,0,0,0.0230325,-0.00299446,0,0,0.0383875,-0.00499076,0,0,0,0,0,1,0,0,0,1,0,0,0,1,0.0076775,-0.000998152,0,0,0.0230325,-0.00299446,0,0,0.0383875,-0.00499076,0,0,0,0,0,1,0,0,0,1,0,0,0,1
ETHUSDT,maker_upper,0,2024-05-01 07:08:00+00:00,-1,-133.4,-137.9,7,133.7,19.972,0,0,113.728,1,1,0.01135,-0.000997242,0,0,0.0340499,-0.00299173,0,0,0.0567498,-0.00498621,0,0,0.1135,-0.00997242,0,0,0.170249,-0.0149586,0,0,0.226999,-0.0199448,0,0,0.01135,-0.000997242,0,0,0.0340499,-0.00299173,0,0,0.0567498,-0.00498621,0,0,0,0,0,1,0,0,0,1,0,0,0,1,0.01135,-0.000997242,0,0,0.0340499,-0.00299173,0,0,0.0567498,-0.00498621,0,0,0,0,0,1,0,0,0,1,0,0,0,1
ETHUSDT,maker_upper,0,2024-08-05 01:10:00+00:00,1,86,81.4,6,86.8569,20.715,0,0,66.1419,1,1,0.00661419,-0.0010454,0,0,0.0198357,-0.00313621,0,0,0.0330572,-0.00522701,0,0,0.0661111,-0.010454,0,0,0.0991649,-0.015681,0,0,0.132219,-0.020908,0,0,0.00661419,-0.0010454,0,0,0.0198357,-0.00313621,0,0,0.0330572,-0.00522701,0,0,0,0,0,1,0,0,0,1,0,0,0,1,0.00661248,-0.0010454,0,0,0.019834,-0.00313621,0,0,0.0330556,-0.00522701,0,0,0,0,0,1,0,0,0,1,0,0,0,1
ETHUSDT,maker_upper,0,2025-02-03 02:07:00+00:00,-1,-228.6,-232.8,3,236.494,20.8184,0,0,215.675,1,1,0.0215447,-0.000995344,0,0,0.0646341,-0.00298603,0,0,0.107724,-0.00497672,0,0,0.215447,-0.00995344,0,0,0.323171,-0.0149302,0,0,0.430894,-0.0199069,0,0,0.0215447,-0.000995344,0,0,0.0646341,-0.00298603,0,0,0.107724,-0.00497672,0,0,0,0,0,1,0,0,0,1,0,0,0,1,0.0215447,-0.000995344,0,0,0.0646341,-0.00298603,0,0,-0.0403836,-0.0403836,1,0,0,0,0,1,0,0,0,1,0,0,0,1
ETHUSDT,maker_upper,0,2025-10-10 21:16:00+00:00,-1,-105.1,-110.1,4,141.074,19.6939,0,0,121.38,1,1,0.0121152,-0.000997798,0,0,0.0363455,-0.00299339,0,0,0.0605759,-0.00498899,0,0,0.121152,-0.00997798,0,0,0.181728,-0.014967,0,0,0.242304,-0.019956,0,0,0.0121152,-0.000997798,0,0,0.0363455,-0.00299339,0,0,0.0605759,-0.00498899,0,0,0,0,0,1,0,0,0,1,0,0,0,1,0.0121152,-0.000997798,0,0,0.0363455,-0.00299339,0,0,0.0605759,-0.00498899,0,0,0,0,0,1,0,0,0,1,0,0,0,1
ETHUSDT,maker_upper,0,2025-10-10 21:22:00+00:00,1,119.7,114.7,10,130.308,20.221,0,0,110.087,1,1,0.0110087,-0.00131087,0,0,0.0330146,-0.00393261,0,0,0.0550205,-0.00655435,0,0,0.110035,-0.0131087,0,0,0.16505,-0.0196631,0,0,0.220065,-0.0262174,0,0,0.0110087,-0.00131087,0,0,0.0330146,-0.00393261,0,0,0.0550205,-0.00655435,0,0,0,0,0,1,0,0,0,1,0,0,0,1,0.0110058,-0.00131087,0,0,0.0330118,-0.00393261,0,0,0.0550177,-0.00655435,0,0,0,0,0,1,0,0,0,1,0,0,0,1
BTCUSDT,maker_upper,0,2025-10-10 21:27:00+00:00,1,81.7,77.1,11,82.8534,20.2883,0,0,62.5652,1,1,0.00625651,-0.00100154,0,0,0.0187581,-0.00300463,0,0,0.0312597,-0.00500771,0,0,0.0625137,-0.0100154,0,0,0.0937678,-0.0150231,0,0,0.125022,-0.0200308,0,0,0.00625651,-0.00100154,0,0,0.0187581,-0.00300463,0,0,0.0312597,-0.00500771,0,0,0,0,0,1,0,0,0,1,0,0,0,1,0.00625366,-0.00100154,0,0,0.0187553,-0.00300463,0,0,0.0312569,-0.00500771,0,0,0,0,0,1,0,0,0,1,0,0,0,1
ETHUSDT,maker_upper,0,2025-10-10 21:56:00+00:00,-1,-265.8,-270.8,15,271.374,19.5205,0,0,251.854,1,1,0.0251626,-0.000994584,0,0,0.0754877,-0.00298375,0,0,0.125813,-0.00497292,0,0,0.251626,-0.00994584,0,0,0.377439,-0.0149188,0,0,0.503251,-0.0198917,0,0,0.0251626,-0.000994584,0,0,0.0754877,-0.00298375,0,0,0.125813,-0.00497292,0,0,0,0,0,1,0,0,0,1,0,0,0,1,0.0251626,-0.000994584,0,0,0.0754877,-0.00298375,0,0,0.125813,-0.00497292,0,0,0,0,0,1,0,0,0,1,0,0,0,1
BTCUSDT,maker_upper,0,2026-08-19 15:27:00+00:00,1,186.3,181.7,6,187.527,19.9117,0,0,167.615,1,1,0.0167615,-0.00100363,0,0,0.0502778,-0.0030109,0,0,0.083794,-0.00501817,0,0,0.167585,-0.0100363,0,0,0.251375,-0.0150545,0,0,0.335166,-0.0200727,0,0,0.0167615,-0.00100363,0,0,0.0502778,-0.0030109,0,0,0.083794,-0.00501817,0,0,0,0,0,1,0,0,0,1,0,0,0,1,0.0167598,-0.00100363,0,0,0.0502761,-0.0030109,0,0,0.0837923,-0.00501817,0,0,0,0,0,1,0,0,0,1,0,0,0,1
ETHUSDT,maker_upper,0,2026-08-19 15:27:00+00:00,1,103.9,99.3,6,104.032,19.878,0,0,84.1544,1,1,0.00841543,-0.00100199,0,0,0.0252394,-0.00300596,0,0,0.0420635,-0.00500993,0,0,0.0841235,-0.0100199,0,0,0.126184,-0.0150298,0,0,0.168244,-0.0200397,0,0,0.00841543,-0.00100199,0,0,0.0252394,-0.00300596,0,0,0.0420635,-0.00500993,0,0,0,0,0,1,0,0,0,1,0,0,0,1,0.00841372,-0.00100199,0,0,0.0252377,-0.00300596,0,0,0.0420618,-0.00500993,0,0,0,0,0,1,0,0,0,1,0,0,0,1
ETHUSDT,taker,0,2022-05-12 07:16:00+00:00,-1,-108.7,-116.4,7,107.718,30.2587,23.7956,0,53.6636,0,0,0.00534353,-0.00219423,0,0,0.0160306,-0.0065827,0,0,0.0267177,-0.0109712,0,0,0.0534353,-0.0219423,0,0,0.080153,-0.0329135,0,0,0.106871,-0.0438847,0,0,0.00534353,-0.00219423,0,0,0.0160306,-0.0065827,0,0,0.0267177,-0.0109712,0,0,0,0,0,1,0,0,0,1,0,0,0,1,0.00534353,-0.00219423,0,0,0.0160306,-0.0065827,0,0,0.0267177,-0.0109712,0,0,0,0,0,1,0,0,0,1,0,0,0,1
ETHUSDT,taker,0,2022-09-15 06:47:00+00:00,1,81.8,48.4,481,56.3838,28.9455,20.004,-21.8109,-14.3766,0,0,-0.00143769,-0.00275583,0,0,-0.0043336,-0.0082675,0,0,-0.00722952,-0.0137792,0,0,-0.0144693,-0.0275583,0,0,-0.0217091,-0.0413375,0,0,-0.0289489,-0.0551166,0,0,-0.00143769,-0.00275583,0,0,-0.0043336,-0.0082675,0,0,-0.00722952,-0.0137792,0,0,0,0,0,1,0,0,0,1,0,0,0,1,-0.00144281,-0.00275583,0,0,-0.0043387,-0.0082675,0,0,-0.00723444,-0.0137792,0,0,0,0,0,1,0,0,0,1,0,0,0,1
BTCUSDT,taker,0,2022-11-08 19:31:00+00:00,-1,-113.4,-120.3,52,113.89,30.4458,44.1874,0,39.2564,0,0,0.00390281,-0.00493595,0,0,0.0117084,-0.0148078,0,0,0.019514,-0.0246797,0,0,0.0390281,-0.0493595,0,0,0.0585421,-0.0740392,0,0,0.0780561,-0.098719,0,0,0.00390281,-0.00493595,0,0,0.0117084,-0.0148078,0,0,0.019514,-0.0246797,0,0,0,0,0,1,0,0,0,1,0,0,0,1,0.00390281,-0.00493595,0,0,0.0117084,-0.0148078,0,0,0.019514,-0.0246797,0,0,0,0,0,1,0,0,0,1,0,0,0,1
ETHUSDT,taker,0,2022-11-08 19:32:00+00:00,-1,-250.8,-256.2,2,343.078,30.7305,90.2753,0,222.072,0,0,0.0221844,-0.00497954,0,0,0.0665531,-0.0149386,0,0,0.110922,-0.0248977,0,0,0.221844,-0.0497954,0,0,0.332766,-0.0746932,0,0,0.443687,-0.0995909,0,0,0.0221844,-0.00497954,0,0,0.0665531,-0.0149386,0,0,0.110922,-0.0248977,0,0,0,0,0,1,0,0,0,1,0,0,0,1,0.0221844,-0.00497954,0,0,0.0665531,-0.0149386,0,0,0.110922,-0.0248977,0,0,0,0,0,1,0,0,0,1,0,0,0,1
BTCUSDT,taker,0,2023-01-14 00:38:00+00:00,1,149.5,145.4,481,135.675,30.2729,18.3021,4.62988,91.7299,0,0,0.00917189,-0.0030689,0,0,0.0268008,-0.00920671,0,0,0.0444298,-0.0153445,0,0,0.0885022,-0.030689,0,0,0.132575,-0.0460335,0,0,0.176647,-0.061378,0,0,0.00917189,-0.0030689,0,0,0.0268008,-0.00920671,0,0,0.0444298,-0.0153445,0,0,0,0,0,1,0,0,0,1,0,0,0,1,0.00899373,-0.0030689,0,0,0.0266238,-0.00920671,0,0,0.0442597,-0.0153445,0,0,0,0,0,1,0,0,0,1,0,0,0,1
ETHUSDT,taker,0,2023-01-14 00:38:00+00:00,1,238.2,222.4,481,212.772,30.3174,26.1351,6.22341,162.543,0,0,0.016253,-0.00384581,0,0,0.0480441,-0.0115374,0,0,0.0798352,-0.019229,0,0,0.159313,-0.0384581,0,0,0.238791,-0.0576871,0,0,0.318268,-0.0769161,0,0,0.016253,-0.00384581,0,0,0.0480441,-0.0115374,0,0,0.0798352,-0.019229,0,0,0,0,0,1,0,0,0,1,0,0,0,1,0.0160749,-0.00384581,0,0,0.0478674,-0.0115374,0,0,0.0796673,-0.019229,0,0,0,0,0,1,0,0,0,1,0,0,0,1
BTCUSDT,taker,0,2023-08-17 21:42:00+00:00,-1,-116.1,-120,3,143.342,29.2428,58.1167,0,55.9827,0,0,0.00557544,-0.00617046,0,0,0.0167263,-0.0185114,0,0,0.0278772,-0.0308523,0,0,0.0557544,-0.0617046,0,0,0.0836315,-0.0925569,0,0,0.111509,-0.123409,0,0,0.00557544,-0.00617046,0,0,0.0167263,-0.0185114,0,0,0.0278772,-0.0308523,0,0,0,0,0,1,0,0,0,1,0,0,0,1,0.00557544,-0.00617046,0,0,0.0167263,-0.0185114,0,0,0.0278772,-0.0308523,0,0,0,0,0,1,0,0,0,1,0,0,0,1
ETHUSDT,taker,0,2023-08-17 21:42:00+00:00,-1,-296.8,-300.2,21,296.277,29.5588,32.8197,0,233.899,0,0,0.023367,-0.00431101,0,0,0.0701011,-0.012933,0,0,0.116835,-0.0215551,0,0,0.23367,-0.0431101,0,0,0.350505,-0.0646652,0,0,0.46734,-0.0862202,0,0,0.023367,-0.00431101,0,0,0.0701011,-0.012933,0,0,0.116835,-0.0215551,0,0,0,0,0,1,0,0,0,1,0,0,0,1,0.023367,-0.00431101,0,0,0.0701011,-0.012933,0,0,0.116835,-0.0215551,0,0,0,0,0,1,0,0,0,1,0,0,0,1
BTCUSDT,taker,0,2023-10-01 22:17:00+00:00,1,87.6,81.7,66,86.6955,30.0249,18.0275,0,38.6432,0,0,0.0038643,-0.00304713,0,0,0.0115821,-0.0091414,0,0,0.0192998,-0.0152357,0,0,0.0385943,-0.0304713,0,0,0.0578887,-0.045707,0,0,0.0771831,-0.0609426,0,0,0.0038643,-0.00304713,0,0,0.0115821,-0.0091414,0,0,0.0192998,-0.0152357,0,0,0,0,0,1,0,0,0,1,0,0,0,1,0.0038616,-0.00304713,0,0,0.0115794,-0.0091414,0,0,0.0192973,-0.0152357,0,0,0,0,0,1,0,0,0,1,0,0,0,1
ETHUSDT,taker,0,2023-10-01 22:17:00+00:00,1,106.5,107.7,175,112.822,29.8254,21.0329,0.990709,62.9541,0,0,0.00629538,-0.00332804,0,0,0.0188701,-0.00998412,0,0,0.0314448,-0.0166402,0,0,0.0628817,-0.0332804,0,0,0.0943185,-0.0499206,0,0,0.125755,-0.0665608,0,0,0.00629538,-0.00332804,0,0,0.0188701,-0.00998412,0,0,0.0314448,-0.0166402,0,0,0,0,0,1,0,0,0,1,0,0,0,1,0.00629139,-0.00332804,0,0,0.0188661,-0.00998412,0,0,0.031441,-0.0166402,0,0,0,0,0,1,0,0,0,1,0,0,0,1
BTCUSDT,taker,0,2023-10-23 22:41:00+00:00,1,133.5,106.1,136,110.407,30.0737,55.843,0.98531,25.4751,0,0,0.002547,-0.00665904,0,0,0.00748913,-0.0199771,0,0,0.0124313,-0.0332952,0,0,0.0247866,-0.0665904,0,0,0.0371419,-0.0998857,0,0,0.0494972,-0.133181,0,0,0.002547,-0.00665904,0,0,0.00748913,-0.0199771,0,0,0.0124313,-0.0332952,0,0,0,0,0,1,0,0,0,1,0,0,0,1,0.00250929,-0.00665904,0,0,0.00745192,-0.0199771,0,0,0.0123969,-0.0332952,0,0,0,0,0,1,0,0,0,1,0,0,0,1
BTCUSDT,taker,0,2023-11-15 18:11:00+00:00,1,99.8,104.4,13,101.015,29.9857,25.8143,0,45.2155,0,0,0.00452153,-0.00310097,0,0,0.0135532,-0.00930292,0,0,0.0225848,-0.0155049,0,0,0.045164,-0.0310097,0,0,0.0677431,-0.0465146,0,0,0.0903222,-0.0620195,0,0,0.00452153,-0.00310097,0,0,0.0135532,-0.00930292,0,0,0.0225848,-0.0155049,0,0,0,0,0,1,0,0,0,1,0,0,0,1,0.00451869,-0.00310097,0,0,0.0135504,-0.00930292,0,0,0.0225821,-0.0155049,0,0,0,0,0,1,0,0,0,1,0,0,0,1
BTCUSDT,taker,0,2023-12-11 02:12:00+00:00,-1,-94.2,-83.3,481,82.1691,30.3788,36.6321,-1.02071,14.1374,0,0,0.00120827,-0.00491747,0,0,0.0036248,-0.0147524,0,0,0.00604133,-0.0245873,0,0,0.0120827,-0.0491747,0,0,0.018124,-0.073762,0,0,0.0241653,-0.0983493,0,0,0.00120827,-0.00491747,0,0,0.0036248,-0.0147524,0,0,0.00604133,-0.0245873,0,0,0,0,0,1,0,0,0,1,0,0,0,1,0.00120827,-0.00491747,0,0,0.0036248,-0.0147524,0,0,0.00604133,-0.0245873,0,0,0,0,0,1,0,0,0,1,0,0,0,1
ETHUSDT,taker,0,2023-12-11 02:12:00+00:00,-1,-189.3,-169.3,481,170.531,30.3095,25.6172,-1.02014,113.585,0,0,0.011153,-0.00381207,0,0,0.033459,-0.0114362,0,0,0.0557649,-0.0190604,0,0,0.11153,-0.0381207,0,0,0.167295,-0.0571811,0,0,0.22306,-0.0762414,0,0,0.011153,-0.00381207,0,0,0.033459,-0.0114362,0,0,0.0557649,-0.0190604,0,0,0,0,0,1,0,0,0,1,0,0,0,1,0.011153,-0.00381207,0,0,0.033459,-0.0114362,0,0,0.0557649,-0.0190604,0,0,0,0,0,1,0,0,0,1,0,0,0,1
BTCUSDT,taker,0,2024-01-03 12:09:00+00:00,-1,-117.6,-105.4,4,116.991,30.2043,32.6788,0,54.1078,0,0,0.00538795,-0.00372492,0,0,0.0161638,-0.0111748,0,0,0.0269397,-0.0186246,0,0,0.0538795,-0.0372492,0,0,0.0808192,-0.0558738,0,0,0.107759,-0.0744984,0,0,0.00538795,-0.00372492,0,0,0.0161638,-0.0111748,0,0,0.0269397,-0.0186246,0,0,0,0,0,1,0,0,0,1,0,0,0,1,0.00538795,-0.00372492,0,0,0.0161638,-0.0111748,0,0,0.0269397,-0.0186246,0,0,0,0,0,1,0,0,0,1,0,0,0,1
ETHUSDT,taker,0,2024-01-03 12:09:00+00:00,-1,-239.1,-234.5,481,236.461,30.3623,29.0065,-1.04855,176.043,0,0,0.0173988,-0.00400193,0,0,0.0521965,-0.0120058,0,0,0.0869942,-0.0200096,0,0,0.173988,-0.0400193,0,0,0.260983,-0.0600289,0,0,0.347977,-0.0800386,0,0,0.0173988,-0.00400193,0,0,0.0521965,-0.0120058,0,0,0.0869942,-0.0200096,0,0,0,0,0,1,0,0,0,1,0,0,0,1,0.0173988,-0.00400193,0,0,0.0521965,-0.0120058,0,0,0.0869942,-0.0200096,0,0,0,0,0,1,0,0,0,1,0,0,0,1
ETHUSDT,taker,0,2024-04-13 20:09:00+00:00,-1,-95.9,-88.6,14,93.0115,29.9972,50.2539,0,12.7604,0,0,0.00125321,-0.0041041,0,0,0.00375962,-0.0123123,0,0,0.00626604,-0.0205205,0,0,0.0125321,-0.041041,0,0,0.0187981,-0.0615614,0,0,0.0250641,-0.0820819,0,0,0.00125321,-0.0041041,0,0,0.00375962,-0.0123123,0,0,0.00626604,-0.0205205,0,0,0,0,0,1,0,0,0,1,0,0,0,1,0.00125321,-0.0041041,0,0,0.00375962,-0.0123123,0,0,0.00626604,-0.0205205,0,0,0,0,0,1,0,0,0,1,0,0,0,1
ETHUSDT,taker,0,2024-05-01 07:08:00+00:00,-1,-133.4,-147.5,7,143.298,29.9302,22.5562,0,90.8119,0,0,0.00905836,-0.0029781,0,0,0.0271751,-0.00893429,0,0,0.0452918,-0.0148905,0,0,0.0905836,-0.029781,0,0,0.135875,-0.0446714,0,0,0.181167,-0.0595619,0,0,0.00905836,-0.0029781,0,0,0.0271751,-0.00893429,0,0,0.0452918,-0.0148905,0,0,0,0,0,1,0,0,0,1,0,0,0,1,0.00905836,-0.0029781,0,0,0.0271751,-0.00893429,0,0,0.0452918,-0.0148905,0,0,0,0,0,1,0,0,0,1,0,0,0,1
ETHUSDT,taker,0,2024-08-05 01:10:00+00:00,1,86,83.6,6,86.595,31.0852,89.0678,0,-33.5579,0,0,-0.00335581,-0.00741633,0,0,-0.0100743,-0.022249,0,0,-0.0167928,-0.0370817,0,0,-0.033589,-0.0741633,0,0,-0.0503852,-0.111245,0,0,-0.0671814,-0.148327,0,0,-0.00335581,-0.00741633,0,0,-0.0100743,-0.022249,0,0,-0.0167928,-0.0370817,0,0,0,0,0,1,0,0,0,1,0,0,0,1,-0.00335751,-0.00741633,0,0,-0.010076,-0.022249,0,0,-0.0253242,-0.0370817,1,0,0,0,0,1,0,0,0,1,0,0,0,1
ETHUSDT,taker,0,2025-02-03 02:07:00+00:00,-1,-228.6,-232.8,3,238.123,31.1801,116.232,0,90.7109,0,0,0.00904826,-0.0108951,0,0,0.0271448,-0.0326853,0,0,0.0452413,-0.0544755,0,0,0.0904826,-0.108951,0,0,0.135724,-0.163427,0,0,0.180965,-0.217902,0,0,0.00904826,-0.0108951,0,0,0.0271448,-0.0326853,0,0,0.0452413,-0.0544755,0,0,0,0,0,1,0,0,0,1,0,0,0,1,0.00904826,-0.0108951,0,0,0.0271448,-0.0326853,0,0,-0.0367144,-0.0544755,1,0,0,0,0,1,0,0,0,1,0,0,0,1
ETHUSDT,taker,0,2025-10-10 21:16:00+00:00,-1,-105.1,-108.1,4,138.499,29.5292,124.021,0,-15.0514,0,0,-0.00152797,-0.00688249,0,0,-0.0045839,-0.0206475,0,0,-0.00763984,-0.0344124,0,0,-0.0152797,-0.0688249,0,0,-0.0229195,-0.103237,0,0,-0.0305594,-0.13765,0,0,-0.00152797,-0.00688249,0,0,-0.0045839,-0.0206475,0,0,-0.00763984,-0.0344124,0,0,0,0,0,1,0,0,0,1,0,0,0,1,-0.00152797,-0.00688249,0,0,-0.0045839,-0.0206475,0,0,-0.00763984,-0.0344124,0,0,0,0,0,1,0,0,0,1,0,0,0,1
ETHUSDT,taker,0,2025-10-10 21:22:00+00:00,1,119.7,114.7,10,122.454,30.3573,59.081,0,33.0156,0,0,0.00330153,-0.00588146,0,0,0.00989317,-0.0176444,0,0,0.0164848,-0.0294073,0,0,0.0329639,-0.0588146,0,0,0.049443,-0.0882219,0,0,0.0659221,-0.117629,0,0,0.00330153,-0.00588146,0,0,0.00989317,-0.0176444,0,0,0.0164848,-0.0294073,0,0,0,0,0,1,0,0,0,1,0,0,0,1,0.00329869,-0.00588146,0,0,0.00989037,-0.0176444,0,0,0.0164822,-0.0294073,0,0,0,0,0,1,0,0,0,1,0,0,0,1
BTCUSDT,taker,0,2025-10-10 21:27:00+00:00,1,81.7,63.7,11,66.8841,30.4373,22.5005,0,13.9464,0,0,0.00139462,-0.00293678,0,0,0.00417245,-0.00881035,0,0,0.00695029,-0.0146839,0,0,0.0138949,-0.0293678,0,0,0.0208394,-0.0440518,0,0,0.027784,-0.0587357,0,0,0.00139462,-0.00293678,0,0,0.00417245,-0.00881035,0,0,0.00695029,-0.0146839,0,0,0,0,0,1,0,0,0,1,0,0,0,1,0.00139178,-0.00293678,0,0,0.00416963,-0.00881035,0,0,0.00694757,-0.0146839,0,0,0,0,0,1,0,0,0,1,0,0,0,1
ETHUSDT,taker,0,2025-10-10 21:56:00+00:00,-1,-265.8,-269,15,269.383,29.2273,32.2083,0,207.947,0,0,0.0207719,-0.0038696,0,0,0.0623157,-0.0116088,0,0,0.10386,-0.019348,0,0,0.207719,-0.038696,0,0,0.311579,-0.058044,0,0,0.415438,-0.0773921,0,0,0.0207719,-0.0038696,0,0,0.0623157,-0.0116088,0,0,0.10386,-0.019348,0,0,0,0,0,1,0,0,0,1,0,0,0,1,0.0207719,-0.0038696,0,0,0.0623157,-0.0116088,0,0,0.10386,-0.019348,0,0,0,0,0,1,0,0,0,1,0,0,0,1
BTCUSDT,taker,0,2026-08-19 15:27:00+00:00,1,186.3,186,6,191.533,29.9109,30.8165,0,130.806,0,0,0.0130806,-0.0037958,0,0,0.0392348,-0.0113874,0,0,0.0653891,-0.018979,0,0,0.130775,-0.037958,0,0,0.19616,-0.0569371,0,0,0.261546,-0.0759161,0,0,0.0130806,-0.0037958,0,0,0.0392348,-0.0113874,0,0,0.0653891,-0.018979,0,0,0,0,0,1,0,0,0,1,0,0,0,1,0.0130788,-0.0037958,0,0,0.0392331,-0.0113874,0,0,0.0653875,-0.018979,0,0,0,0,0,1,0,0,0,1,0,0,0,1
ETHUSDT,taker,0,2026-08-19 15:27:00+00:00,1,103.9,103.9,6,108.633,29.8415,22.5148,0,56.2771,0,0,0.0056277,-0.00315527,0,0,0.0168763,-0.00946582,0,0,0.0281248,-0.0157764,0,0,0.0562462,-0.0315527,0,0,0.0843676,-0.0473291,0,0,0.112489,-0.0631055,0,0,0.0056277,-0.00315527,0,0,0.0168763,-0.00946582,0,0,0.0281248,-0.0157764,0,0,0,0,0,1,0,0,0,1,0,0,0,1,0.005626,-0.00315527,0,0,0.0168746,-0.00946582,0,0,0.0281232,-0.0157764,0,0,0,0,0,1,0,0,0,1,0,0,0,1
ETHUSDT,taker,1,2022-05-12 07:16:00+00:00,-1,-108.7,-112.1,7,106.112,30.4275,23.9809,0,51.7035,0,0,0.00514752,-0.00219463,0,0,0.0154426,-0.00658389,0,0,0.0257376,-0.0109732,0,0,0.0514752,-0.0219463,0,0,0.0772128,-0.0329195,0,0,0.10295,-0.0438926,0,0,0.00514752,-0.00219463,0,0,0.0154426,-0.00658389,0,0,0.0257376,-0.0109732,0,0,0,0,0,1,0,0,0,1,0,0,0,1,0.00514752,-0.00219463,0,0,0.0154426,-0.00658389,0,0,0.0257376,-0.0109732,0,0,0,0,0,1,0,0,0,1,0,0,0,1
ETHUSDT,taker,1,2022-09-15 06:47:00+00:00,1,81.8,29.4,481,38.863,28.9261,19.9851,-21.9125,-31.9608,0,0,-0.0031961,-0.0031961,0,0,-0.00960886,-0.00960886,0,0,-0.0160216,-0.0160216,0,0,-0.0320535,-0.0320535,0,0,-0.0480854,-0.0480854,0,0,-0.0641173,-0.0641173,0,0,-0.0031961,-0.0031961,0,0,-0.00960886,-0.00960886,0,0,-0.0160216,-0.0160216,0,0,0,0,0,1,0,0,0,1,0,0,0,1,-0.00320123,-0.00320123,0,0,-0.00961396,-0.00961396,0,0,-0.0160265,-0.0160265,0,0,0,0,0,1,0,0,0,1,0,0,0,1
BTCUSDT,taker,1,2022-11-08 19:31:00+00:00,-1,-113.4,-170.2,52,156,30.6854,44.2572,0,81.0576,0,0,0.00808293,-0.0049239,0,0,0.0242488,-0.0147717,0,0,0.0404146,-0.0246195,0,0,0.0808293,-0.049239,0,0,0.121244,-0.0738585,0,0,0.161659,-0.0984779,0,0,0.00808293,-0.0049239,0,0,0.0242488,-0.0147717,0,0,0.0404146,-0.0246195,0,0,0,0,0,1,0,0,0,1,0,0,0,1,0.00808293,-0.0049239,0,0,0.0242488,-0.0147717,0,0,-0.089413,-0.089413,1,0,0,0,0,1,0,0,0,1,0,0,0,1
ETHUSDT,taker,1,2022-11-08 19:32:00+00:00,-1,-250.8,-106.5,2,-2.81994,30.2173,88.3131,0,-121.35,0,0,-0.0121579,-0.0121579,0,0,-0.0364736,-0.0364736,0,0,-0.0607893,-0.0607893,0,0,-0.121579,-0.121579,0,0,-0.182368,-0.182368,0,0,-0.243157,-0.243157,0,0,-0.0121579,-0.0121579,0,0,-0.0364736,-0.0364736,0,0,-0.0607893,-0.0607893,0,0,0,0,0,1,0,0,0,1,0,0,0,1,-0.0121579,-0.0121579,0,0,-0.0364736,-0.0364736,0,0,-0.0607893,-0.0607893,0,0,0,0,0,1,0,0,0,1,0,0,0,1
BTCUSDT,taker,1,2023-01-14 00:38:00+00:00,1,149.5,103.1,481,94.4851,30.0818,18.2382,4.58044,50.7455,0,0,0.00507345,-0.0030634,0,0,0.0145054,-0.00919021,0,0,0.0239374,-0.015317,0,0,0.0475174,-0.030634,0,0,0.0710974,-0.045951,0,0,0.0946774,-0.0612681,0,0,0.00507345,-0.0030634,0,0,0.0145054,-0.00919021,0,0,0.0239374,-0.015317,0,0,0,0,0,1,0,0,0,1,0,0,0,1,0.00489527,-0.0030634,0,0,0.0143284,-0.00919021,0,0,0.0237673,-0.015317,0,0,0,0,0,1,0,0,0,1,0,0,0,1
ETHUSDT,taker,1,2023-01-14 00:38:00+00:00,1,238.2,110.5,481,100.668,30.1088,25.983,6.16491,50.7413,0,0,0.00507276,-0.00606133,0,0,0.0145034,-0.018184,0,0,0.023934,-0.0303066,0,0,0.0475105,-0.0606133,0,0,0.071087,-0.0909199,0,0,0.0946636,-0.121227,0,0,0.00507276,-0.00606133,0,0,0.0145034,-0.018184,0,0,0.023934,-0.0303066,0,0,0,0,0,1,0,0,0,1,0,0,0,1,0.00489472,-0.00606133,0,0,0.0143267,-0.018184,0,0,0.023766,-0.0303066,0,0,0,0,0,1,0,0,0,1,0,0,0,1
BTCUSDT,taker,1,2023-08-17 21:42:00+00:00,-1,-116.1,-220.7,3,280.233,29.8274,58.3471,0,192.058,0,0,0.019183,-0.00613728,0,0,0.057549,-0.0184118,0,0,0.0959149,-0.0306864,0,0,0.19183,-0.0613728,0,0,0.287745,-0.0920592,0,0,0.38366,-0.122746,0,0,0.019183,-0.00613728,0,0,0.057549,-0.0184118,0,0,0.0959149,-0.0306864,0,0,0,0,0,1,0,0,0,1,0,0,0,1,0.019183,-0.00613728,0,0,0.057549,-0.0184118,0,0,0.0959149,-0.0306864,0,0,0,0,0,1,0,0,0,1,0,0,0,1
ETHUSDT,taker,1,2023-08-17 21:42:00+00:00,-1,-296.8,-319.8,21,314.871,29.9264,32.9079,0,252.037,0,0,0.0251808,-0.00430716,0,0,0.0755425,-0.0129215,0,0,0.125904,-0.0215358,0,0,0.251808,-0.0430716,0,0,0.377713,-0.0646074,0,0,0.503617,-0.0861432,0,0,0.0251808,-0.00430716,0,0,0.0755425,-0.0129215,0,0,0.125904,-0.0215358,0,0,0,0,0,1,0,0,0,1,0,0,0,1,0.0251808,-0.00430716,0,0,0.0755425,-0.0129215,0,0,0.125904,-0.0215358,0,0,0,0,0,1,0,0,0,1,0,0,0,1
BTCUSDT,taker,1,2023-10-01 22:17:00+00:00,1,87.6,9.2,66,13.9161,30.0536,17.9673,0,-34.1049,0,0,-0.0034105,-0.0034105,0,0,-0.0102424,-0.0102424,0,0,-0.0170743,-0.0170743,0,0,-0.0341541,-0.0341541,0,0,-0.0512339,-0.0512339,0,0,-0.0683136,-0.0683136,0,0,-0.0034105,-0.0034105,0,0,-0.0102424,-0.0102424,0,0,-0.0170743,-0.0170743,0,0,0,0,0,1,0,0,0,1,0,0,0,1,-0.00341322,-0.00341322,0,0,-0.0102451,-0.0102451,0,0,-0.0170769,-0.0170769,0,0,0,0,0,1,0,0,0,1,0,0,0,1
ETHUSDT,taker,1,2023-10-01 22:17:00+00:00,1,106.5,1.2,175,5.36995,29.8912,20.9304,0.99911,-44.4526,0,0,-0.00444528,-0.00444528,0,0,-0.0133519,-0.0133519,0,0,-0.0222585,-0.0222585,0,0,-0.044525,-0.044525,0,0,-0.0667915,-0.0667915,0,0,-0.089058,-0.089058,0,0,-0.00444528,-0.00444528,0,0,-0.0133519,-0.0133519,0,0,-0.0222585,-0.0222585,0,0,0,0,0,1,0,0,0,1,0,0,0,1,-0.00444928,-0.00444928,0,0,-0.0133559,-0.0133559,0,0,-0.0222623,-0.0222623,0,0,0,0,0,1,0,0,0,1,0,0,0,1
BTCUSDT,taker,1,2023-10-23 22:41:00+00:00,1,133.5,167.4,136,171.244,29.8654,55.9695,0.969417,86.3783,0,0,0.00863732,-0.0066816,0,0,0.0257594,-0.0200448,0,0,0.0428815,-0.033408,0,0,0.0856868,-0.066816,0,0,0.128492,-0.100224,0,0,0.171297,-0.133632,0,0,0.00863732,-0.0066816,0,0,0.0257594,-0.0200448,0,0,0.0428815,-0.033408,0,0,0,0,0,1,0,0,0,1,0,0,0,1,0.00859944,-0.0066816,0,0,0.0257221,-0.0200448,0,0,0.0428471,-0.033408,0,0,0,0,0,1,0,0,0,1,0,0,0,1
BTCUSDT,taker,1,2023-11-15 18:11:00+00:00,1,99.8,20.6,13,12.7257,29.9654,25.7431,0,-42.9828,0,0,-0.00429829,-0.00429829,0,0,-0.0129063,-0.0129063,0,0,-0.0215143,-0.0215143,0,0,-0.0430343,-0.0430343,0,0,-0.0645543,-0.0645543,0,0,-0.0860743,-0.0860743,0,0,-0.00429829,-0.00429829,0,0,-0.0129063,-0.0129063,0,0,-0.0215143,-0.0215143,0,0,0,0,0,1,0,0,0,1,0,0,0,1,-0.00430114,-0.00430114,0,0,-0.0129091,-0.0129091,0,0,-0.021517,-0.021517,0,0,0,0,0,1,0,0,0,1,0,0,0,1
BTCUSDT,taker,1,2023-12-11 02:12:00+00:00,-1,-94.2,4.5,481,-5.73083,30.3871,36.7675,-1.01817,-73.9035,0,0,-0.00759583,-0.00759583,0,0,-0.0227875,-0.0227875,0,0,-0.0379792,-0.0379792,0,0,-0.0759583,-0.0759583,0,0,-0.113937,-0.113937,0,0,-0.151917,-0.151917,0,0,-0.00759583,-0.00759583,0,0,-0.0227875,-0.0227875,0,0,-0.0379792,-0.0379792,0,0,0,0,0,1,0,0,0,1,0,0,0,1,-0.00759583,-0.00759583,0,0,-0.0227875,-0.0227875,0,0,-0.0379792,-0.0379792,0,0,0,0,0,1,0,0,0,1,0,0,0,1
ETHUSDT,taker,1,2023-12-11 02:12:00+00:00,-1,-189.3,-12.8,481,13.1106,30.5245,25.8647,-1.02893,-44.3075,0,0,-0.00463623,-0.00463623,0,0,-0.0139087,-0.0139087,0,0,-0.0231811,-0.0231811,0,0,-0.0463623,-0.0463623,0,0,-0.0695434,-0.0695434,0,0,-0.0927246,-0.0927246,0,0,-0.00463623,-0.00463623,0,0,-0.0139087,-0.0139087,0,0,-0.0231811,-0.0231811,0,0,0,0,0,1,0,0,0,1,0,0,0,1,-0.00463623,-0.00463623,0,0,-0.0139087,-0.0139087,0,0,-0.0231811,-0.0231811,0,0,0,0,0,1,0,0,0,1,0,0,0,1
BTCUSDT,taker,1,2024-01-03 12:09:00+00:00,-1,-117.6,4.1,4,14.3597,30.2253,32.811,0,-48.6766,0,0,-0.00489049,-0.00548014,0,0,-0.0146715,-0.0164404,0,0,-0.0244525,-0.0274007,0,0,-0.0489049,-0.0548014,0,0,-0.0733574,-0.0822021,0,0,-0.0978099,-0.109603,0,0,-0.00489049,-0.00548014,0,0,-0.0146715,-0.0164404,0,0,-0.0244525,-0.0274007,0,0,0,0,0,1,0,0,0,1,0,0,0,1,-0.00489049,-0.00548014,0,0,-0.0146715,-0.0164404,0,0,-0.0244525,-0.0274007,0,0,0,0,0,1,0,0,0,1,0,0,0,1
ETHUSDT,taker,1,2024-01-03 12:09:00+00:00,-1,-239.1,5.2,481,-3.4294,30.6264,29.4141,-1.05663,-64.5266,0,0,-0.00665814,-0.0102338,0,0,-0.0199744,-0.0307014,0,0,-0.0332907,-0.051169,0,0,-0.0665814,-0.102338,0,0,-0.0998721,-0.153507,0,0,-0.133163,-0.204676,0,0,-0.00665814,-0.0102338,0,0,-0.0199744,-0.0307014,0,0,-0.0332907,-0.051169,0,0,0,0,0,1,0,0,0,1,0,0,0,1,-0.00665814,-0.0102338,0,0,-0.0199744,-0.0307014,0,0,-0.0332907,-0.051169,0,0,0,0,0,1,0,0,0,1,0,0,0,1
ETHUSDT,taker,1,2024-04-13 20:09:00+00:00,-1,-95.9,-45.4,14,48.7458,30.1871,50.5797,0,-32.0211,0,0,-0.00322494,-0.00411185,0,0,-0.00967481,-0.0123356,0,0,-0.0161247,-0.0205593,0,0,-0.0322494,-0.0411185,0,0,-0.048374,-0.0616778,0,0,-0.0644987,-0.082237,0,0,-0.00322494,-0.00411185,0,0,-0.00967481,-0.0123356,0,0,-0.0161247,-0.0205593,0,0,0,0,0,1,0,0,0,1,0,0,0,1,-0.00322494,-0.00411185,0,0,-0.00967481,-0.0123356,0,0,-0.0161247,-0.0205593,0,0,0,0,0,1,0,0,0,1,0,0,0,1
ETHUSDT,taker,1,2024-05-01 07:08:00+00:00,-1,-133.4,-12,7,5.88822,30.0199,22.7006,0,-46.8323,0,0,-0.00470607,-0.00470607,0,0,-0.0141182,-0.0141182,0,0,-0.0235303,-0.0235303,0,0,-0.0470607,-0.0470607,0,0,-0.070591,-0.070591,0,0,-0.0941213,-0.0941213,0,0,-0.00470607,-0.00470607,0,0,-0.0141182,-0.0141182,0,0,-0.0235303,-0.0235303,0,0,0,0,0,1,0,0,0,1,0,0,0,1,-0.00470607,-0.00470607,0,0,-0.0141182,-0.0141182,0,0,-0.0235303,-0.0235303,0,0,0,0,0,1,0,0,0,1,0,0,0,1
ETHUSDT,taker,1,2024-08-05 01:10:00+00:00,1,86,20,6,17.814,30.6254,88.1028,0,-100.914,0,0,-0.0100915,-0.0131995,0,0,-0.0302812,-0.0395985,0,0,-0.050471,-0.0659975,0,0,-0.100945,-0.131995,0,0,-0.15142,-0.197992,0,0,-0.201894,-0.26399,0,0,-0.0100915,-0.0131995,0,0,-0.0302812,-0.0395985,0,0,-0.050471,-0.0659975,0,0,0,0,0,1,0,0,0,1,0,0,0,1,-0.0100932,-0.0131995,0,0,-0.0302829,-0.0395985,0,0,-0.0504725,-0.0659975,0,0,0,0,0,1,0,0,0,1,0,0,0,1
ETHUSDT,taker,1,2025-02-03 02:07:00+00:00,-1,-228.6,-5.9,3,-7.73067,30.5979,116.337,0,-154.666,0,0,-0.0154894,-0.0179327,0,0,-0.0464682,-0.053798,0,0,-0.077447,-0.0896634,0,0,-0.154894,-0.179327,0,0,-0.232341,-0.26899,0,0,-0.309788,-0.358653,0,0,-0.0154894,-0.0179327,0,0,-0.0464682,-0.053798,0,0,-0.077447,-0.0896634,0,0,0,0,0,1,0,0,0,1,0,0,0,1,-0.0154894,-0.0179327,0,0,-0.0464682,-0.053798,0,0,-0.077447,-0.0896634,0,0,0,0,0,1,0,0,0,1,0,0,0,1
ETHUSDT,taker,1,2025-10-10 21:16:00+00:00,-1,-105.1,-27.6,4,183.046,30.1753,127.357,0,25.514,0,0,0.00252857,-0.00859093,0,0,0.00758572,-0.0257728,0,0,0.0126429,-0.0429547,0,0,0.0252857,-0.0859093,0,0,0.0379286,-0.128864,0,0,0.0505715,-0.171819,0,0,0.00252857,-0.00859093,0,0,0.00758572,-0.0257728,0,0,0.0126429,-0.0429547,0,0,0,0,0,1,0,0,0,1,0,0,0,1,0.00252857,-0.00859093,0,0,0.00758572,-0.0257728,0,0,0.0126429,-0.0429547,0,0,0,0,0,1,0,0,0,1,0,0,0,1
ETHUSDT,taker,1,2025-10-10 21:22:00+00:00,1,119.7,23.8,10,20.7132,30.4476,59.0707,0,-68.8051,0,0,-0.00688054,-0.0150045,0,0,-0.020653,-0.0450135,0,0,-0.0344255,-0.0750225,0,0,-0.0688568,-0.150045,0,0,-0.103288,-0.225067,0,0,-0.137719,-0.30009,0,0,-0.00688054,-0.0150045,0,0,-0.020653,-0.0450135,0,0,-0.0344255,-0.0750225,0,0,0,0,0,1,0,0,0,1,0,0,0,1,-0.00688338,-0.0150045,0,0,-0.0206558,-0.0450135,0,0,-0.0344281,-0.0750225,0,0,0,0,0,1,0,0,0,1,0,0,0,1
BTCUSDT,taker,1,2025-10-10 21:27:00+00:00,1,81.7,42.2,11,32.4462,30.4268,22.4901,0,-20.4707,0,0,-0.00204709,-0.00293449,0,0,-0.00615268,-0.00880348,0,0,-0.0102583,-0.0146725,0,0,-0.0205223,-0.0293449,0,0,-0.0307862,-0.0440174,0,0,-0.0410502,-0.0586899,0,0,-0.00204709,-0.00293449,0,0,-0.00615268,-0.00880348,0,0,-0.0102583,-0.0146725,0,0,0,0,0,1,0,0,0,1,0,0,0,1,-0.00204993,-0.00293449,0,0,-0.00615551,-0.00880348,0,0,-0.010261,-0.0146725,0,0,0,0,0,1,0,0,0,1,0,0,0,1
ETHUSDT,taker,1,2025-10-10 21:56:00+00:00,-1,-265.8,-25.2,15,25.6928,29.7708,32.6079,0,-36.6859,0,0,-0.00369142,-0.00819578,0,0,-0.0110743,-0.0245873,0,0,-0.0184571,-0.0409789,0,0,-0.0369142,-0.0819578,0,0,-0.0553713,-0.122937,0,0,-0.0738284,-0.163916,0,0,-0.00369142,-0.00819578,0,0,-0.0110743,-0.0245873,0,0,-0.0184571,-0.0409789,0,0,0,0,0,1,0,0,0,1,0,0,0,1,-0.00369142,-0.00819578,0,0,-0.0110743,-0.0245873,0,0,-0.0184571,-0.0409789,0,0,0,0,0,1,0,0,0,1,0,0,0,1
BTCUSDT,taker,1,2026-08-19 15:27:00+00:00,1,186.3,1.2,6,4.88829,29.9513,30.6247,0,-55.6877,0,0,-0.00556878,-0.0101436,0,0,-0.0167132,-0.0304308,0,0,-0.0278576,-0.0507181,0,0,-0.0557186,-0.101436,0,0,-0.0835797,-0.152154,0,0,-0.111441,-0.202872,0,0,-0.00556878,-0.0101436,0,0,-0.0167132,-0.0304308,0,0,-0.0278576,-0.0507181,0,0,0,0,0,1,0,0,0,1,0,0,0,1,-0.00557049,-0.0101436,0,0,-0.0167149,-0.0304308,0,0,-0.0278592,-0.0507181,0,0,0,0,0,1,0,0,0,1,0,0,0,1
ETHUSDT,taker,1,2026-08-19 15:27:00+00:00,1,103.9,-2.1,6,-0.608973,29.9085,22.461,0,-52.9785,0,0,-0.00529786,-0.00724335,0,0,-0.0159004,-0.02173,0,0,-0.026503,-0.0362167,0,0,-0.0530094,-0.0724335,0,0,-0.0795158,-0.10865,0,0,-0.106022,-0.144867,0,0,-0.00529786,-0.00724335,0,0,-0.0159004,-0.02173,0,0,-0.026503,-0.0362167,0,0,0,0,0,1,0,0,0,1,0,0,0,1,-0.00529956,-0.00724335,0,0,-0.0159021,-0.02173,0,0,-0.0265046,-0.0362167,0,0,0,0,0,1,0,0,0,1,0,0,0,1
