sym,i,tranche,entry_t,entry_px,notional,E_before,exit_t,ret,reason,net,src
RSS3-USDT-SWAP,729,0,2071,0.31018,0.08208856969177218,0.9998276140036473,2215,0.07331227029466769,end,0.19712365953005015,okx
UMEE-USDT-SWAP,728,0,2071,0.10574,0.09998276140036473,0.9996176502047065,2215,-0.07159069415547559,end,0.0513387753573509,okx
RSS3-USDT-SWAP,729,1,2119,0.33214,0.09756897062421602,0.9928793121340681,2215,0.13458180285421817,end,0.25512126892883585,okx
UMEE-USDT-SWAP,728,1,2119,0.10779,0.09928793121340682,0.99267080747852,2215,-0.051210687447815095,end,0.0676897588412279,okx
DOME-USDT-SWAP,730,0,2358,0.047214,0.10529272875037818,1.052706172773406,2502,0.1591265302664464,end,0.08863202680314707,okx
DOME-USDT-SWAP,730,1,2406,0.0466,0.10472127602748549,1.0469928455951971,2502,0.14804721030042922,end,0.1432181264759107,okx
APEUSDT,10,0,2583,13.9594,0.04096974821271332,1.0771715439441372,2727,0.03939281057925137,end,0.10400322157820516,binance
APEUSDT,10,1,2631,11.029,0.06035252577718849,1.0861191658966376,2727,-0.2158400580288331,end,-0.16358843268058557,binance
NYM-USDT-SWAP,732,0,3415,1.5853,0.10716455911165497,1.0714205455424153,3559,0.2827225130890052,end,0.2580335862076988,okx
NYM-USDT-SWAP,732,1,3463,1.3949,0.1081963661703528,1.0817364493345702,3559,0.18481611585059865,end,0.18053451506485496,okx
FITFI-USDT-SWAP,733,0,3895,0.0929,0.02797077062792106,1.1187720864985238,3902,-0.5,stop,-0.42087585002913785,okx
FITFI-USDT-SWAP,733,1,3943,0.268,0.02767646508132115,1.1070004826761752,4039,0.11791044776119408,end,0.1212073563365064,okx
OPUSDT,17,0,4406,1.3326,0.05325132012513377,1.1103013666458326,4550,0.24118265045775167,end,0.2651279920510542,binance
OPUSDT,17,1,4454,1.3556,0.07085644092068907,1.1086094043402055,4550,0.2540572440247859,end,0.29010795683950213,binance
SWEAT-USDT-SWAP,735,0,6942,0.0530427,0.06212922351729031,1.1449571559319713,7086,0.18782414922317303,end,0.10430726346864068,okx
SWEAT-USDT-SWAP,735,1,6990,0.0624099,0.06954345299621575,1.1434784645162708,7086,0.3097248994149966,end,0.2276521197550293,okx
ETHW-USDT-SWAP,736,0,6966,10.43,0.046108202742164296,1.1385717224553038,7110,0.39031639501438153,end,0.34767340805853447,okx
ETHW-USDT-SWAP,736,1,7014,4.713,0.051373624553194976,1.1754466880601762,7110,-0.3492467642690431,end,-0.31245502692862986,okx
APTUSDT,26,0,7754,7.0915,0.08451199596603425,1.1672010446296577,7898,-0.23223577522385952,end,-0.20991559633414952,binance
APTUSDT,26,1,7802,7.5079,0.11621596242656859,1.1619155707445903,7898,-0.16389403162002703,end,-0.1393797338675349,binance
CORE-USDT-SWAP,741,0,10453,4.77229,0.060775782645955435,1.1333123547328554,10597,0.35255401494879823,end,0.3555944704765444,okx
CORE-USDT-SWAP,741,1,10501,2.94319,0.05991000695536906,1.1539899560186224,10597,-0.04981329781631483,end,-0.0035047641108724176,okx
BLUR-USDT-SWAP,742,0,10610,1.0887,0.07001881940301923,1.1546945061611928,10754,0.07733994672545241,end,0.06626846394438834,okx
BLUR-USDT-SWAP,742,1,10658,1.0253,0.07712355874591884,1.158978885452893,10754,0.020286745342826595,end,0.00422604507110031,okx
GFT-USDT-SWAP,744,0,10806,0.0791,0.11598075129262805,1.159563953348566,10950,0.12262958280657399,end,0.10611071763528479,okx
GFT-USDT-SWAP,744,1,10854,0.0823,0.11517498784283312,1.1515080109538611,10950,0.1567436208991494,end,0.16881619180102095,okx
ARBUSDT,52,0,11487,1.3731,0.08564753589293884,1.1913778566908029,11631,0.016240623406889476,end,0.028501744285517005,binance
ARBUSDT,52,1,11535,1.3052,0.11950490387074231,1.1947980784092944,11631,-0.03493717437940558,end,-0.015842015525273367,binance
PEPE-USDT-SWAP,746,0,12459,1.0911e-06,0.05696206753837714,1.2222056827735035,12466,-0.5,stop,-0.5130109953669411,okx
BLURUSDT,59,0,12348,0.7066,0.1192105622140418,1.1918552799597686,12492,0.18624398528163044,end,0.17800620569559017,binance
BLURUSDT,59,1,12396,0.6764,0.11937492269447676,1.1934985396071092,12492,0.1499112950916618,end,0.1689675431872341,binance
AIDOGE-USDT-SWAP,747,0,12459,5.54e-10,0.07267286889784313,1.222325303115334,12495,-0.5,stop,-0.4929747411902846,okx
AIDOGE-USDT-SWAP,747,1,12507,6.47e-10,0.057258612088037654,1.1683280306169557,12603,0.41112828438949,end,0.34670053050582855,okx
SUIUSDT,62,1,12520,1.3352,0.11654425648276175,1.1651978218890036,12616,0.09668963451168366,end,0.0749607983612915,binance
1000PEPEUSDT,63,0,12520,0.0029357999999999997,0.039664446186646565,1.1654425648276174,12664,0.5987465086177532,end,0.5150801695790148,binance
1000PEPEUSDT,63,1,12568,0.0021206000000000003,0.05961427122148053,1.220654367429515,12664,0.4444968405168349,end,0.38559641214562035,binance
1000FLOKIUSDT,64,0,12544,0.04037,0.11872262793648795,1.186976961846213,12688,0.11072578647510534,end,0.03314018568307511,binance
1000FLOKIUSDT,64,1,12592,0.034230000000000003,0.12315072956318147,1.2312486790997321,12688,-0.04878761320479108,end,-0.07347541347511334,binance
CETUS-USDT-SWAP,748,0,12635,0.12177,0.07757659512508258,1.2232966602067716,12779,0.3180586351318059,end,0.28504894464762426,okx
CETUS-USDT-SWAP,748,1,12683,0.11751,0.08994441378683127,1.233909267645003,12779,0.29333673729895327,end,0.2806612935098787,okx
ORDI-USDT-SWAP,749,0,12897,9.745,0.08616849150746804,1.2825155615785926,13041,0.13966136480246272,end,0.15262965394758543,okx
ORDI-USDT-SWAP,749,1,12945,8.449,0.1223340242951633,1.293668632195165,13041,0.007693218132323265,end,0.02126022269728692,okx
WLDUSDT,73,0,14436,2.1345,0.09296242016523712,1.2982540099683504,14580,-0.08175216678379016,end,-0.07966744699032959,binance
WLDUSDT,73,1,14484,2.2426,0.11593918947571946,1.2942778780763267,14580,-0.02960849014536704,end,-0.03785584092454103,binance
WSM-USDT-SWAP,750,0,16203,0.04893,0.12866541768563794,1.2863839794792398,16347,0.3041079092581239,end,0.27054082491901366,okx
WSM-USDT-SWAP,750,1,16251,0.03815,0.13153716884307848,1.3150954603762142,16347,0.10747051114023609,end,0.06926010312482711,okx
BIGTIMEUSDT,90,0,16358,0.2366,0.04296068912944261,1.3304834855272492,16502,0.3762045646661032,end,0.43499643502364016,binance
BIGTIMEUSDT,90,1,16406,0.24504,0.05964824102628709,1.3287915072445458,16502,0.39769017303297427,end,0.4555961554501835,binance
ORBSUSDT,92,0,16470,0.05527,0.05802525635376449,1.3687546271674162,16614,0.18364392979916766,end,0.31250089118550334,binance
ORBSUSDT,92,1,16518,0.04222,0.06708637997279816,1.3887447678794507,16614,-0.06868782567503562,end,0.07285034536512104,binance
BSVUSDT,95,0,16548,55.43,0.13859598816704438,1.3856688300952928,16692,0.17246978170665705,end,0.31379449403132775,binance
BSVUSDT,95,1,16596,52.05,0.1394535608330451,1.3942427558527017,16692,0.11873198847262245,end,0.22812410685889342,binance
TIAUSDT,101,0,16818,2.582,0.12556925893069798,1.4744968507061842,16962,0.11812548412083645,end,0.13290614014413843,binance
TIAUSDT,101,1,16866,2.365,0.14850908674671773,1.484778998385009,16962,0.037209302325581395,end,0.05209800624630554,binance
ORDIUSDT,107,0,16980,12.834,0.0705072480390517,1.5429415341916728,17007,-0.4999999999999998,stop,-0.45190359931827473,binance
MEMEUSDT,104,0,16884,0.024909,0.08431561561019107,1.480801340356885,17028,0.1846320607009514,end,0.2565009572283572,binance
MEMEUSDT,104,1,16932,0.020466,0.12932647931130348,1.5143036486792092,17028,0.007622398123717344,end,0.06010245545024087,binance
ORDIUSDT,107,1,17028,19.929,0.07959523730814837,1.4965567449135762,17124,-0.017361633799990006,end,-0.03762939562492705,binance
PYTHUSDT,115,0,17342,0.4931,0.12444812748370744,1.4934674331696791,17486,0.16446968160616504,end,0.19212746522926136,binance
PYTHUSDT,115,1,17390,0.4784,0.1475577164739576,1.4989728533863138,17486,0.1387959866220736,end,0.14950386817803035,binance
ETHWUSDT,120,0,17484,2.848,0.15366742800870198,1.5363515784882014,17628,-0.02176966292134841,end,0.07649035296028908,binance
ETHWUSDT,120,1,17532,2.68,0.15507249381995253,1.5503992859625033,17628,-0.08582089552238803,end,-0.0032304280876272913,binance
ACEUSDT,125,0,17962,13.5133,0.08446228306137257,1.5507748813885458,18106,0.026803223490931116,end,0.03802840736855611,binance
ACEUSDT,125,1,18010,17.0974,0.10635188442817337,1.529931679542147,18106,0.23081287213260504,end,0.21966617420391882,binance
DMAIL-USDT-SWAP,759,0,18994,0.6287,0.08174103880492604,1.5773544736807337,19138,0.2791474471130906,end,0.28421086128524264,okx
DMAIL-USDT-SWAP,759,1,19042,0.5287,0.11366634623299712,1.583036256623001,19138,0.1428031019481747,end,0.13986782093373862,okx
JUPUSDT,135,0,19026,0.5873,0.12817388249172787,1.5940856895269,19170,0.026902775412906532,end,0.04126704479446995,binance
JUPUSDT,135,1,19074,0.5782,0.16057811170072048,1.6054439029726333,19170,0.011587685921826463,end,0.01603605156219001,binance
ZETAUSDT,136,0,19064,1.4283,0.12510638326714987,1.5929084725398681,19208,0.14695792200518099,end,0.21694175534848062,binance
ZETAUSDT,136,1,19112,1.479,0.16145284791794315,1.6141894281988038,19208,0.17620013522650446,end,0.24602562996947902,binance
STRKUSDT,141,0,19505,1.9075,0.1127244432108487,1.6911460969736019,19649,-0.002149410222804793,end,0.11523104544095882,binance
STRKUSDT,141,1,19553,1.9316,0.1568475631639482,1.6891589073415538,19649,0.010354110581901055,end,0.13059709519369353,binance
GPT-USDT-SWAP,761,0,19692,0.49367,0.059011546193836674,1.7247320856326935,19722,-0.5,stop,-0.5082034500713418,okx
GPT-USDT-SWAP,761,1,19740,0.70738,0.07452840873041036,1.6947096288516148,19836,0.15171477847832848,end,0.2517583339555938,okx
TONUSDT,145,0,19740,2.6735,0.16947096288516147,1.694353739829556,19884,-0.027604264073312068,end,0.070488815304438,binance
TONUSDT,145,1,19788,2.7235,0.17130706615935104,1.712710916754576,19884,-0.008738755278134835,end,0.027683638046787848,binance
METISUSDT,148,0,20000,133.7,0.17303174967409707,1.729954130066655,20144,0.33036649214659675,end,0.2178458601246262,binance
METISUSDT,148,1,20048,117.65,0.173544583055509,1.7350813869306734,20144,0.23901402464938382,end,0.18090647258453402,binance
AEVOUSDT,149,0,20029,2.994,0.14419637171717542,1.7386806876087042,20173,0.25751503006012033,end,0.12462928810953358,binance
AEVOUSDT,149,1,20077,2.74,0.17661786267619312,1.7658077292503112,20173,0.1886861313868614,end,0.1213640957386709,binance
ETHFIUSDT,152,0,20151,3.0394,0.11063626239949476,1.8355710843572564,20295,-0.42936105810357317,end,-0.32292455010009147,binance
ETHFIUSDT,152,1,20199,3.8206,0.12925754984877383,1.8222326415477705,20295,-0.13709888499188616,end,-0.1003727351553239,binance
ZK-USDT-SWAP,765,0,20170,2.939,0.09250200093478603,1.8333437042507417,20314,-0.06362708404219108,end,0.0685668739534227,okx
ZK-USDT-SWAP,765,1,20218,2.776,0.1485979002065792,1.8117140644869938,20314,-0.12608069164265134,end,-0.037202300398423684,okx
VENOM-USDT-SWAP,766,0,20312,0.6014,0.05402156231416931,1.7887881814862305,20456,0.1267708679747258,end,0.1274418847568476,okx
VENOM-USDT-SWAP,766,1,20360,0.66154,0.08650522767354749,1.7855256256269498,20456,0.20615533452247792,end,0.20041437418538594,okx
ZEUS-USDT-SWAP,767,0,20576,0.685,0.16432550685956587,1.8328186482758173,20620,-0.5,stop,-0.5178752078348005,okx
WUSDT,154,0,20535,1.1616,0.1332126968200728,1.814868288146431,20679,0.306043388429752,end,0.3250059424231446,binance
WUSDT,154,1,20583,1.0366,0.16749222183545256,1.8352459242196977,20679,0.22236156666023532,end,0.23464636285115284,binance
ZEUS-USDT-SWAP,767,1,20624,1.0221,0.15872257714300822,1.7682048541632085,20720,0.3470306232266902,end,0.3505349171889037,okx
TNSRUSDT,155,0,20657,1.775,0.10612393990702047,1.80541963080922,20801,0.5002816901408451,end,0.4364727943363264,binance
TNSRUSDT,155,1,20705,1.41,0.18067892451009362,1.8830198390255517,20801,0.37092198581560276,end,0.2855530041168823,binance
BLOCK-USDT-SWAP,768,0,20724,0.22642,0.0979120935816301,1.8991017729086914,20868,0.16858051408886143,end,0.026752611973589132,okx
BLOCK-USDT-SWAP,768,1,20772,0.17658,0.12846630537749593,2.00380149237577,20868,-0.06608902480462131,end,-0.1243137004275038,okx
FOXY-USDT-SWAP,769,0,20744,0.0188791,0.08482873111787878,1.9517569743708323,20888,0.2873865809281162,end,0.24155605591383253,okx
FOXY-USDT-SWAP,769,1,20792,0.0152563,0.10833037866903576,1.96372058949436,20888,0.11816757667324318,end,0.08816446496496677,okx
MEW-USDT-SWAP,770,0,20816,0.004989,0.08141336660265623,2.0130821324236354,20960,-0.10523150932050496,end,-0.0753216685128596,okx
MEW-USDT-SWAP,770,1,20864,0.004616,0.11684928366384298,2.0125154189403585,20960,-0.19454072790294608,end,-0.12341642850292622,okx
PRCL-USDT-SWAP,771,0,20845,0.493,0.10922096067782368,2.0110543675307313,20989,-0.17849898580121693,end,-0.12799181952630884,okx
PRCL-USDT-SWAP,771,1,20893,0.467,0.14397825841087902,1.9741005762702153,20989,-0.24411134903640241,end,-0.21960423975379564,okx
MERL-USDT-SWAP,772,0,20914,1.0655,0.15830703553577863,1.9929858290027178,21058,0.2833411543876114,end,0.274987195425447,okx
MERL-USDT-SWAP,772,1,20962,1.0534,0.1786850312712213,1.849213798636985,21058,0.27510917030567683,end,0.25074776626907735,okx
MSN-USDT-SWAP,773,0,21150,2.89,0.09865456530963593,2.0048659495145604,21294,0.48027681660899657,end,0.4947893362659449,okx
MSN-USDT-SWAP,773,1,21198,1.91,0.1273766097347368,2.02902107440318,21294,0.21361256544502616,end,0.33131954138092534,okx
ZERO-USDT-SWAP,774,0,21320,0.0007194,0.06270644166571135,2.0959570273833448,21464,0.3098415346121769,end,0.26832586771288003,okx
ZERO-USDT-SWAP,774,1,21368,0.0005329,0.09423303709912076,2.1094894447077706,21464,0.06830549821730159,end,0.06230256327105253,okx
ZENT-USDT-SWAP,775,0,21392,0.03338,0.21207261230710334,2.1202807705851883,21536,-0.19203115638106638,end,-0.14713716567126503,okx
ZENT-USDT-SWAP,775,1,21440,0.03296,0.20902905413141393,2.089851580300463,21536,-0.20722087378640763,end,-0.12075689635285279,okx
NOTUSDT,161,0,21566,0.006567,0.11818064567061341,2.0620917887663217,21710,0.23953098827470687,end,0.2576051774194487,binance
NOTUSDT,161,1,21614,0.005694,0.18578207258001497,2.078100925460797,21710,0.12293642430628737,end,0.13478066192479377,binance
TURBOUSDT,162,0,21903,0.0081969,0.12730252029722025,2.117556409741221,22047,0.24739840671473357,end,0.30638087775226597,binance
TURBOUSDT,162,1,21951,0.006928,0.1898676528159268,2.1384018141956256,22047,0.10955542725173206,end,0.15631880105985185,binance
ULTI-USDT-SWAP,776,0,22087,0.06465,0.09817701651435377,2.1863005150561396,22231,0.31879350348027835,end,0.28519144129726104,okx
ULTI-USDT-SWAP,776,1,22135,0.05326,0.1475230856097353,2.2036380499630104,22231,0.17311303041682313,end,0.1364239800570489,okx
ATH-USDT-SWAP,777,0,22227,0.06909,0.10539657994945444,2.235453599193944,22371,0.01592126212187006,end,-0.03166124056694024,okx
ATH-USDT-SWAP,777,1,22275,0.06339,0.14237007142106173,2.240171485906952,22371,-0.07256665089130765,end,-0.09635014278972981,okx
ZKUSDT,164,1,22379,0.2108,0.18473534258206567,2.226069739641718,22475,0.24051233396584437,end,0.16160023341024524,binance
MEWUSDT,165,0,22334,0.004357,0.19429025021617324,2.2278185332405855,22478,0.17351388570117043,end,0.11951529623870208,binance
MEWUSDT,165,1,22382,0.004069,0.2232082694091738,2.2316139567259787,22478,0.11501597444089451,end,0.0566007202148513,binance
ZROUSDT,167,0,22406,3.074,0.22653347343664038,2.264859014072187,22550,0.15907612231620039,end,0.12993507883685498,binance
ZROUSDT,167,1,22454,2.935,0.22791124217587472,2.2786338081501776,22550,0.11925042589437818,end,0.07957263566969738,binance
UXLINK-USDT-SWAP,778,0,23073,0.2572,0.08202809870833107,2.3306828189981887,23217,0.37363919129082424,end,0.3514810706683285,okx
UXLINK-USDT-SWAP,778,1,23121,0.2074,0.13871113682353847,2.348554300072555,23217,0.2232401157184185,end,0.17246835133691224,okx
MAX-USDT-SWAP,779,0,23528,0.33905,0.09468665680576058,2.383410841065097,23672,0.13119008995723347,end,0.15908920199940293,okx
MAX-USDT-SWAP,779,1,23576,0.33923,0.1374370571414894,2.3890795792548967,23672,0.13165109217934734,end,0.09797749082347576,okx
DOGSUSDT,181,0,24012,0.0012191,0.1957032379016059,2.4117280689209006,24156,0.08375030760397029,end,0.02092676883692411,binance
DOGSUSDT,181,1,24060,0.00142,0.19455941456939202,2.3722809203799056,24156,0.2133802816901409,end,0.18399298501778968,binance
CAT-USDT-SWAP,780,0,24274,2.674e-05,0.17800620951937682,2.4516582365506436,24418,-0.21619296933433052,end,-0.16975865923759328,okx
CAT-USDT-SWAP,780,1,24322,2.8174e-05,0.21209554905138103,2.436860917784633,24418,-0.15429119045928874,end,-0.10441584608936194,okx
NEIROETHUSDT,187,0,24278,0.1482,0.1040385318903756,2.432861988924699,24422,-0.12955465587044523,end,-0.06878315042508397,binance
NEIROETHUSDT,187,1,24326,0.1718,0.13682883138537122,2.434780293022826,24422,0.025611175785797524,end,0.06690632926357078,binance
UXLINKUSDT,191,0,24495,0.3875,0.18493653471817748,2.4012780680541623,24521,-0.5,stop,-0.47635381984292835,binance
UXLINKUSDT,191,1,24543,0.6517,0.17219513285146948,2.313209600256564,24639,0.17369955500997392,end,0.21950147419628166,binance
CATIUSDT,197,0,24611,0.9286,0.15469594183253604,2.3309523270059986,24755,0.27406849020030144,end,0.3139072670640635,binance
CATIUSDT,197,1,24659,0.7617,0.238055521037205,2.3800552937778723,24755,0.11500590783773135,end,0.14316322215312743,binance
HMSTRUSDT,200,0,24756,0.006789,0.1441296173076867,2.4337065991191094,24900,0.3065252614523494,end,0.2333332074313448,binance
HMSTRUSDT,200,1,24804,0.006069,0.2384161157782699,2.4492143927945227,24900,0.22425440764541105,end,0.14634228571906552,binance
EIGENUSDT,203,0,24870,4.049,0.18848387235517053,2.507783606822576,25014,0.16176833786120037,end,0.17622347817264697,binance
EIGENUSDT,203,1,24918,3.415,0.22673701237900024,2.530428777182034,25014,0.006149341142020481,end,0.024608965197526655,binance
MOODENG-USDT-SWAP,781,0,24919,0.17441,0.20556241858124863,2.5179919253925225,25063,0.22578980563041107,end,0.23954923520201865,okx
MOODENG-USDT-SWAP,781,1,24967,0.13733,0.18257001373197304,2.6184388653954533,25063,0.016747979319886364,end,0.012223268563527429,okx
PUFFER-USDT-SWAP,782,0,25188,0.5358,0.06481997064555937,2.5926627038840193,25332,0.34901082493467717,end,0.35452919561132745,okx
PUFFER-USDT-SWAP,782,1,25236,0.3767,0.08966936266888695,2.6118581422757634,25332,0.07406424210246876,end,0.07076510418140833,okx
1000CATUSDT,205,0,25356,0.03671,0.21188948890783704,2.6216798917393325,25500,0.05938436393353319,end,0.08060840809267644,binance
1000CATUSDT,205,1,25404,0.04208,0.21838333797487208,2.6262654065286535,25500,0.17942015209125484,end,0.19948662986392396,binance
SCRUSDT,206,0,25378,1.029,0.2598700961850825,2.598155234648836,25522,0.2497570456754129,end,0.3241423141793933,binance
SCRUSDT,206,1,25426,0.87,0.26263786226052843,2.625827083094537,25522,0.11264367816091947,end,0.1641420417152599,binance
GOATUSDT,207,0,25429,0.6756,0.1638134460893284,2.6587313574095663,25573,0.21018354055654231,end,0.27891173831759686,binance
GOATUSDT,207,1,25477,0.6798,0.1598984587251996,2.7644335524827772,25573,0.21506325389820535,end,0.2891272618170914,binance
X-USDT-SWAP,783,0,25449,6.29e-05,0.2622321472653891,2.6359981322234756,25593,0.30063593004769473,end,0.3345647513994576,okx
X-USDT-SWAP,783,1,25497,5.84e-05,0.2827717522327263,2.8271237016475745,25593,0.2467465753424658,end,0.2606677999674328,okx
MOODENGUSDT,208,0,25450,0.23679,0.09512453724367995,2.6402226408203893,25594,0.14599434097723718,end,0.18322172380907426,binance
MOODENGUSDT,208,1,25498,0.22649,0.1492686435022807,2.837889670116228,25594,0.10715704887633004,end,0.12098394267423339,binance
GRASS-USDT-SWAP,784,0,25526,1.0454,0.13163340247805513,2.950858336619419,25605,-0.5,stop,-0.5560401832038679,okx
GRASS-USDT-SWAP,784,1,25574,0.9865,0.18225572091802178,3.055853375406831,25605,-0.5895590471363408,stop,-0.6313150601005141,okx
CETUSUSDT,214,0,25742,0.37632,0.1660465351053883,2.910362970071416,25886,0.00916772959183676,end,0.2050828779555127,binance
CETUSUSDT,214,1,25790,0.37451,0.20632894837870813,2.9145610690066994,25886,0.004379055298924017,end,0.17327650650136336,binance
GRASSUSDT,217,0,25791,2.8271,0.269769226644481,2.927297862899588,25935,0.06458915496445128,end,0.24741438722988754,binance
GRASSUSDT,217,1,25839,3.1112,0.23466180608346615,2.927113970693223,25935,0.15000642838776046,end,0.23749907818256338,binance
PNUTUSDT,220,1,25908,1.877,0.09274584063899624,3.1261184275606624,26004,0.1504528502930208,end,0.13760578430522277,binance
OL-USDT-SWAP,786,0,26121,0.092099,0.23883406719335692,3.2220311872859195,26187,-0.5,stop,-0.5380271982817846,okx
OL-USDT-SWAP,786,1,26169,0.096883,0.24714686510608325,3.2336939105388742,26187,-0.4259312779331772,stop,-0.46712905309550745,okx
DOG-USDT-SWAP,785,0,26046,0.00809,0.31157560431296355,3.1151017343605782,26190,0.15896168108776265,end,0.20496961689186144,okx
DOG-USDT-SWAP,785,1,26094,0.007958,0.31450153500164124,3.144354896792909,26190,0.14501130937421458,end,0.11482792737292084,okx
MORPHO-USDT-SWAP,788,0,26194,0.9866,0.13721900541939744,2.880329479975945,26198,0.04267180214879385,end,0.024143918275024,okx
MEMEFI-USDT-SWAP,787,0,26127,0.006585,0.13487303648593946,3.1928360530082527,26201,-0.5,stop,-0.5448683310576272,okx
MEMEFI-USDT-SWAP,787,1,26175,0.005292,0.21953201267596917,3.329794119228434,26201,-0.8664965986394557,stop,-0.8856811414388924,okx
SLERFUSDT,226,0,26099,0.3608,0.2815356228570189,3.165808366227212,26243,0.25914634146341475,end,0.22576765403234753,binance
SLERFUSDT,226,1,26147,0.316,0.3272517018311144,3.2718297897372985,26243,0.15411392405063296,end,0.12548798412391368,binance
MORPHOUSDT,231,0,26246,1.2953,0.17340888123242737,2.811437659100456,26390,-0.23114336447155104,end,-0.23103043988678482,binance
MORPHOUSDT,231,1,26294,1.4936,0.21673137503593715,2.7877484157247006,26390,-0.06768880557043389,end,-0.07618501884395056,binance
MAJOR-USDT-SWAP,789,0,26269,1.2333,0.14892676260572033,2.8215815180255692,26413,0.06689369982972515,end,0.13385879658684965,okx
MAJOR-USDT-SWAP,789,1,26317,1.211,0.19396283410075105,2.8268673564931555,26413,0.04971098265895957,end,0.11463364133125778,okx
MOVEUSDT,237,0,26534,0.72854,0.08796063855508779,2.797212509585363,26678,0.1729486370000275,end,0.23200536715231493,binance
MOVEUSDT,237,1,26582,0.68364,0.1324950916238669,2.8181119893582673,26678,0.11862968813995678,end,0.14526385940703582,binance
VIRTUALUSDT,238,1,26604,2.3157,0.28532910061878275,2.852691815076528,26700,-0.1691929006347972,end,-0.1028177250451612,binance
MEUSDT,242,0,26561,5.158,0.1165744379398648,2.803230378426983,26705,0.39763474214811945,end,0.4629654531062027,binance
MEUSDT,242,1,26609,4.235,0.19115907476747945,2.8571694593422685,26705,0.2663518299881936,end,0.32568926407036713,binance
SUNDOG-USDT-SWAP,791,0,26578,0.1528,0.2805060937722439,2.8044718749255173,26722,0.1688481675392669,end,0.20088439995064353,okx
SUNDOG-USDT-SWAP,791,1,26626,0.1437,0.28429153443134636,2.842318332091158,26722,0.116214335421016,end,0.13795587695335915,okx
VANAUSDT,247,1,26749,16.277,0.18015182263328705,3.031539120099052,26845,-0.01155003993364856,end,-0.0784361436546268,binance
PENGUUSDT,248,0,26728,0.034546,0.13795914959763111,3.019222094437715,26872,-0.07306200428414278,end,-0.13610628037845532,binance
PENGUUSDT,248,1,26776,0.026734,0.18305984569065253,3.017246310882292,26872,-0.3866237749682051,end,-0.37807082613967075,binance
AI16Z-USDT-SWAP,792,0,26793,0.8122,0.13358989810781735,2.9558950897059995,26937,-0.08138389559221859,end,-0.09591161040818906,okx
AI16Z-USDT-SWAP,792,1,26841,0.5972,0.19458268191283992,3.0842897475675324,26937,-0.4706965840589419,end,-0.4627102242499956,okx
FARTCOINUSDT,251,0,26802,0.9099,0.12772116178968038,2.974568766006741,26946,-0.03220134080668213,end,-0.05901496352124648,binance
FARTCOINUSDT,251,1,26850,0.7365,0.15304439820782298,3.029385462245111,26946,-0.27522063815342834,end,-0.26608333066418105,binance
ZEREBRO-USDT-SWAP,794,0,26959,0.3135,0.27208087680727794,2.765135025723227,27012,-0.5,stop,-0.497301914654278,okx
ZEREBRO-USDT-SWAP,794,1,27007,0.4043,0.17557267102597768,2.6833004136446306,27012,-0.1631214444719269,stop,-0.16798221632634802,okx
GRIFFAIN-USDT-SWAP,793,0,26959,0.2295,0.27622071193868425,2.7657063955645222,27038,-0.5,stop,-0.48379159605602784,okx
GRIFFAIN-USDT-SWAP,793,1,27007,0.2329,0.25241364541572897,2.683669116253785,27038,-0.47810218978102204,stop,-0.4617885750604415,okx
ALCH-USDT-SWAP,795,0,27127,0.1701,0.22460046774596965,2.356769077048044,27179,0.0817166372721928,end,0.1032055078723781,okx
ALCH-USDT-SWAP,795,1,27175,0.1635,0.19711286517831023,2.3753799532534985,27179,0.04464831804281344,end,0.0354373955365247,okx
AI16ZUSDT,260,0,27109,2.041,0.12508203371952545,2.351029362671538,27253,0.30455658990690837,end,0.2828467199401962,binance
GRIFFAINUSDT,259,0,27109,0.40317,0.15241205616191983,2.3507092973535983,27253,0.10831659101619662,end,0.07932638983692973,binance
AI16ZUSDT,260,1,27157,1.8488,0.18703950233103275,2.391344955330839,27253,0.23225876244050192,end,0.19393690913545286,binance
GRIFFAINUSDT,259,1,27157,0.39645,0.21009059669156033,2.3909037650777867,27253,0.09320216925211255,end,0.04982896744489811,binance
ZEREBROUSDT,261,0,27110,0.5992,0.18712323981003803,2.3530216481370396,27254,0.4943257676902536,end,0.4591234000467233,binance
ZEREBROUSDT,261,1,27158,0.5026,0.2400634117422406,2.4001299842577475,27254,0.39713489852765627,end,0.3448218083018568,binance
BIOUSDT,262,0,27132,0.754,0.23197653799477558,2.3771354620314376,27276,0.320291777188329,end,0.29175322300365325,binance
BIOUSDT,262,1,27180,0.7364,0.23816356376691825,2.381135494185272,27276,0.30404671374253134,end,0.25954057851605766,binance
ALCHUSDT,263,0,27227,0.1785,0.14248761676158964,2.5695381535198996,27371,0.38095238095238093,end,0.3928037594558604,binance
ALCHUSDT,263,1,27275,0.14664,0.2131832673999517,2.7897570530564617,27371,0.2464539007092198,end,0.26619996479288044,binance
SONICUSDT,266,1,27295,0.7706,0.2296409162370024,2.8398908613617198,27391,0.05346483259797552,end,0.07610449503109452,binance
DUCK-USDT-SWAP,796,0,27443,0.009927,0.14677067943131075,2.9037413154025837,27587,0.4256069305933313,end,0.4237199963693512,okx
DUCK-USDT-SWAP,796,1,27491,0.006657,0.21713014229728414,3.029771338891383,27587,0.14345801412047476,end,0.11338932449145492,okx
NC-USDT-SWAP,797,0,27467,0.20843,0.15385808630972297,2.9315977194983756,27611,0.4416830590605959,end,0.46251394807488455,okx
NC-USDT-SWAP,797,1,27515,0.12632,0.18997396000714062,3.121317966630756,27611,0.07876820772640902,end,0.05076225927090053,okx
SOLVUSDT,270,0,27468,0.1017,0.13972725774190511,2.929874875647788,27612,0.32645034414945917,end,0.3455572506452463,binance
SOLVUSDT,270,1,27516,0.0807,0.1928588238024021,3.072661283017256,27612,0.15117719950433695,end,0.11906853328363273,binance
TRUMPUSDT,273,1,27541,38.29,0.0791669882902932,3.1271337723346817,27637,0.29172107599895525,end,0.2933283095907985,binance
J-USDT-SWAP,798,0,27587,0.4686,0.3042629003244996,3.0419900511543148,27731,0.33909517712334625,end,0.3423243851490703,okx
J-USDT-SWAP,798,1,27635,0.2964,0.28998003881276546,3.306984920994616,27731,-0.04487179487179471,end,-0.07066067377922508,okx
ANIMEUSDT,276,0,27617,0.06234,0.21248205521498673,3.257684815433677,27761,0.26355470003208215,end,0.25291666181928496,binance
ANIMEUSDT,276,1,27665,0.05711,0.27868468787371214,3.2990813505884176,27761,0.1961127648397829,end,0.20149766798868568,binance
VINEUSDT,278,1,27682,0.29523,0.08216571490943031,3.2864560483759027,27778,0.3539613182942113,end,0.39587721681749605,binance
BUZZ-USDT-SWAP,799,0,27707,0.08023,0.16959830691318292,3.223861115329881,27851,0.4763804063317961,end,0.397785981163031,okx
BUZZ-USDT-SWAP,799,1,27755,0.06956,0.23407199742252377,3.3969171521442183,27851,0.39606095457159285,end,0.3074943634280202,okx
BERAUSDT,280,0,27951,7.835,0.13710094036822892,3.5313738307475733,28095,0.2664964901084875,end,0.19879523875016814,binance
BERAUSDT,280,1,27999,5.449,0.22321022166249352,3.5655776403156993,28095,-0.05468893374931172,end,-0.07522486880715218,binance
LAYERUSDT,282,0,28071,1.00147,0.11523609693292884,3.5517771880513878,28215,0.3754480913057806,end,0.28822153204485224,binance
LAYERUSDT,282,1,28119,0.81156,0.18902768839157427,3.5560504518757634,28215,0.22929912760609195,end,0.20503885293969354,binance
IPUSDT,285,0,28121,1.97329,0.2607680607223122,3.5531364332448447,28252,-0.4999999999999998,stop,-0.6189590831566912,binance
IPUSDT,285,1,28169,1.68442,0.23098071089953018,3.6075791181356527,28252,-0.7572428491706342,stop,-0.8604778994225686,binance
PI-USDT-SWAP,800,0,28281,0.6784,0.08134846963395193,3.253767953571846,28308,-0.5,stop,-0.5454518206478538,okx
PI-USDT-SWAP,800,1,28329,1.6034,0.10533234476341773,3.2219846184424688,28407,-0.5,stop,-0.5973073114551247,okx
KAITOUSDT,288,0,28285,1.7731,0.0818332923256107,3.2542447572129007,28423,-0.5000000000000002,stop,-0.7126990732910337,binance
KAITOUSDT,288,1,28333,1.5003,0.12577602377011032,3.243712220040373,28423,-0.7727454509098182,stop,-0.9449121207821952,binance
HYPE-USDT-SWAP,801,0,28303,24.76,0.32402249248340664,3.2395444775998516,28447,0.2320274636510501,end,0.05806822517835798,okx
HYPE-USDT-SWAP,801,1,28351,21.913,0.3229059962972654,3.2283818603804297,28447,0.13225026240131432,end,-0.04005840639120582,okx
BRUSDT,299,0,28980,0.1831,0.220909440116602,2.974897935466734,29124,0.45548880393227753,end,0.45510616019501,binance
BRUSDT,299,1,29028,0.2082,0.29536880299878404,2.953067755501543,29124,0.5211335254562921,end,0.4829916555561322,binance
PARTIUSDT,304,0,29077,0.3889,0.15736405113479054,3.1293680158711545,29221,0.4412445358704038,end,0.38201290454889325,binance
PARTIUSDT,304,1,29125,0.3165,0.22982927652896037,3.2878196026245163,29221,0.3134281200631912,end,0.29200144566607994,binance
JELLYJELLYUSDT,305,0,29104,0.01996,0.2324380833577236,3.196755840548359,29248,0.38476953907815625,end,0.385335601502838,binance
JELLYJELLYUSDT,305,1,29152,0.01544,0.30058863140369285,3.3444572155010595,29248,0.20466321243523322,end,0.2590104216825401,binance
GUNUSDT,310,0,29221,0.0648,0.2037478482611223,3.417519003395003,29365,0.24845679012345678,end,0.14164420938194802,binance
GUNUSDT,310,1,29269,0.0452,0.2386302521438953,3.5688292698574657,29365,-0.07743362831858414,end,-0.17309774691948795,binance
ATHUSDT,311,0,29271,0.02782,0.3287167184338986,3.5721163390624397,29415,0.012580877066858398,end,-0.053354776457757096,binance
ATHUSDT,311,1,29319,0.03049,0.3531093173674986,3.5303516441085145,29415,0.09904886848146932,end,0.020005168762343796,binance
PROMPTUSDT,314,0,29478,0.4102,0.09597781393677321,3.490084790510925,29488,-0.4999999999999998,stop,-0.5130297185361754,binance
PROMPTUSDT,314,1,29526,0.4438,0.12607683626188876,3.440782111694342,29622,0.4945921586300135,end,0.4943102418640659,binance
WCTUSDT,320,0,29579,0.4287,0.09667436714447128,3.4894521896736133,29723,0.020527175180779178,end,-0.005690995006650464,binance
WCTUSDT,320,1,29627,0.3535,0.15520820340359384,3.514963746556479,29723,-0.18783592644978797,end,-0.16882982129192517,binance
MEMEFIUSDT,327,0,29815,0.002696,0.12485154853895424,3.476351809640267,29873,-0.5,stop,-0.5098471475067256,binance
MEMEFIUSDT,327,1,29863,0.003356,0.19013679439354975,3.4454069025203524,29873,-0.205005959475566,stop,-0.21461414373238255,binance
SIGNUSDT,329,0,29891,0.10474,0.0843038186671756,3.371975708667823,30035,0.2463242314302082,end,0.18173537878204193,binance
SIGNUSDT,329,1,29939,0.09301,0.12469103477698881,3.380573342796483,30035,0.1512740565530588,end,0.08926214813105737,binance
SOONUSDT,349,0,30488,0.4671,0.2973286768790572,3.3979795325007043,30632,0.19338471419396275,end,0.1584679182738086,binance
SOONUSDT,349,1,30536,0.38366,0.345735653666989,3.456630491797189,30632,0.01795860918521608,end,-0.038294276862262125,binance
HUMAUSDT,350,0,30565,0.06158,0.30168876868175737,3.424316801182827,30709,0.3652159792140306,end,0.3111339524268672,binance
HUMAUSDT,350,1,30613,0.05326,0.34733489041577637,3.47261950088789,30709,0.26605332331956444,end,0.22340458959223455,binance
AUSDT,351,1,30656,0.621,0.36716094049751097,3.670838367000065,30752,-0.04057971014492745,end,-0.02952370591260882,binance
SOPHUSDT,352,0,30613,0.06112,0.347261950088789,3.4718902507927036,30757,0.07248036649214662,end,-0.01631583801650161,binance
SOPHUSDT,352,1,30661,0.05104,0.33822834127921825,3.683402268776611,30757,-0.11069749216300928,end,-0.12594658401046283,binance
MERLUSDT,353,0,30632,0.13153,0.35715959834347083,3.570845948278187,30776,0.19691325172964347,end,0.18818993570121734,binance
MERLUSDT,353,1,30680,0.12058,0.36363839551356675,3.635620314505089,30776,0.1239840769613535,end,0.12215970487246222,binance
HYPEUSDT,354,0,30658,31.045,0.3685610608188146,3.6848366299604267,30802,-0.11473667257207265,end,-0.11609350150943007,binance
HYPEUSDT,354,1,30706,32.785,0.35391283003255397,3.5383850833824715,30802,-0.05557419551624232,end,-0.06741487707380195,binance
LAUNCHCOIN-USDT-SWAP,802,0,30754,0.118,0.3544833491684256,3.5440890766510025,30819,-0.5,stop,-0.511199093495351,okx
LAUNCHCOIN-USDT-SWAP,802,1,30802,0.1489,0.23101495443747427,3.5230508528168243,30819,-0.188717259905977,stop,-0.18114288131434092,okx
PUFFERUSDT,357,0,30776,0.21512,0.35198932279418005,3.519154050363933,30920,0.03509669021941242,end,0.06854026367649917,binance
RESOLVUSDT,362,0,30925,0.3797,0.11815040595521387,3.3906468952754247,31069,0.36160126415591254,end,0.308242534954309,binance
RESOLVUSDT,362,1,30973,0.2447,0.18220898047024095,3.425984320445253,31069,0.009399264405394292,end,0.007143268277607534,binance
SPKUSDT,366,0,31089,0.05283,0.2188954965800866,3.428155878852711,31233,0.1688434601552149,end,0.1527966996205568,binance
SPKUSDT,366,1,31137,0.04217,0.3097201772936848,3.470818434093285,31233,-0.04126156035096029,end,-0.05316384055015826,binance
OLUSDT,372,0,31283,0.03107,0.19620519734314323,3.4451841237995366,31427,0.09333762471837781,end,0.09582369286160114,binance
OLUSDT,372,1,31331,0.0291,0.3241638713480875,3.4538516416416547,31427,0.031958762886597936,end,0.034978387317969026,binance
SAHARAUSDT,373,0,31308,0.08514,0.19798969314674147,3.4607282768487253,31452,0.06342494714587721,end,0.010050714937735844,binance
SAHARAUSDT,373,1,31356,0.10317,0.26628961079387337,3.4013270601389607,31452,0.22710090142483275,end,0.2124673629639907,binance
USELESS-USDT-SWAP,803,0,32002,0.4034,0.35343037800850297,3.533561576291212,32146,0.4003470500743679,end,0.377152974123197,okx
USELESS-USDT-SWAP,803,1,32050,0.3926,0.35474151281943195,3.5466701710173987,32146,0.38385124808965865,end,0.34817886143760873,okx
TREEUSDT,390,0,32102,0.5498,0.26534184348392753,3.7268346938120707,32246,0.20771189523463074,end,0.1636952005774664,binance
TREEUSDT,390,1,32150,0.5489,0.3073795316894655,3.7821656575053395,32246,0.2064128256513027,end,0.19319646887900077,binance
USELESSUSDT,402,0,32508,0.3146,0.21582608165233771,3.893481185981862,32652,0.30165289256198347,end,0.25731385602322554,binance
USELESSUSDT,402,1,32556,0.2952,0.3033489656923693,3.9019728186215277,32652,0.2557588075880759,end,0.2299677530475161,binance
WLFIUSDT,407,0,32696,0.2547,0.1730557388945736,4.018866525031561,32840,-0.09854731056144495,end,-0.15663643625053925,binance
WLFIUSDT,407,1,32744,0.2513,0.23585737547100777,4.01382899451918,32840,-0.1134102666136092,end,-0.13257885525132995,binance
LINEAUSDT,413,0,32912,0.04158,0.30954745074468565,3.960203357380998,33056,0.35185185185185175,end,0.3589501178821804,binance
LINEAUSDT,413,1,32960,0.02515,0.3542991041924704,4.082557040452733,33056,-0.07157057654075549,end,-0.06711792859378478,binance
BARDUSDT,430,0,33323,0.9497,0.3962463040249565,4.047353561748013,33426,-0.5,stop,-0.5547824548935826,binance
BARDUSDT,430,1,33371,1.0531,0.39979427347393853,3.9971031667650903,33426,-0.3527205393599848,stop,-0.3915555460785085,binance
XANUSDT,441,1,33634,0.10939,0.16315931733558528,3.678595278060726,33730,-0.014992229637078358,end,0.020633768186511515,binance
EDENUSDT,443,0,33611,0.4097,0.1467852712598996,3.6715052675581967,33755,0.15133024164022457,end,0.2223999039421056,binance
EDENUSDT,443,1,33659,0.3368,0.22054332347107564,3.7114127472743963,33755,-0.03236342042755358,end,0.00019156869095515828,binance
2ZUSDT,447,0,33660,0.5259,0.1450064823573093,3.708537619253032,33804,0.2527096406160867,end,0.26804983868733373,binance
2ZUSDT,447,1,33708,0.4931,0.246386319392032,3.6473955622610927,33804,0.20300141959034668,end,0.19419064396165112,binance
MONUSDT,453,0,33847,0.0928,0.16083974222039016,3.7942445063552226,33991,0.2801724137931034,end,0.23056624602080006,binance
MONUSDT,453,1,33895,0.08278,0.2061055714852654,3.794533745702203,33991,0.19304179753563666,end,0.1166575580743611,binance
YBUSDT,454,1,33902,1.3748,0.12555253276245723,3.843248580491573,33998,0.6413296479487925,end,0.5562752020747346,binance
METUSDT,455,0,33876,1.4095,0.3484600973405728,3.810889290759596,34020,0.3046470379567222,end,0.2611611035900224,binance
METUSDT,455,1,33924,1.3982,0.3597855559187746,3.8917071072030507,34020,0.2990273208410814,end,0.25958710717952954,binance
ZBTUSDT,460,0,34019,0.4089,0.23049368881464605,4.111215326030439,34163,0.3690388848129127,end,0.3008320905309037,binance
ZBTUSDT,460,1,34067,0.3254,0.29923362153412647,4.145074094479252,34163,0.2071296865396436,end,0.17957835198991426,binance
BLUAIUSDT,465,1,34163,0.02298,0.15830012070529398,4.232695282463387,34201,-0.5,stop,-0.49901287602970085,binance
TURTLEUSDT,466,1,34191,0.1719,0.28916464370131145,4.221330640233225,34287,0.17510180337405457,end,0.1701153800525158,binance
APRUSDT,467,1,34210,0.38114,0.12646014433154656,4.127560551400177,34306,0.2546833184656556,end,0.2325635876209227,binance
ATUSDT,472,1,34355,0.3483,0.2421120262358528,4.212788483299736,34390,-0.5,stop,-0.5067240846889215,binance
PIGGY-USDT-SWAP,807,0,34304,1.9906,0.14304505384014662,4.231167560771411,34448,0.20948457751431726,end,0.006332894409073204,okx
PIGGY-USDT-SWAP,807,1,34352,1.6867,0.20117980181629877,4.223574366808905,34448,0.0670540107903006,end,-0.033700741833140355,okx
KITEUSDT,471,0,34306,0.1366,0.2088556130658208,4.239431137761304,34450,0.30959004392386524,end,0.18746129652079266,binance
KITEUSDT,471,1,34354,0.14703,0.23387024036488224,4.230406543799204,34450,0.35856627899068216,end,0.2404779412394682,binance
CCUSDT,473,0,34356,0.13862,0.275570892551427,4.231391401356814,34500,-0.05208483624296645,end,-0.1426659673026514,binance
CCUSDT,473,1,34404,0.16344,0.36033082370362923,4.165930854636649,34500,0.1076847772883015,end,0.03639931500339321,binance
MMTUSDT,474,0,34452,1.1204,0.1046612127131834,4.1862287199806385,34596,0.5528382720456979,end,0.562337070993728,binance
MMTUSDT,474,1,34500,0.513,0.10592925386108376,4.236947703010242,34596,0.023391812865497075,end,0.031320968179343135,binance
TRUSTUSDT,475,0,34473,0.2177,0.10554852462891653,4.22171933325494,34617,0.21451538814882865,end,0.20720323498934845,binance
TRUSTUSDT,475,1,34521,0.2134,0.15221429506001,4.198875915511758,34617,0.19868791002811614,end,0.21011972945456547,binance
ALLOUSDT,480,0,34624,0.3843,0.2589565319526189,4.288753563364708,34766,0.5412438199323444,end,0.4332394054976461,binance
ALLOUSDT,480,1,34670,0.2569,0.2678269892472924,4.357324556600585,34766,0.3137407551576489,end,0.2656223478193036,binance
BEATUSDT,482,1,34692,0.48153,0.18604990301931734,4.437013902024319,34788,0.01690445039769073,end,-0.03832832036876984,binance
PIEVERSEUSDT,483,1,34739,0.2643,0.17933994691096553,4.50489899071278,34818,-0.5,stop,-0.6095283427339957,binance
SENTUSDT,484,0,34692,0.06968,0.18264528592516358,4.4366303469238755,34836,0.10935706084959829,end,-0.0328680139340157,binance
SENTUSDT,484,1,34740,0.06617,0.2697011160630165,4.500336674715503,34836,0.062112739912347115,end,-0.07956366956331722,binance
RLSUSDT,487,0,35122,0.027053,0.1962725784711406,4.32831084811693,35266,0.4356263630650944,end,0.3889365509770869,binance
RLSUSDT,487,1,35170,0.018902,0.2783926785132152,4.382094837369664,35266,0.1922547878531372,end,0.16614659523191155,binance
NIGHTUSDT,490,0,35315,0.045992,0.1662158413909069,4.460454127377804,35380,-0.5,stop,-0.552316238347542,binance
NIGHTUSDT,490,1,35363,0.049535,0.22665916738955344,4.460086026987913,35380,-0.39271222368022585,stop,-0.4120712118276518,binance
WETUSDT,489,0,35311,0.2264,0.17214871068455564,4.450953083633682,35455,0.1139575971731448,end,-0.08639365091228778,binance
WETUSDT,489,1,35359,0.2047,0.2318073164840309,4.4390255507736835,35455,0.02002931118710305,end,-0.19488724097545101,binance
RAVEUSDT,494,0,35416,0.44878,0.11572793797035266,4.1622654431825055,35559,-0.06178974107580548,end,-0.05582987523919432,binance
RAVEUSDT,494,1,35463,0.3663,0.15113755282802083,4.230574112370032,35559,-0.3008736008736008,end,-0.328533941216766,binance
BREVUSDT,498,0,35794,0.4037,0.2935756369364085,4.149330924841293,35938,-0.11592766906118412,end,-0.06430887877393603,binance
BREVUSDT,498,1,35842,0.415,0.4023992192570166,4.142906226701899,35938,-0.08554216867469888,end,-0.044044133687383004,binance
ZAMAUSDT,502,0,36033,0.1203,0.2814209267074424,4.112753604677392,36177,0.37073981712385706,end,0.4237120550675897,binance
ZAMAUSDT,502,1,36081,0.1074,0.4151998714465958,4.193372940865134,36177,0.2951582867783985,end,0.34658526389217836,binance
FOGOUSDT,503,0,36062,0.06693,0.3394136604115282,4.139369929437605,36206,0.44897654265650677,end,0.49716607704266447,binance
FOGOUSDT,503,1,36110,0.05364,0.3521228545429441,4.251368576615623,36206,0.3124533929903057,end,0.3462990685614747,binance
ACUUSDT,506,1,36372,0.21254,0.21024803242057505,4.676717371858404,36468,0.13545685518020145,end,0.14399529365624836,binance
SPACEUSDT,510,0,36371,0.017342,0.14885130518234918,4.666860371679064,36515,0.5051320493599354,end,0.4307825329787459,binance
SPACEUSDT,510,1,36419,0.016846,0.22742597932295974,4.620467083833309,36515,0.4905615576397958,end,0.4292750117470735,binance
TRIAUSDT,521,0,36708,0.02014,0.3122585672673843,4.858542775826825,36852,0.07596822244289969,end,0.051541666179603665,binance
TRIAUSDT,521,1,36756,0.01722,0.3817927047584396,4.905221609587288,36852,-0.08072009291521498,end,-0.11291348292232883,binance
AZTECUSDT,528,0,36820,0.01722,0.377010337276711,4.879555528716752,36853,-0.5,stop,-0.5187051578323861,binance
ESPUSDT,527,1,36848,0.0624,0.38999458769281964,4.746067773547538,36944,0.06987179487179485,end,0.05513626737070338,binance
AZTECUSDT,528,1,36868,0.02465,0.279760926674976,4.637046491813109,36964,0.2190669371196754,end,0.19026392551002902,binance
OPNUSDT,529,1,37119,0.4873,0.285113243673886,4.710758615265682,37215,0.037964293043299846,end,0.050581625627671455,binance
ROBOUSDT,530,0,37208,0.03864,0.20719217447034324,4.7252021152712365,37263,-0.5,stop,-0.4260217997312645,binance
ROBOUSDT,530,1,37256,0.03924,0.3204319181887828,4.727709880972886,37263,-0.47706422018348627,stop,-0.43484507341673634,binance
KATUSDT,531,0,37277,0.024,0.34056422446775725,4.4974570355110615,37421,0.4708333333333333,end,0.4539268139772052,binance
KATUSDT,531,1,37325,0.01631,0.2808056251942151,4.629613909352372,37421,0.22133660331085236,end,0.1404255190443302,binance
BASEDUSDT,545,0,37954,0.1066,0.3826656999696567,4.69139213144824,38098,0.40534709193245777,end,0.45514164328824125,binance
BASEDUSDT,545,1,38002,0.0826,0.41875824600681594,4.777786491990005,38098,0.23256658595641655,end,0.2780135603402773,binance
UP-USDT-SWAP,809,0,38171,0.224,0.4982783295826619,4.981736911334495,38315,0.22499999999999998,end,0.260499405011149,okx
UP-USDT-SWAP,809,1,38219,0.2268,0.4505110649769133,4.977486964295907,38315,0.23456790123456783,end,0.247718606224636,okx
OFC-USDT-SWAP,810,0,38195,0.04589,0.2643561930967449,4.991131276723256,38339,-0.0655916321638701,end,-0.04793161863549019,okx
OFC-USDT-SWAP,810,1,38243,0.05227,0.2863844868381969,5.0585546711524225,38339,0.06447292902238377,end,0.08951932088343927,okx
OPGUSDT,561,0,38512,0.3659,0.21108667949461668,5.236707119832636,38655,0.2735720142115332,end,0.24410645023647243,binance
OPGUSDT,561,1,38559,0.2587,0.28587493293981875,5.296034246203722,38655,-0.027444916892153115,end,-0.04998615139684911,binance
BLEND-USDT-SWAP,812,0,38674,0.1444,0.38165046800219715,5.273586768221904,38818,0.16689750692520777,end,0.24065309011234126,okx
BLEND-USDT-SWAP,812,1,38722,0.1161,0.49255770354957995,5.358210815936376,38818,-0.036175710594315236,end,0.007635634657284628,okx
BILLUSDT,566,0,38864,0.07958,0.3002902107817961,5.369363979901552,38896,-0.5,stop,-0.4932695227309119,binance
BILLUSDT,566,1,38912,0.10353,0.2778309607787111,5.2212871353734585,38957,-0.5,stop,-0.49600719471085436,binance
SLXUSDT,595,0,39463,0.315,0.26409572206644844,5.083509823915082,39607,0.45460317460317456,end,0.2691526828353604,binance
SLXUSDT,595,1,39511,0.2406,0.331178833924812,5.1011952749431595,39607,0.28595178719867,end,0.2652296318400861,binance
O-USDT-SWAP,815,0,39856,0.6702,0.29102477203448096,5.241765124504159,39971,0.13727245598328852,end,0.14723306421016738,okx
O-USDT-SWAP,815,1,39904,0.7567,0.24190905451066752,5.157164301289825,39971,0.23589269195189633,end,0.20543370169441813,okx
GRAM-USDT-SWAP,813,0,39850,1.66,0.5242984937246061,5.241883910409239,39994,0.0475903614457831,end,0.021744979046199178,okx
GRAM-USDT-SWAP,813,1,39898,1.601,0.5158033231426693,5.156950044448094,39994,0.012492192379762623,end,-0.0066829808392043066,okx
REUSDT,639,0,39878,0.74353,0.15614228090376395,5.19293764090976,40022,0.2679515285193603,end,0.09645679693892387,binance
REUSDT,639,1,39926,0.96187,0.23299015485355595,5.214334605507567,40022,0.43412311435017203,end,0.2991586547816213,binance
ARXUSDT,647,0,39988,0.3069,0.3568281118002202,5.38647594795649,40132,0.12349299446073636,end,0.053782582174417934,binance
ARXUSDT,647,1,40036,0.2794,0.42648132678410455,5.50444806580121,40132,0.03722261989978515,end,0.010761491141457526,binance
OUSDT,648,0,40019,0.5968,0.24898781695975472,5.4867319479977255,40163,0.1343833780160859,end,0.07651687304376618,binance
OUSDT,648,1,40067,0.4296,0.354995124279073,5.557543515331536,40163,-0.20251396648044695,end,-0.23368210378799925,binance
NES-USDT-SWAP,816,0,40021,0.2467,0.20987735624768228,5.500227319711042,40165,0.2655046615322254,end,0.21337298588659612,okx
NES-USDT-SWAP,816,1,40069,0.1755,0.2973917199360852,5.519964580751539,40165,-0.032478632478632585,end,-0.06761414884477727,okx
CAPUSDT,649,0,40091,0.02781,0.4058261779856472,5.444310874050915,40235,0.33800791082344483,end,0.37606180072011325,binance
CAPUSDT,649,1,40139,0.02785,0.2928405413025078,5.414504434681234,40235,0.33895870736086176,end,0.39033111208873295,binance
GRAMUSDT,653,0,40208,1.672,0.5570534430908827,5.569364618678335,40352,0.04904306220095689,end,0.0664466103735244,binance
GRAMUSDT,653,1,40256,1.775,0.5655945170042186,5.654757421556477,40352,0.10422535211267592,end,0.10065172892067968,binance
AEON-USDT-SWAP,818,0,40811,0.10028,0.28629532840660593,5.773057840809596,40955,0.31292381332269636,end,0.2842620029524085,okx
AEON-USDT-SWAP,818,1,40859,0.09694,0.3525901920896003,5.78556248868978,40955,0.2892510831442129,end,0.2482046901352848,okx
GRVTUSDT,694,0,40908,0.26907,0.2855689105638043,5.913033157331476,41052,-0.12528338350615087,end,-0.10375193371581094,binance
GRVTUSDT,694,1,40956,0.26795,0.4433906781747954,5.939665253146507,41052,-0.12998693786154125,end,-0.0991275966677093,binance
DOSUSDT,702,0,41175,0.3365,0.5186097781962298,5.867886824333706,41319,0.3277860326894503,end,0.3184299308829416,binance
DOSUSDT,702,1,41223,0.274,0.5685873453062811,5.948419868210948,41319,0.1744525547445256,end,0.1906094707858733,binance
