sym,i,tranche,entry_t,entry_px,notional,E_before,exit_t,ret,reason,net
RSS3-USDT-SWAP,2,0,2071,0.31018,0.08208856969177218,0.9998276140036473,2215,0.07331227029466769,end,0.19712365953005015
UMEE-USDT-SWAP,1,0,2071,0.10574,0.09998276140036473,0.9996176502047065,2215,-0.07159069415547559,end,0.0513387753573509
RSS3-USDT-SWAP,2,1,2119,0.33214,0.09756897062421602,0.9928793121340681,2215,0.13458180285421817,end,0.25512126892883585
UMEE-USDT-SWAP,1,1,2119,0.10779,0.09928793121340682,0.99267080747852,2215,-0.051210687447815095,end,0.0676897588412279
DOME-USDT-SWAP,3,0,2358,0.047214,0.10529272875037818,1.052706172773406,2502,0.1591265302664464,end,0.08863202680314707
DOME-USDT-SWAP,3,1,2406,0.0466,0.10472127602748549,1.0469928455951971,2502,0.14804721030042922,end,0.1432181264759107
NYM-USDT-SWAP,5,0,3415,1.5853,0.10772575804153839,1.0770313563234966,3559,0.2827225130890052,end,0.25803358620769923
NYM-USDT-SWAP,5,1,3463,1.3949,0.10876296846326956,1.0874012823989228,3559,0.18481611585059865,end,0.18053451506485468
FITFI-USDT-SWAP,6,0,3895,0.0929,0.028117247846457877,1.1246308676378376,3902,-0.5,stop,-0.42087585002913797
FITFI-USDT-SWAP,6,1,3943,0.268,0.027821401081761427,1.1127976183281854,4039,0.11791044776119408,end,0.12120735633650623
SWEAT-USDT-SWAP,8,0,6942,0.0530427,0.06056339252041937,1.1161010186208629,7086,0.18782414922317303,end,0.10430726346864058
SWEAT-USDT-SWAP,8,1,6990,0.0624099,0.06779076258474434,1.1146595943835096,7086,0.3097248994149966,end,0.22765211975502922
ETHW-USDT-SWAP,9,0,6966,10.43,0.044946146483025626,1.1098765160089339,7110,0.39031639501438153,end,0.3476734080585351
ETHW-USDT-SWAP,9,1,7014,4.713,0.050078864870183204,1.145822128873114,7110,-0.3492467642690431,end,-0.31245502692863036
CORE-USDT-SWAP,14,0,10453,4.77229,0.06101800411002346,1.1378291633342177,10597,0.35255401494879823,end,0.3555944704765445
CORE-USDT-SWAP,14,1,10501,2.94319,0.06014877787637213,1.1585891750578077,10597,-0.04981329781631483,end,-0.0035047641108723678
BLUR-USDT-SWAP,15,0,10610,1.0887,0.07029787892656189,1.1592965331801286,10754,0.07733994672545241,end,0.0662684639443885
BLUR-USDT-SWAP,15,1,10658,1.0253,0.07743093415928701,1.163597987836053,10754,0.020286745342826595,end,0.004226045071100256
GFT-USDT-SWAP,17,0,10806,0.0791,0.11644299177985404,1.1641853875158028,10950,0.12262958280657399,end,0.10611071763528483
GFT-USDT-SWAP,17,1,10854,0.0823,0.11563401696536726,1.1560973382180453,10950,0.1567436208991494,end,0.16881619180102087
PEPE-USDT-SWAP,19,0,12459,1.0911e-06,0.05574260275409617,1.1960402563116532,12466,-0.5,stop,-0.5130109953669411
AIDOGE-USDT-SWAP,20,0,12459,5.54e-10,0.07111706152947682,1.1961573157774368,12495,-0.5,stop,-0.4929747411902844
AIDOGE-USDT-SWAP,20,1,12507,6.47e-10,0.055504412064598455,1.1325346192163828,12603,0.41112828438949,end,0.34670053050582855
CETUS-USDT-SWAP,21,0,12635,0.12177,0.0730388336175831,1.1517412060393306,12779,0.3180586351318059,end,0.2850489446476242
CETUS-USDT-SWAP,21,1,12683,0.11751,0.08401797158809858,1.1526069205030247,12779,0.29333673729895327,end,0.2806612935098785
ORDI-USDT-SWAP,22,0,12897,9.745,0.08036423193206398,1.196126057727848,13041,0.13966136480246272,end,0.1526296539475853
ORDI-USDT-SWAP,22,1,12945,8.449,0.11409367542180075,1.2065278639809753,13041,0.007693218132323265,end,0.02126022269728692
WSM-USDT-SWAP,23,0,16203,0.04893,0.12109864444722818,1.2107321373189426,16347,0.3041079092581239,end,0.27054082491901366
WSM-USDT-SWAP,23,1,16251,0.03815,0.12380150881133786,1.237755104944875,16347,0.10747051114023609,end,0.06926010312482696
PYTH-USDT-SWAP,26,0,17294,0.3232,0.06761415514867511,1.252181087179079,17340,-0.5,stop,-0.4938710762661019
DMAIL-USDT-SWAP,32,0,18994,0.6287,0.063160055069507,1.2187977652151458,19138,0.2791474471130906,end,0.28421086128524276
DMAIL-USDT-SWAP,32,1,19042,0.5287,0.08825564613321571,1.2291403067904012,19138,0.1428031019481747,end,0.13986782093373862
GPT-USDT-SWAP,34,0,19692,0.49367,0.04273905535810448,1.249135547874418,19722,-0.5,stop,-0.5082034500713418
GPT-USDT-SWAP,34,1,19740,0.70738,0.05397712806944086,1.227391812535946,19836,0.15171477847832848,end,0.251758333955594
ZK-USDT-SWAP,38,0,20170,2.939,0.0626132176762474,1.2409628685822436,20314,-0.06362708404219108,end,0.06856687395342259
ZK-USDT-SWAP,38,1,20218,2.776,0.1022596275633613,1.2467552046710608,20314,-0.12608069164265134,end,-0.03720230039842381
VENOM-USDT-SWAP,39,0,20312,0.6014,0.03745173954552152,1.2401201706370817,20456,0.1267708679747258,end,0.12744188475684756
VENOM-USDT-SWAP,39,1,20360,0.66154,0.0599708783458061,1.237838948668961,20456,0.20615533452247792,end,0.20041437418538602
ZEUS-USDT-SWAP,40,0,20576,0.685,0.11280124043380042,1.2581383192835613,20620,-0.5,stop,-0.5178752078348003
ZEUS-USDT-SWAP,40,1,20624,1.0221,0.10769372510685196,1.1997320792320698,20720,0.3470306232266902,end,0.3505349171889037
BLOCK-USDT-SWAP,41,0,20724,0.22642,0.06380570392375673,1.2375746550886497,20868,0.16858051408886143,end,0.02675261197358926
BLOCK-USDT-SWAP,41,1,20772,0.17658,0.08078545222631874,1.2600814607197843,20868,-0.06608902480462131,end,-0.12431370042750386
FOXY-USDT-SWAP,42,0,20744,0.0188791,0.05382612804373858,1.2384426765355965,20888,0.2873865809281162,end,0.2415560559138329
FOXY-USDT-SWAP,42,1,20792,0.0152563,0.06848525677325132,1.241442247823343,20888,0.11816757667324318,end,0.08816446496496662
MEW-USDT-SWAP,43,0,20816,0.004989,0.051265838072347525,1.2676338902781477,20960,-0.10523150932050496,end,-0.07532166851285962
MEW-USDT-SWAP,43,1,20864,0.004616,0.07356988457436392,1.2671068442449052,20960,-0.19454072790294608,end,-0.12341642850292621
PRCL-USDT-SWAP,44,0,20845,0.493,0.06878062223669976,1.2664379611035714,20989,-0.17849898580121693,end,-0.12799181952630875
PRCL-USDT-SWAP,44,1,20893,0.467,0.09064782788685434,1.2428816075716684,20989,-0.24411134903640241,end,-0.2196042397537954
MERL-USDT-SWAP,45,0,20914,1.0655,0.09966921990390658,1.2547726775626935,21058,0.2833411543876114,end,0.27498719542544703
MERL-USDT-SWAP,45,1,20962,1.0534,0.11249825297362415,1.1642459373421812,21058,0.27510917030567683,end,0.25074776626907735
MSN-USDT-SWAP,46,0,21150,2.89,0.06211213258001773,1.2622477152534632,21294,0.48027681660899657,end,0.4947893362659457
MSN-USDT-SWAP,46,1,21198,1.91,0.08019530415653649,1.27745559047809,21294,0.21361256544502616,end,0.3313195413809254
ZERO-USDT-SWAP,47,0,21320,0.0007194,0.03947947878679046,1.319597936073805,21464,0.3098415346121769,end,0.2683258677128796
ZERO-USDT-SWAP,47,1,21368,0.0005329,0.059328373454873705,1.3281178387903674,21464,0.06830549821730159,end,0.06230256327105258
ZENT-USDT-SWAP,48,0,21392,0.03338,0.13351923624484222,1.334911972052308,21536,-0.19203115638106638,end,-0.14713716567126528
ZENT-USDT-SWAP,48,1,21440,0.03296,0.13160303613458782,1.3157539949699955,21536,-0.20722087378640763,end,-0.1207568963528529
ULTI-USDT-SWAP,49,0,22087,0.06465,0.05830133940459066,1.2983104691318839,22231,0.31879350348027835,end,0.28519144129726104
ULTI-USDT-SWAP,49,1,22135,0.05326,0.08760495877248625,1.308606173186984,22231,0.17311303041682313,end,0.13642398005704878
ATH-USDT-SWAP,50,0,22227,0.06909,0.06258859759522065,1.3274994865093024,22371,0.01592126212187006,end,-0.03166124056694021
ATH-USDT-SWAP,50,1,22275,0.06339,0.08454489807970066,1.3303011515455097,22371,-0.07256665089130765,end,-0.09635014278972968
UXLINK-USDT-SWAP,51,0,23073,0.2572,0.04634414069897038,1.3167864937646634,23217,0.37363919129082424,end,0.3514810706683286
UXLINK-USDT-SWAP,51,1,23121,0.2074,0.07836885826553121,1.326883502551304,23217,0.2232401157184185,end,0.1724683513369124
MAX-USDT-SWAP,52,0,23528,0.33905,0.053495958268207744,1.346576710921061,23672,0.13119008995723347,end,0.1590892019994031
MAX-USDT-SWAP,52,1,23576,0.33923,0.07764903019470741,1.3497794280922568,23672,0.13165109217934734,end,0.09797749082347562
CAT-USDT-SWAP,53,0,24274,2.674e-05,0.09893353732564758,1.3625997784594788,24418,-0.21619296933433052,end,-0.16975865923759334
CAT-USDT-SWAP,53,1,24322,2.8174e-05,0.11807561072313907,1.3566236651437933,24418,-0.15429119045928874,end,-0.10441584608936193
MOODENG-USDT-SWAP,54,0,24919,0.17441,0.10885986632798524,1.3334551437223665,25063,0.22578980563041107,end,0.23954923520201843
MOODENG-USDT-SWAP,54,1,24967,0.13733,0.09473505314374309,1.358700369224099,25063,0.016747979319886364,end,0.012223268563527644
PUFFER-USDT-SWAP,55,0,25188,0.5358,0.034022975479041886,1.3608475709131693,25332,0.34901082493467717,end,0.35452919561132806
PUFFER-USDT-SWAP,55,1,25236,0.3767,0.04706602759799085,1.3709229523613173,25332,0.07406424210246876,end,0.0707651041814083
X-USDT-SWAP,56,0,25449,6.29e-05,0.13688849347373416,1.3760243238006464,25593,0.30063593004769473,end,0.3345647513994576
X-USDT-SWAP,56,1,25497,5.84e-05,0.1388752631790196,1.38846099373752,25593,0.2467465753424658,end,0.26066779996743267
GRASS-USDT-SWAP,57,0,25526,1.0454,0.06363616240026894,1.42654749322161,25605,-0.5,stop,-0.5560401832038679
GRASS-USDT-SWAP,57,1,25574,0.9865,0.08597336742059634,1.4415021032206325,25605,-0.5895590471363408,stop,-0.6313150601005143
OL-USDT-SWAP,59,0,26121,0.092099,0.10422407138998631,1.4060523795065636,26187,-0.5,stop,-0.5380271982817845
OL-USDT-SWAP,59,1,26169,0.096883,0.10740035316124041,1.4052367925369216,26187,-0.4259312779331772,stop,-0.46712905309550734
DOG-USDT-SWAP,58,0,26046,0.00809,0.13686496187285874,1.3683622023086544,26190,0.15896168108776265,end,0.20496961689186174
DOG-USDT-SWAP,58,1,26094,0.007958,0.13815022742832972,1.3812121588056978,26190,0.14501130937421458,end,0.11482792737292084
MEMEFI-USDT-SWAP,60,0,26127,0.006585,0.05910356097152928,1.3991527531949872,26201,-0.5,stop,-0.5448683310576274
MEMEFI-USDT-SWAP,60,1,26175,0.005292,0.0942274279240943,1.429212676306937,26201,-0.8664965986394557,stop,-0.8856811414388924
MORPHO-USDT-SWAP,61,0,26194,0.9866,0.05871969724143914,1.232570331659543,26223,-0.5,stop,-0.4808222447746082
MAJOR-USDT-SWAP,62,0,26269,1.2333,0.06134768187269083,1.1622993900966456,26413,0.06689369982972515,end,0.13385879658684965
MAJOR-USDT-SWAP,62,1,26317,1.211,0.07982405144549705,1.1633775426125932,26413,0.04971098265895957,end,0.11463364133125786
SUNDOG-USDT-SWAP,64,0,26578,0.1528,0.11797906687804594,1.1795429127400154,26722,0.1688481675392669,end,0.20088439995064344
SUNDOG-USDT-SWAP,64,1,26626,0.1437,0.11876866320936094,1.1874372179008699,26722,0.116214335421016,end,0.13795587695335904
AI16Z-USDT-SWAP,65,0,26793,0.8122,0.0551263136316044,1.219759892665994,26937,-0.08138389559221859,end,-0.09591161040818934
AI16Z-USDT-SWAP,65,1,26841,0.5972,0.0777924408395339,1.2330718507986382,26937,-0.4706965840589419,end,-0.462710224249996
ZEREBRO-USDT-SWAP,67,0,26959,0.3135,0.11592170018571246,1.1781024715380735,27012,-0.5,stop,-0.4973019146542778
ZEREBRO-USDT-SWAP,67,1,27007,0.4043,0.07480379646782181,1.1432363410054653,27012,-0.1631214444719269,stop,-0.16798221632634802
GRIFFAIN-USDT-SWAP,66,0,26959,0.2295,0.11768550193669361,1.1783459071084634,27038,-0.5,stop,-0.4837915960560278
GRIFFAIN-USDT-SWAP,66,1,27007,0.2329,0.1075423575152276,1.1433934289780479,27038,-0.47810218978102204,stop,-0.4617885750604414
ALCH-USDT-SWAP,68,0,27127,0.1701,0.09545089715349844,1.001581719955679,27271,0.19223985890652562,end,0.1768484647668548
ALCH-USDT-SWAP,68,1,27175,0.1635,0.08364521129749572,1.0079969053363826,27271,0.15963302752293584,end,0.11454225358064112
DUCK-USDT-SWAP,69,0,27443,0.009927,0.051967428233561895,1.0281342908658686,27587,0.4256069305933313,end,0.4237199963693506
DUCK-USDT-SWAP,69,1,27491,0.006657,0.07616189400007632,1.0627410875141359,27587,0.14345801412047476,end,0.113389324491455
NC-USDT-SWAP,70,0,27467,0.20843,0.05447688250428573,1.037997471211577,27611,0.4416830590605959,end,0.46251394807488444
NC-USDT-SWAP,70,1,27515,0.12632,0.06653468892898015,1.0931809809639608,27611,0.07876820772640902,end,0.05076225927090075
J-USDT-SWAP,71,0,27587,0.4686,0.10603460628788224,1.0601233902056177,27731,0.33909517712334625,end,0.3423243851490707
J-USDT-SWAP,71,1,27635,0.2964,0.09900082257295979,1.1290233243476238,27731,-0.04487179487179471,end,-0.07066067377922498
BUZZ-USDT-SWAP,72,0,27707,0.08023,0.05665764533289121,1.0769941221663313,27851,0.4763804063317961,end,0.3977859811630305
BUZZ-USDT-SWAP,72,1,27755,0.06956,0.07750268370729345,1.1247402445465695,27851,0.39606095457159285,end,0.3074943634280203
PI-USDT-SWAP,73,0,28281,0.6784,0.029078619945501233,1.1630837327181638,28308,-0.5,stop,-0.5454518206478538
PI-USDT-SWAP,73,1,28329,1.6034,0.037575601348621535,1.1493906249396624,28407,-0.5,stop,-0.5973073114551248
HYPE-USDT-SWAP,74,0,28303,24.76,0.11579689821349337,1.1577258086486855,28447,0.2320274636510501,end,0.058068225178358045
HYPE-USDT-SWAP,74,1,28351,21.913,0.11592156413379158,1.1589722060532348,28447,0.13225026240131432,end,-0.04005840639120586
LAUNCHCOIN-USDT-SWAP,75,0,30754,0.118,0.11269201174458351,1.1266834642211716,30819,-0.5,stop,-0.5111990934953508
LAUNCHCOIN-USDT-SWAP,75,1,30802,0.1489,0.07180045138487262,1.094979509443718,30819,-0.188717259905977,stop,-0.18114288131434095
USELESS-USDT-SWAP,76,0,32002,0.4034,0.1056305922554309,1.0560840983105726,32146,0.4003470500743679,end,0.37715297412319726
USELESS-USDT-SWAP,76,1,32050,0.3926,0.10602245428886876,1.060001895734681,32146,0.38385124808965865,end,0.3481788614376085
MET-USDT-SWAP,79,0,33848,1.4336,0.05999575502381321,1.1329336009174087,33992,0.2021484375,end,0.15619217084120215
PIGGY-USDT-SWAP,80,0,34304,1.9906,0.03861993716388619,1.1423493573533403,34448,0.20948457751431726,end,0.0063328944090731126
PIGGY-USDT-SWAP,80,1,34352,1.6867,0.05449214036011661,1.1440095135777968,34448,0.0670540107903006,end,-0.03370074183314011
TRIA-USDT-SWAP,81,0,36679,0.0218,0.03346490515137608,1.1407683333504988,36823,0.21467889908256876,end,0.23214550380754964
UP-USDT-SWAP,82,0,38171,0.224,0.11486073369175565,1.1483661293768037,38315,0.22499999999999998,end,0.26049940501114893
UP-USDT-SWAP,82,1,38219,0.2268,0.10384965266870586,1.1473864519434842,38315,0.23456790123456783,end,0.24771860622463598
OFC-USDT-SWAP,83,0,38195,0.04589,0.060938123318514295,1.150531673485506,38339,-0.0655916321638701,end,-0.04793161863549029
OFC-USDT-SWAP,83,1,38243,0.05227,0.0660159800722684,1.1660737913990185,38339,0.06447292902238377,end,0.0895193208834392
BLEND-USDT-SWAP,85,0,38674,0.1444,0.08735511460515041,1.2070593779949907,38818,0.16689750692520777,end,0.24065309011234137
BLEND-USDT-SWAP,85,1,38722,0.1161,0.11274042153925914,1.2264287853617508,38818,-0.036175710594315236,end,0.00763563465728461
RE-USDT-SWAP,87,0,39850,0.56163,0.04048236115558683,1.2287828172652617,39876,-0.5,stop,-0.5507065293608532
GRAM-USDT-SWAP,86,0,39850,1.66,0.12291259466724895,1.2288678302236884,39994,0.0475903614457831,end,0.021744979046199178
GRAM-USDT-SWAP,86,1,39898,1.601,0.11937501954589565,1.19349950791791,39994,0.012492192379762623,end,-0.006682980839204303
O-USDT-SWAP,88,0,39856,0.6702,0.06840755132229079,1.2321161331634944,40000,-0.01611459265890791,end,-0.039394530768085245
O-USDT-SWAP,88,1,39904,0.7567,0.05633997575079883,1.2010898569517643,40000,0.10003964583058012,end,0.037322772529128675
NES-USDT-SWAP,89,0,40021,0.2467,0.04609548398289092,1.2080180770849558,40165,0.2655046615322254,end,0.21337298588659634
NES-USDT-SWAP,89,1,40069,0.1755,0.06574819362336817,1.2203692158187398,40165,-0.032478632478632585,end,-0.06761414884477727
AEON-USDT-SWAP,91,0,40811,0.10028,0.060173415219445546,1.2133785363327503,40955,0.31292381332269636,end,0.28426200295240894
AEON-USDT-SWAP,91,1,40859,0.09694,0.074107237966451,1.2160067572445445,40955,0.2892510831442129,end,0.24820469013528446
DOS-USDT-SWAP,92,0,41148,0.5003,0.07024209895388923,1.2488561716679183,41292,0.5246851888866679,end,0.48669905904288124
