,ret_rerun,nl_gross
2023-08-01,0.0,0.0
2023-08-02,0.0,0.0
2023-08-03,0.0,0.0
2023-08-04,0.0,0.0
2023-08-05,0.0,0.0
2023-08-06,0.0,0.0
2023-08-07,0.0,0.0
2023-08-08,0.0,0.0
2023-08-09,0.0,0.0
2023-08-10,0.0,0.0
2023-08-11,0.0,0.0
2023-08-12,0.0,0.0
2023-08-13,0.0,0.0
2023-08-14,0.0,0.0
2023-08-15,0.0,0.0
2023-08-16,0.0,0.0
2023-08-17,0.0,0.0
2023-08-18,0.0,0.0
2023-08-19,0.0,0.0
2023-08-20,0.0,0.0
2023-08-21,0.0,0.0
2023-08-22,0.0,0.0
2023-08-23,0.0,0.0
2023-08-24,0.0,0.0
2023-08-25,0.0,0.0
2023-08-26,0.0,0.0
2023-08-27,0.0,0.0
2023-08-28,0.0,0.0
2023-08-29,0.0,0.0
2023-08-30,0.0,0.0
2023-08-31,0.0,0.0
2023-09-01,0.0,0.0
2023-09-02,0.0,0.0
2023-09-03,0.0,0.0
2023-09-04,0.0,0.0
2023-09-05,0.0,0.0
2023-09-06,0.0,0.0
2023-09-07,0.0,0.0
2023-09-08,0.0,0.0
2023-09-09,0.0,0.0
2023-09-10,0.0,0.0
2023-09-11,0.0,0.0
2023-09-12,0.0,0.0
2023-09-13,0.0,0.0
2023-09-14,0.0,0.0
2023-09-15,0.0,0.0
2023-09-16,0.0,0.0
2023-09-17,0.0,0.0
2023-09-18,0.0,0.0
2023-09-19,0.0,0.0
2023-09-20,0.0,0.0
2023-09-21,0.0,0.0
2023-09-22,0.0,0.0
2023-09-23,0.0,0.0
2023-09-24,0.0,0.0
2023-09-25,0.0,0.0
2023-09-26,0.0,0.0
2023-09-27,0.0,0.0
2023-09-28,0.0,0.0
2023-09-29,0.0,0.0
2023-09-30,0.0,0.0
2023-10-01,0.0,0.0
2023-10-02,0.0,0.0
2023-10-03,0.0,0.0
2023-10-04,0.0,0.0
2023-10-05,0.0,0.0
2023-10-06,0.0,0.0
2023-10-07,0.0,0.0
2023-10-08,0.0,0.0
2023-10-09,0.0,0.0
2023-10-10,0.0,0.0
2023-10-11,0.0,0.0
2023-10-12,0.0,0.0
2023-10-13,0.0,0.0
2023-10-14,0.0,0.0
2023-10-15,0.003561801827735245,0.07528794131111628
2023-10-16,0.006374235424012831,0.1817267194162293
2023-10-17,0.016253758028566212,0.16631241866271476
2023-10-18,0.009588476362403897,0.14735397563022218
2023-10-19,0.004519334513378492,0.08383003142141604
2023-10-20,0.00041383431286989847,0.14582438543899845
2023-10-21,-0.004599059534274197,0.19820078183137335
2023-10-22,-0.008239111601512361,0.20780673936171631
2023-10-23,0.016047014044610286,0.4106301501241016
2023-10-24,0.02625308846789398,0.4633819691510313
2023-10-25,0.008327238021597738,0.3992037243114605
2023-10-26,0.00773521356070539,0.3917967585503341
2023-10-27,0.005701441801464924,0.18876869846057956
2023-10-28,0.0,0.0
2023-10-29,0.0,0.0
2023-10-30,0.0,0.0
2023-10-31,0.0,0.0
2023-11-01,0.0,0.0
2023-11-02,0.0,0.0
2023-11-03,-0.0009156094982323282,0.10126400771573
2023-11-04,-0.0010659879125781702,0.40808807170945216
2023-11-05,0.009992500061412057,0.40059170028419255
2023-11-06,-0.009763990335961092,0.5655728808647026
2023-11-07,0.03581446644743269,0.6190385347972056
2023-11-08,-0.0018365666376464196,0.31604326264136456
2023-11-09,-0.004933912226558701,0.338573885211124
2023-11-10,-0.004665952382770455,0.27810118404432965
2023-11-11,0.00477512199595953,0.20537269623808974
2023-11-12,-0.015523141720691913,0.22127243645411784
2023-11-13,0.008959667080653322,0.22301888581571636
2023-11-14,-0.003350194942911222,0.10671151734992292
2023-11-15,0.0,0.0
2023-11-16,0.0,0.0
2023-11-17,0.0,0.0
2023-11-18,0.0,0.0
2023-11-19,0.0,0.0
2023-11-20,0.0,0.0
2023-11-21,0.0,0.0
2023-11-22,0.0,0.0
2023-11-23,0.0,0.0
2023-11-24,0.0,0.0
2023-11-25,-0.00554890541263986,0.16624984723396458
2023-11-26,0.019272589807424634,0.38531733505474786
2023-11-27,0.009784945558600544,0.35381966410219284
2023-11-28,0.0008426166398676216,0.3641425119093315
2023-11-29,0.0049108186083375305,0.21295859703742062
2023-11-30,0.0,0.0
2023-12-01,0.0016924602921002396,0.1984080930453752
2023-12-02,-0.005821823717323538,0.40461090263283506
2023-12-03,-0.024207025621126088,0.44877617262362707
2023-12-04,0.027275075629767276,0.4454656188478885
2023-12-05,0.0010972065264853725,0.21879419691604388
2023-12-06,0.0,0.0
2023-12-07,0.0,0.0
2023-12-08,0.0,0.0
2023-12-09,0.0,0.0
2023-12-10,0.0,0.0
2023-12-11,0.0,0.0
2023-12-12,0.0,0.0
2023-12-13,0.0,0.0
2023-12-14,0.0,0.0
2023-12-15,0.0,0.0
2023-12-16,0.0,0.0
2023-12-17,0.0,0.0
2023-12-18,0.0,0.0
2023-12-19,0.0,0.0
2023-12-20,0.0,0.0
2023-12-21,0.013922094420683706,0.15285756329799083
2023-12-22,0.0177213097642539,0.2454578606107867
2023-12-23,-0.0011194565669444545,0.2388690953858524
2023-12-24,0.0030320033312216665,0.2372399576666978
2023-12-25,-0.0032159135891680624,0.09751409589294631
2023-12-26,0.0,0.0
2023-12-27,0.0,0.0
2023-12-28,0.0,0.0
2023-12-29,0.0,0.0
2023-12-30,0.0,0.0
2023-12-31,0.0,0.0
2024-01-01,0.0,0.0
2024-01-02,0.0,0.0
2024-01-03,0.0,0.0
2024-01-04,0.0,0.0
2024-01-05,0.0,0.0
2024-01-06,0.0,0.0
2024-01-07,0.0,0.0
2024-01-08,0.0,0.0
2024-01-09,0.0,0.0
2024-01-10,0.0,0.0
2024-01-11,0.0,0.0
2024-01-12,0.0,0.0
2024-01-13,0.0,0.0
2024-01-14,0.0,0.0
2024-01-15,0.0,0.0
2024-01-16,0.0,0.0
2024-01-17,0.0,0.0
2024-01-18,0.0,0.0
2024-01-19,0.0,0.0
2024-01-20,0.0,0.0
2024-01-21,0.0,0.0
2024-01-22,0.0,0.0
2024-01-23,0.0,0.0
2024-01-24,0.0,0.0
2024-01-25,0.0,0.0
2024-01-26,0.0,0.0
2024-01-27,0.0,0.0
2024-01-28,0.0,0.0
2024-01-29,0.0,0.0
2024-01-30,0.0,0.0
2024-01-31,0.0,0.0
2024-02-01,0.0,0.0
2024-02-02,0.0,0.0
2024-02-03,0.003142842179813199,0.09894422849527428
2024-02-04,0.010214034635758207,0.386642040014816
2024-02-05,0.01698719981074648,0.634727713768205
2024-02-06,0.019144589728366856,0.7181325108283286
2024-02-07,-0.013618604516314248,0.6285283179750463
2024-02-08,0.013116939653182502,0.36390854571534587
2024-02-09,0.003056433451874341,0.12131397057466416
2024-02-10,0.0,0.0
2024-02-11,0.0,0.0
2024-02-12,0.0,0.0
2024-02-13,0.0,0.0
2024-02-14,0.0,0.0
2024-02-15,0.0,0.0
2024-02-16,0.0,0.0
2024-02-17,0.0,0.0
2024-02-18,0.0,0.0
2024-02-19,0.0,0.0
2024-02-20,0.0,0.0
2024-02-21,0.0,0.0
2024-02-22,0.0,0.0
2024-02-23,-0.0010388177554389033,0.10898206973303566
2024-02-24,0.006213582592464517,0.36952586660847436
2024-02-25,-0.003980075393434257,0.37023009401908596
2024-02-26,0.008034344510670977,0.3730314686866223
2024-02-27,0.014899928998214351,0.2755360600535521
2024-02-28,0.0,0.0
2024-02-29,0.0,0.0
2024-03-01,0.0,0.0
2024-03-02,0.0,0.0
2024-03-03,0.0,0.0
2024-03-04,0.00813624329270124,0.20176413930593617
2024-03-05,-0.0035310044863179346,0.3958936782989124
2024-03-06,0.0006404856244475177,0.39564506557737794
2024-03-07,-0.00280665980278505,0.402447141754014
2024-03-08,0.003130602348770495,0.2030825104034315
2024-03-09,0.0,0.0
2024-03-10,0.0,0.0
2024-03-11,0.0,0.0
2024-03-12,0.0,0.0
2024-03-13,0.0,0.0
2024-03-14,0.0,0.0
2024-03-15,0.008748865567606012,0.26015455973432916
2024-03-16,-0.01220919543635468,0.5658930325423016
2024-03-17,0.021628445668939955,0.7633658253968355
2024-03-18,0.043985733824511986,0.7239558881766769
2024-03-19,-0.0015844528066676355,0.44037526260848264
2024-03-20,-0.00025822594182578484,0.17772457089469754
2024-03-21,-0.0028686313956998166,0.10546282406249563
2024-03-22,0.0010691969324285733,0.27755499112700727
2024-03-23,-0.019357991137393005,0.28622845463841085
2024-03-24,0.0162288255247367,0.2903320841617932
2024-03-25,-0.009045256831984205,0.19202485638067568
2024-03-26,0.0,0.0
2024-03-27,0.0,0.0
2024-03-28,0.0,0.0
2024-03-29,0.0,0.0
2024-03-30,0.0,0.0
2024-03-31,0.0,0.0
2024-04-01,0.0,0.0
2024-04-02,0.0,0.0
2024-04-03,0.0,0.0
2024-04-04,0.0,0.0
2024-04-05,0.0,0.0
2024-04-06,-0.0015410057949083455,0.14100436520150694
2024-04-07,0.010225031405563634,0.3679501985335398
2024-04-08,0.009355676283601344,0.3613430593056559
2024-04-09,0.01885395394549949,0.3369279751596595
2024-04-10,0.005322530372579459,0.19985543028786992
2024-04-11,0.0005011354576243132,0.11210493349844697
2024-04-12,0.037640401642645704,0.36212545381329275
2024-04-13,0.011665254856411789,0.3040998917466965
2024-04-14,-0.009722313942785554,0.28832581603646185
2024-04-15,0.014160533097628214,0.20780440775838235
2024-04-16,0.0,0.0
2024-04-17,0.0,0.0
2024-04-18,0.0,0.0
2024-04-19,0.0,0.0
2024-04-20,0.0,0.0
2024-04-21,0.0,0.0
2024-04-22,0.0,0.0
2024-04-23,0.0,0.0
2024-04-24,0.0,0.0
2024-04-25,0.0,0.0
2024-04-26,0.0,0.0
2024-04-27,0.0,0.0
2024-04-28,0.0,0.0
2024-04-29,0.0,0.0
2024-04-30,0.0,0.0
2024-05-01,0.0,0.0
2024-05-02,0.0,0.0
2024-05-03,0.0,0.0
2024-05-04,0.0,0.0
2024-05-05,0.0,0.0
2024-05-06,0.0,0.0
2024-05-07,0.0,0.0
2024-05-08,0.0,0.0
2024-05-09,0.0,0.0
2024-05-10,0.0,0.0
2024-05-11,0.0,0.0
2024-05-12,0.0,0.0
2024-05-13,0.0,0.0
2024-05-14,0.0,0.0
2024-05-15,0.0,0.0
2024-05-16,0.0,0.0
2024-05-17,0.0,0.0
2024-05-18,0.0,0.0
2024-05-19,0.0019814437621692438,0.14777083280173076
2024-05-20,0.009526041798822993,0.3503779981767951
2024-05-21,-0.001965591558244939,0.36035946072167585
2024-05-22,0.007691794857916712,0.3502832244235521
2024-05-23,0.00667545886757237,0.20048719747036178
2024-05-24,0.0,0.0
2024-05-25,0.0,0.0
2024-05-26,0.0,0.0
2024-05-27,0.0,0.0
2024-05-28,0.0,0.0
2024-05-29,0.0,0.0
2024-05-30,0.0,0.0
2024-05-31,0.0,0.0
2024-06-01,0.0,0.0
2024-06-02,0.005926791883881455,0.12969552402526024
2024-06-03,0.01041141627946729,0.34125945364387517
2024-06-04,0.0021287949576578313,0.3402252824101881
2024-06-05,0.011743676677865578,0.333779772321194
2024-06-06,-0.0026894421739929175,0.20853328311293384
2024-06-07,0.0,0.0
2024-06-08,0.0,0.0
2024-06-09,0.0,0.0
2024-06-10,0.0,0.0
2024-06-11,0.0,0.0
2024-06-12,0.0,0.0
2024-06-13,0.0,0.0
2024-06-14,0.0,0.0
2024-06-15,0.0,0.0
2024-06-16,0.0,0.0
2024-06-17,0.0,0.0
2024-06-18,0.0,0.0
2024-06-19,0.0,0.0
2024-06-20,0.015806908578688272,0.3347607678402391
2024-06-21,0.011719576792261988,0.6795994606037118
2024-06-22,-0.007361074591751504,0.6773940277555323
2024-06-23,0.026025041779403013,0.8322424887852212
2024-06-24,-0.014284712391460563,0.6987412009709698
2024-06-25,0.009364755935023839,0.37816324580670585
2024-06-26,0.012357186683012111,0.36332934774077635
2024-06-27,0.00021085731941616892,0.2068310394565556
2024-06-28,0.0,0.0
2024-06-29,0.0,0.0
2024-06-30,0.0,0.0
2024-07-01,0.0,0.0
2024-07-02,0.0,0.0
2024-07-03,0.0,0.0
2024-07-04,0.0,0.0
2024-07-05,0.0,0.0
2024-07-06,0.0,0.0
2024-07-07,0.0,0.0
2024-07-08,0.0,0.0
2024-07-09,0.0,0.0
2024-07-10,0.0,0.0
2024-07-11,0.0,0.0
2024-07-12,0.0,0.0
2024-07-13,0.0,0.0
2024-07-14,0.0,0.0
2024-07-15,0.0,0.0
2024-07-16,0.0,0.0
2024-07-17,0.0,0.0
2024-07-18,0.0,0.0
2024-07-19,0.0,0.0
2024-07-20,0.0,0.0
2024-07-21,0.0,0.0
2024-07-22,0.0,0.0
2024-07-23,0.0,0.0
2024-07-24,0.0,0.0
2024-07-25,0.0,0.0
2024-07-26,0.0,0.0
2024-07-27,0.0,0.0
2024-07-28,0.0,0.0
2024-07-29,0.0,0.0
2024-07-30,0.0,0.0
2024-07-31,0.0,0.0
2024-08-01,0.0,0.0
2024-08-02,0.0,0.0
2024-08-03,0.0,0.0
2024-08-04,0.0,0.0
2024-08-05,0.0,0.0
2024-08-06,0.0,0.0
2024-08-07,0.0,0.0
2024-08-08,0.0,0.0
2024-08-09,0.0,0.0
2024-08-10,0.0,0.0
2024-08-11,0.0,0.0
2024-08-12,0.0,0.0
2024-08-13,0.0,0.0
2024-08-14,0.0,0.0
2024-08-15,0.0,0.0
2024-08-16,0.0,0.0
2024-08-17,0.0,0.0
2024-08-18,0.0,0.0
2024-08-19,0.0,0.0
2024-08-20,0.0,0.0
2024-08-21,0.0,0.0
2024-08-22,0.0,0.0
2024-08-23,0.0,0.0
2024-08-24,0.0,0.0
2024-08-25,0.0,0.0
2024-08-26,0.0,0.0
2024-08-27,0.0,0.0
2024-08-28,0.0,0.0
2024-08-29,0.010769681004610288,0.16060247610355993
2024-08-30,0.002070007477954494,0.30457665739533757
2024-08-31,0.0006122160978647706,0.3078372723927943
2024-09-01,0.015108814247721147,0.29598517364331345
2024-09-02,0.0013414637375401828,0.13786678409552658
2024-09-03,0.0,0.0
2024-09-04,0.0,0.0
2024-09-05,0.0,0.0
2024-09-06,0.0,0.0
2024-09-07,0.0,0.0
2024-09-08,0.0,0.0
2024-09-09,0.0019425688309966382,0.09430076213135245
2024-09-10,-0.0059587731889669815,0.2388804284033008
2024-09-11,0.011347888197184686,0.22747176831295504
2024-09-12,0.0011160032117645269,0.22007673836433064
2024-09-13,-0.0008721344177293755,0.12907873996718797
2024-09-14,0.0,0.0
2024-09-15,0.0,0.0
2024-09-16,0.0,0.0
2024-09-17,0.0,0.0
2024-09-18,0.0008981318775367342,0.11332804993807755
2024-09-19,-0.001526429772003235,0.3111668584839397
2024-09-20,0.007683370272412837,0.30425008804875836
2024-09-21,0.015114384728679209,0.2913448525205968
2024-09-22,0.010177791028338046,0.17120203381152177
2024-09-23,-0.014917852852153968,0.22389790453996827
2024-09-24,0.011640765492554772,0.4104353117779613
2024-09-25,0.0072257867222838,0.40402901358577714
2024-09-26,0.0237733050468949,0.38433599013285796
2024-09-27,0.0009926669892303952,0.17218304928182412
2024-09-28,0.0,0.0
2024-09-29,0.00924282485770811,0.18682888515548055
2024-09-30,0.0026622033690277824,0.37263532166104607
2024-10-01,0.01688424497070562,0.34366666199904655
2024-10-02,-0.004403500687506945,0.32190095768002136
2024-10-03,0.0039055816560091827,0.1624501565101729
2024-10-04,-0.006178319825690282,0.2761746382567616
2024-10-05,0.020729471541086397,0.35583664666426085
2024-10-06,-0.0032908478890373294,0.34460490304411157
2024-10-07,-0.005361169828092427,0.3652006584658103
2024-10-08,-0.0012477985520326085,0.09000140265673336
2024-10-09,0.0,0.0
2024-10-10,0.0,0.0
2024-10-11,0.0,0.0
2024-10-12,0.0,0.0
2024-10-13,0.0,0.0
2024-10-14,0.0,0.0
2024-10-15,0.0,0.0
2024-10-16,0.0,0.0
2024-10-17,0.0,0.0
2024-10-18,0.0,0.0
2024-10-19,0.0,0.0
2024-10-20,0.0,0.0
2024-10-21,0.0,0.0
2024-10-22,0.0,0.0
2024-10-23,0.0,0.0
2024-10-24,0.010602936481296732,0.16103275976711515
2024-10-25,0.010698794524502064,0.5539751716725481
2024-10-26,0.02353172322721586,0.6788220114026622
2024-10-27,0.016408776523491486,0.7564955546721098
2024-10-28,0.04041894791238443,0.8123577578038957
2024-10-29,-0.019558062338182802,0.5763065897002905
2024-10-30,0.011633756199767475,0.4334880212025843
2024-10-31,0.01582333505386946,0.31874008976423784
2024-11-01,0.0003833783389013412,0.07961162629645045
2024-11-02,0.0,0.0
2024-11-03,0.0,0.0
2024-11-04,0.0,0.0
2024-11-05,0.0,0.0
2024-11-06,0.0,0.0
2024-11-07,0.0,0.0
2024-11-08,0.0,0.0
2024-11-09,-0.022552202779869024,0.12316803429843826
2024-11-10,0.015433735111530122,0.3225156256496716
2024-11-11,0.022933670632599545,0.43401065151295143
2024-11-12,0.04116514123031867,0.5990978232403079
2024-11-13,-0.004563385566400346,0.465100237944815
2024-11-14,0.009073698053456924,0.35579178641264925
2024-11-15,0.005184618346477876,0.2993242628936565
2024-11-16,0.0012505809192462358,0.11587028863735299
2024-11-17,-0.003698793826023894,0.1097707122558525
2024-11-18,0.006450884267914514,0.05641819718711036
2024-11-19,0.0,0.0
2024-11-20,0.0,0.0
2024-11-21,0.0,0.0
2024-11-22,0.0,0.0
2024-11-23,0.0,0.0
2024-11-24,0.003150222373875522,0.21140710558983675
2024-11-25,0.011567715420505387,0.38442673249292286
2024-11-26,0.006805402667156679,0.35500459770862225
2024-11-27,0.0001656538702259347,0.35354855059090967
2024-11-28,0.0031983459565949612,0.16515262098853853
2024-11-29,0.0,0.0
2024-11-30,-0.0012474932712105424,0.1302629777292296
2024-12-01,0.013598796398489155,0.29835955573709866
2024-12-02,-0.000335197753201677,0.28610569832709465
2024-12-03,-0.014041715477400407,0.30251666413134604
2024-12-04,-0.009650195832561215,0.18454725541076736
2024-12-05,0.0,0.0
2024-12-06,0.0,0.0
2024-12-07,0.0,0.0
2024-12-08,0.0,0.0
2024-12-09,0.0,0.0
2024-12-10,0.0,0.0
2024-12-11,0.0,0.0
2024-12-12,0.003779822504304864,0.07714958229688916
2024-12-13,-0.005777030420785811,0.462981024633891
2024-12-14,0.010349293123121273,0.8718851472934371
2024-12-15,-0.00745178293462323,0.8492467715283182
2024-12-16,-0.0019884513250010283,0.8315116255627215
2024-12-17,0.03784983456004576,0.3954667199379888
2024-12-18,0.0,0.0
2024-12-19,0.001978125891810789,0.10514830999420577
2024-12-20,-0.0352182533630111,0.32056051697947047
2024-12-21,0.002915749918601662,0.5300097398108244
2024-12-22,0.01440614966658682,0.4880720078922544
2024-12-23,-0.018854815503825284,0.42338910883994935
2024-12-24,-0.0675672328333039,0.3653499705390359
2024-12-25,0.0,0.0
2024-12-26,0.0,0.0
2024-12-27,0.0,0.0
2024-12-28,0.0,0.0
2024-12-29,0.0,0.0
2024-12-30,0.0,0.0
2024-12-31,0.0,0.0
2025-01-01,0.0,0.0
2025-01-02,0.0,0.0
2025-01-03,0.0,0.0
2025-01-04,0.0,0.0
2025-01-05,0.01806502050604708,0.45706836862608785
2025-01-06,-0.03306090274180018,1.3719739565365314
2025-01-07,0.053719606400327136,1.4860438866387604
2025-01-08,0.03882489266675382,1.2704138236067737
2025-01-09,0.06886171948013153,0.7591798004982611
2025-01-10,0.017552294378230915,0.2966299436688837
2025-01-11,0.010372556022742563,0.5075774443660951
2025-01-12,0.023587481259756293,0.5843088407671472
2025-01-13,0.005272955106329524,0.5335743443339981
2025-01-14,-0.0015775380776352765,0.4217931857142437
2025-01-15,0.0028533039787679293,0.09014542761237944
2025-01-16,0.0,0.0
2025-01-17,0.0,0.0
2025-01-18,0.0,0.0
2025-01-19,0.0,0.0
2025-01-20,-0.0020845584360446034,0.11987243504395155
2025-01-21,-0.0045005002888753864,0.28795226396081613
2025-01-22,0.010453405892736356,0.35663563020797
2025-01-23,0.01449591048308907,0.3263956099664609
2025-01-24,0.007417909730657923,0.20442668303284847
2025-01-25,0.003894471535252908,0.046377571348679474
2025-01-26,0.0038278861574227996,0.09763145379550692
2025-01-27,0.021952142283317544,0.35478391270775655
2025-01-28,0.012285099275444189,0.3900595840993251
2025-01-29,-0.0027839959782649526,0.3871538174982976
2025-01-30,0.012083279601858843,0.3009493971669939
2025-01-31,0.005901358056406902,0.03533097160099002
2025-02-01,0.0,0.0
2025-02-02,0.0,0.0
2025-02-03,0.0,0.0
2025-02-04,0.0,0.0
2025-02-05,0.0,0.0
2025-02-06,0.0,0.0
2025-02-07,0.0,0.0
2025-02-08,0.0,0.0
2025-02-09,0.006045617176259288,0.09152722274302709
2025-02-10,-0.0015777420604685677,0.24385249350494198
2025-02-11,-0.014535216765845571,0.2570230018198537
2025-02-12,0.0007516300062782033,0.2582905886334342
2025-02-13,-1.9637935147920338e-05,0.16590570424712223
2025-02-14,0.001223902125849774,0.07976975782889045
2025-02-15,0.0071096204091385395,0.2081611731417208
2025-02-16,-0.007131424272687981,0.27549920943319267
2025-02-17,-0.012482780042991415,0.46084022359919813
2025-02-18,0.0017486285824206416,0.399910753683812
2025-02-19,-0.04539724780201415,0.07261586514216915
2025-02-20,0.0,0.0
2025-02-21,0.0,0.0
2025-02-22,0.0,0.0
2025-02-23,-0.004596619999751916,0.07149548922214728
2025-02-24,-0.013866697857633281,0.16840543648284848
2025-02-25,-0.003729902066142099,0.16468306403094116
2025-02-26,-0.02862533392480171,0.10931506581132516
2025-02-27,0.0,0.0
2025-02-28,0.0,0.0
2025-03-01,0.0,0.0
2025-03-02,0.0,0.0
2025-03-03,0.0,0.0
2025-03-04,0.0,0.0
2025-03-05,0.0,0.0
2025-03-06,0.0,0.0
2025-03-07,0.0,0.0
2025-03-08,0.0,0.0
2025-03-09,0.0,0.0
2025-03-10,0.0,0.0
2025-03-11,0.0,0.0
2025-03-12,0.0,0.0
2025-03-13,0.0,0.0
2025-03-14,0.0,0.0
2025-03-15,0.0,0.0
2025-03-16,0.0,0.0
2025-03-17,0.0,0.0
2025-03-18,0.0,0.0
2025-03-19,0.0,0.0
2025-03-20,0.0,0.0
2025-03-21,0.0,0.0
2025-03-22,0.0,0.0
2025-03-23,0.0,0.0
2025-03-24,0.03280360399953741,0.18519139093224554
2025-03-25,0.03568984161198685,0.33160139744336403
2025-03-26,-0.014660264290112579,0.3167238368437389
2025-03-27,0.03657153746081754,0.30265424372167454
2025-03-28,0.004591888966423152,0.26351587636176194
2025-03-29,0.030475812043824657,0.36890343154453586
2025-03-30,-0.00020731864402578903,0.5872626316684103
2025-03-31,-0.0003772595290685299,0.5862986920596507
2025-04-01,0.04874518541031203,0.467787737175045
2025-04-02,0.00695289568459323,0.20406307620730965
2025-04-03,0.004683003969306876,0.1229366372461948
2025-04-04,0.00843106889623213,0.26079665897767007
2025-04-05,-0.04285018661970086,0.42938926544592476
2025-04-06,-0.02718988402624023,0.48020040954831994
2025-04-07,-0.0001340470808088856,0.3809410125794763
2025-04-08,-0.005111030777834924,0.39371805971489643
2025-04-09,-0.0022161412453859386,0.24086398541917053
2025-04-10,0.0,0.0
2025-04-11,0.0,0.0
2025-04-12,0.0,0.0
2025-04-13,0.0,0.0
2025-04-14,0.016283537746472287,0.10401071999016238
2025-04-15,0.008388195017015265,0.12151337143228758
2025-04-16,0.0011480112566104594,0.117938259650725
2025-04-17,0.007847658432778681,0.11293737966433885
2025-04-18,0.0013181017173509169,0.12205043973927143
2025-04-19,-0.038658181179741846,0.18499126045188308
2025-04-20,-0.006405489793035901,0.03683242320478556
2025-04-21,0.0,0.0
2025-04-22,0.0,0.0
2025-04-23,0.0,0.0
2025-04-24,0.0,0.0
2025-04-25,0.0,0.0
2025-04-26,0.0,0.0
2025-04-27,0.0,0.0
2025-04-28,-0.056182320221275894,0.10266592326943665
2025-04-29,0.0,0.0
2025-04-30,0.0,0.0
2025-05-01,0.0036582858408351626,0.07822655186009662
2025-05-02,0.0021905504042369905,0.14104584458872685
2025-05-03,-0.008172145400345499,0.14591973805025246
2025-05-04,0.0055946649450893116,0.13948300378723807
2025-05-05,0.0033552007137200857,0.0625852079512178
2025-05-06,0.0,0.0
2025-05-07,0.0,0.0
2025-05-08,0.0,0.0
2025-05-09,0.0,0.0
2025-05-10,0.0,0.0
2025-05-11,0.0,0.0
2025-05-12,0.0,0.0
2025-05-13,0.0,0.0
2025-05-14,0.0,0.0
2025-05-15,0.0,0.0
2025-05-16,0.0,0.0
2025-05-17,0.0,0.0
2025-05-18,0.0,0.0
2025-05-19,0.0,0.0
2025-05-20,0.0,0.0
2025-05-21,0.0,0.0
2025-05-22,0.0,0.0
2025-05-23,0.0,0.0
2025-05-24,0.0,0.0
2025-05-25,0.0,0.0
2025-05-26,-0.0039784489826937275,0.2672040816573737
2025-05-27,0.004197627786608038,0.404263956283917
2025-05-28,0.000292785096035475,0.39250329259440897
2025-05-29,-0.011588732468467255,0.582955438168976
2025-05-30,0.05144409884832779,0.483640106255752
2025-05-31,0.014330661660989952,0.745600344681349
2025-06-01,-0.015210651230905703,1.3592184927420965
2025-06-02,-0.08631677372675861,1.6751386018454895
2025-06-03,0.03459533836760187,1.81854024211895
2025-06-04,0.03328894051047415,1.1936599575622595
2025-06-05,0.003546144672843754,0.5338861623233916
2025-06-06,8.959748048753546e-05,0.16720018567293726
2025-06-07,0.0,0.0
2025-06-08,0.0,0.0
2025-06-09,0.0,0.0
2025-06-10,0.0,0.0
2025-06-11,0.0,0.0
2025-06-12,0.0,0.0
2025-06-13,-0.01778698072525664,0.10327611309762659
2025-06-14,0.012731359989546887,0.22186697624651133
2025-06-15,0.006483372372592111,0.21691595226406765
2025-06-16,-0.00358709910851418,0.2223711123323738
2025-06-17,0.0031917056170678304,0.11768027542773972
2025-06-18,0.0,0.0
2025-06-19,0.0,0.0
2025-06-20,0.001392740602075504,0.22249857714652965
2025-06-21,-0.015220125655691641,0.3479164792902782
2025-06-22,0.010293286032759807,0.34730279846967504
2025-06-23,-0.0295147949546799,0.3796536710215863
2025-06-24,0.024425647523602434,0.14364299254115048
2025-06-25,0.0,0.0
2025-06-26,0.0,0.0
2025-06-27,0.0,0.0
2025-06-28,-0.00174588700730971,0.2049884815440013
2025-06-29,-0.00503128909886974,0.5390760242494065
2025-06-30,0.03410423486168446,0.6636288254258454
2025-07-01,-0.007075772168501748,0.6337460680458203
2025-07-02,0.01649658369065965,0.4267593295328232
2025-07-03,0.0029711633195266263,0.13381559847241636
2025-07-04,0.0,0.0
2025-07-05,0.0,0.0
2025-07-06,0.0,0.0
2025-07-07,0.0,0.0
2025-07-08,0.0,0.0
2025-07-09,0.0,0.0
2025-07-10,0.0,0.0
2025-07-11,0.0,0.0
2025-07-12,0.0,0.0
2025-07-13,0.0,0.0
2025-07-14,0.0,0.0
2025-07-15,0.0,0.0
2025-07-16,0.0,0.0
2025-07-17,0.0,0.0
2025-07-18,0.0,0.0
2025-07-19,0.0,0.0
2025-07-20,0.0,0.0
2025-07-21,0.0,0.0
2025-07-22,0.0,0.0
2025-07-23,0.0,0.0
2025-07-24,0.0,0.0
2025-07-25,0.0,0.0
2025-07-26,0.0,0.0
2025-07-27,0.0,0.0
2025-07-28,0.0,0.0
2025-07-29,0.0,0.0
2025-07-30,0.0,0.0
2025-07-31,0.0,0.0
2025-08-01,0.015716963716197796,0.1288852928183393
2025-08-02,0.009300434506210209,0.29940160502422375
2025-08-03,0.0008789869268084338,0.2871690945714772
2025-08-04,-0.00602893772532187,0.29668889665007875
2025-08-05,0.011293987960719232,0.1669735209286294
2025-08-06,0.0,0.0
2025-08-07,0.0,0.0
2025-08-08,0.0,0.0
2025-08-09,0.0,0.0
2025-08-10,0.0,0.0
2025-08-11,0.0,0.0
2025-08-12,0.0,0.0
2025-08-13,0.0,0.0
2025-08-14,0.0,0.0
2025-08-15,0.0,0.0
2025-08-16,0.0,0.0
2025-08-17,0.0,0.0
2025-08-18,0.012438739742703042,0.15258964322884386
2025-08-19,-0.0016908171915880343,0.29218640082041675
2025-08-20,0.0002975751329215015,0.2993132768191403
2025-08-21,0.027645684837709128,0.2713459894576177
2025-08-22,-0.003106445373440847,0.1321899490626169
2025-08-23,0.0,0.0
2025-08-24,0.0,0.0
2025-08-25,0.0,0.0
2025-08-26,-0.007218095372045874,0.15683160389333836
2025-08-27,0.002593272833518512,0.24390272444030728
2025-08-28,-0.011849196310760868,0.25682820048999877
2025-08-29,0.004217179850169561,0.2586811793718447
2025-08-30,-0.0033301314305430596,0.08254986140803038
2025-08-31,0.0,0.0
2025-09-01,0.0,0.0
2025-09-02,0.0,0.0
2025-09-03,0.0,0.0
2025-09-04,-0.00847272609166383,0.2369966190664318
2025-09-05,-0.006377996796619323,0.367475192385126
2025-09-06,-0.019473875610319435,0.3834684059176457
2025-09-07,-4.8664415777222025e-05,0.3906146497152465
2025-09-08,0.023170550013466462,0.12972785494346986
2025-09-09,0.0,0.0
2025-09-10,0.0,0.0
2025-09-11,0.0,0.0
2025-09-12,0.0,0.0
2025-09-13,0.0,0.0
2025-09-14,0.0,0.0
2025-09-15,0.0,0.0
2025-09-16,0.0,0.0
2025-09-17,0.0,0.0
2025-09-18,0.0,0.0
2025-09-19,0.0,0.0
2025-09-20,0.0,0.0
2025-09-21,-0.00044857700822020785,0.2138037691955396
2025-09-22,0.016477996596240052,0.3707691616748041
2025-09-23,-0.10679190861571286,0.44093150054052876
2025-09-24,0.07483993472459871,0.44926373217248267
2025-09-25,0.01577074113440191,0.18245602938142666
2025-09-26,0.0,0.0
2025-09-27,0.0,0.0
2025-09-28,0.0,0.0
2025-09-29,0.0,0.0
2025-09-30,0.0,0.0
2025-10-01,0.0,0.0
2025-10-02,0.004927488978319072,0.10110209319053248
2025-10-03,-0.007592124438673409,0.30639100111550116
2025-10-04,-0.018001465457010313,0.43724970095513377
2025-10-05,0.006932292726639977,0.6003679420569937
2025-10-06,0.015335582572325812,0.5806806698870814
2025-10-07,0.013179537349020887,0.36526459367043645
2025-10-08,0.008035949947359011,0.23099895838227716
2025-10-09,0.0046723160550339315,0.11462917675532741
2025-10-10,0.0,0.0
2025-10-11,0.0,0.0
2025-10-12,0.0,0.0
2025-10-13,0.0040334481596302485,0.20216148934093162
2025-10-14,0.004324023522041198,0.5180031060617505
2025-10-15,0.05291711856496284,0.6496119469922057
2025-10-16,0.01733995164857327,0.59172578042488
2025-10-17,0.01810710818243999,0.40614993344764017
2025-10-18,-0.0008571193621833562,0.1434104495183854
2025-10-19,0.0,0.0
2025-10-20,0.002019170490992428,0.15392641617540206
2025-10-21,0.009367447189311706,0.270265863002287
2025-10-22,0.01277059065947328,0.2518582229380668
2025-10-23,-0.008012836687292912,0.2570091757458692
2025-10-24,-0.0007228654662868594,0.20362978098063966
2025-10-25,-0.025431661198055178,0.26734629880865285
2025-10-26,-0.02200041846098344,0.39187143283823395
2025-10-27,0.012303706139882742,0.4347324118843358
2025-10-28,0.02953153753319393,0.3793687251306868
2025-10-29,0.006087783057294072,0.2734211267826976
2025-10-30,0.01038897161690544,0.04407275747995689
2025-10-31,0.0,0.0
2025-11-01,-0.010257679645123807,0.25572981542273804
2025-11-02,-0.045898021819368195,0.44961632067663637
2025-11-03,0.06507195858398185,0.350953364146283
2025-11-04,-0.02924582835880496,0.4684772020598557
2025-11-05,0.0007953194149978859,0.3968522163183465
2025-11-06,-0.01582618946552894,0.3373386486323298
2025-11-07,0.009058663620524099,0.21734145641791439
2025-11-08,-0.0055995274977357345,0.2009208166363133
2025-11-09,0.004799148922701724,0.25504426839676136
2025-11-10,0.0117430083815806,0.2470305309113542
2025-11-11,0.00836139809472014,0.1847968506708876
2025-11-12,0.001461744080245797,0.047592924638783285
2025-11-13,0.0,0.0
2025-11-14,0.0035914391087894515,0.10071870015068002
2025-11-15,0.028892521618436362,0.3060140065146185
2025-11-16,-0.007961268545415678,0.37207050829784144
2025-11-17,0.0017972329068574044,0.5710823462554232
2025-11-18,0.008544518934281875,0.6694160256594155
2025-11-19,0.0060364348688657365,0.4497251287948882
2025-11-20,-0.04580884245443917,0.32154118196312775
2025-11-21,-0.02496112670884576,0.11119975441196772
2025-11-22,0.0,0.0
2025-11-23,0.0,0.0
2025-11-24,0.0,0.0
2025-11-25,0.0,0.0
2025-11-26,0.0,0.0
2025-11-27,0.0,0.0
2025-11-28,0.0,0.0
2025-11-29,0.0,0.0
2025-11-30,0.0,0.0
2025-12-01,0.0,0.0
2025-12-02,0.0,0.0
2025-12-03,0.0,0.0
2025-12-04,0.0,0.0
2025-12-05,-0.0045495478661391475,0.15006008714992283
2025-12-06,-0.006479843706776678,0.278026173025632
2025-12-07,0.024389615990564106,0.2491056527903994
2025-12-08,0.004817066595503183,0.23498376901915163
2025-12-09,0.003051015419938796,0.09368624068656395
2025-12-10,0.0,0.0
2025-12-11,0.0,0.0
2025-12-12,0.0,0.0
2025-12-13,0.008882713391278996,0.2512571170276717
2025-12-14,-0.05783993459260728,0.2572774086054129
2025-12-15,-0.03278653801012721,0.23412044904395057
2025-12-16,0.006893215015846721,0.22099816358225163
2025-12-17,-0.006135064179637384,0.11822232207307266
2025-12-18,-0.010159766403697756,0.14935133927132602
2025-12-19,0.0016254874209982173,0.15599026387270884
2025-12-20,0.010061326091121536,0.1474292321103692
2025-12-21,-0.01779651077015132,0.09773475744762068
2025-12-22,0.0,0.0
2025-12-23,0.0,0.0
2025-12-24,0.0,0.0
2025-12-25,0.0,0.0
2025-12-26,0.0,0.0
2025-12-27,0.0,0.0
2025-12-28,0.0,0.0
2025-12-29,0.0,0.0
2025-12-30,0.0,0.0
2025-12-31,0.0,0.0
2026-01-01,0.0,0.0
2026-01-02,0.01185427519689286,0.22559919493906047
2026-01-03,-0.02478229061752546,0.3985505388742421
2026-01-04,0.015418126148105227,0.3965771205485902
2026-01-05,-0.003073008456952686,0.4016328672441339
2026-01-06,-0.0074757132571751095,0.17343949829391425
2026-01-07,0.0,0.0
2026-01-08,0.0,0.0
2026-01-09,0.0,0.0
2026-01-10,0.0,0.0
2026-01-11,0.0,0.0
2026-01-12,-0.0008587013876862892,0.25355013618383987
2026-01-13,0.03877114116783886,0.5172688359595347
2026-01-14,0.022113559783417003,0.6862055522705409
2026-01-15,0.02291620225181279,0.6474798960463907
2026-01-16,0.03158381081998862,0.3901209909417009
2026-01-17,0.006414064208374537,0.1528471774916881
2026-01-18,0.0,0.0
2026-01-19,0.0,0.0
2026-01-20,0.0,0.0
2026-01-21,0.0,0.0
2026-01-22,0.0,0.0
2026-01-23,0.0,0.0
2026-01-24,0.01073604865194877,0.08716404337309742
2026-01-25,0.0026395539782251287,0.16185021793711055
2026-01-26,-0.02985580069848115,0.2922486044124725
2026-01-27,0.05205057065211682,0.34414178235304355
2026-01-28,0.013487653621276241,0.2364351266121425
2026-01-29,-0.0047699133503613655,0.1504935475838121
2026-01-30,0.010601625330429076,0.062341970072053804
2026-01-31,0.0,0.0
2026-02-01,0.0,0.0
2026-02-02,0.0,0.0
2026-02-03,0.0,0.0
2026-02-04,0.0,0.0
2026-02-05,0.0,0.0
2026-02-06,0.0,0.0
2026-02-07,0.0,0.0
2026-02-08,0.0,0.0
2026-02-09,-0.0018147888669826084,0.15866998343384536
2026-02-10,0.02458687046154817,0.28834042053422126
2026-02-11,-0.015589332821217217,0.2854127391464208
2026-02-12,-0.00789832087495046,0.29883862458648863
2026-02-13,-0.01032734625797782,0.3730950414558458
2026-02-14,0.012051851928317703,0.523242235255255
2026-02-15,0.01953236737214148,0.5455047053335748
2026-02-16,-0.02539533866654009,0.5336680753190804
2026-02-17,0.015556142092924885,0.3285448420060105
2026-02-18,0.004364442800495638,0.03423093118843842
2026-02-19,0.0,0.0
2026-02-20,0.0,0.0
2026-02-21,0.0,0.0
2026-02-22,0.0,0.0
2026-02-23,0.0,0.0
2026-02-24,-0.011093409364057227,0.09463331636289107
2026-02-25,-0.002787854779529253,0.27465391079353757
2026-02-26,0.008108331533103419,0.2714952761090523
2026-02-27,0.01465610784728244,0.2525735320374151
2026-02-28,-0.0025715724745027924,0.1494566065064575
2026-03-01,0.0,0.0
2026-03-02,-0.061657468023834316,0.10329812839102408
2026-03-03,0.0,0.0
2026-03-04,0.0,0.0
2026-03-05,0.003624427017285159,0.18884609068727878
2026-03-06,0.0143986204677653,0.22165154778390464
2026-03-07,0.0037469636055402766,0.19807067920864432
2026-03-08,-0.00499950338910693,0.203010580188282
2026-03-09,0.0002474952651925211,0.04146729984781986
2026-03-10,0.0,0.0
2026-03-11,0.0,0.0
2026-03-12,0.0,0.0
2026-03-13,0.0,0.0
2026-03-14,0.0,0.0
2026-03-15,0.0,0.0
2026-03-16,0.0,0.0
2026-03-17,0.0,0.0
2026-03-18,0.0,0.0
2026-03-19,0.0,0.0
2026-03-20,0.0,0.0
2026-03-21,0.0,0.0
2026-03-22,0.0,0.0
2026-03-23,0.0,0.0
2026-03-24,0.0,0.0
2026-03-25,0.0,0.0
2026-03-26,0.0,0.0
2026-03-27,0.0,0.0
2026-03-28,0.0,0.0
2026-03-29,0.0,0.0
2026-03-30,0.0,0.0
2026-03-31,0.0,0.0
2026-04-01,0.0,0.0
2026-04-02,-0.01169013940425112,0.2102829603943246
2026-04-03,0.03362423228659761,0.34942951393553656
2026-04-04,0.0077456432633835615,0.31491097148510994
2026-04-05,0.005885244627194419,0.30900167788242194
2026-04-06,0.012759864863334469,0.1278157048336029
2026-04-07,0.0,0.0
2026-04-08,0.0,0.0
2026-04-09,0.0,0.0
2026-04-10,0.0,0.0
2026-04-11,0.0,0.0
2026-04-12,0.0,0.0
2026-04-13,0.0,0.0
2026-04-14,0.0,0.0
2026-04-15,0.0,0.0
2026-04-16,0.0,0.0
2026-04-17,0.0,0.0
2026-04-18,0.0,0.0
2026-04-19,0.0,0.0
2026-04-20,0.0,0.0
2026-04-21,0.0,0.0
2026-04-22,0.0,0.0
2026-04-23,0.0,0.0
2026-04-24,0.0,0.0
2026-04-25,-0.00843462175767462,0.08211371303952829
2026-04-26,-0.005561210914140635,0.24011428358161535
2026-04-27,0.0061103868203111755,0.22208185489613883
2026-04-28,-0.012445175393771324,0.22747797616326457
2026-04-29,0.015182286203070383,0.14365943318989535
2026-04-30,0.0,0.0
2026-05-01,0.0,0.0
2026-05-02,0.0,0.0
2026-05-03,0.0,0.0
2026-05-04,0.0,0.0
2026-05-05,0.0,0.0
2026-05-06,0.0,0.0
2026-05-07,0.0,0.0
2026-05-08,0.0,0.0
2026-05-09,0.0,0.0
2026-05-10,-0.013563353208691398,0.15594550886409056
2026-05-11,-0.021698784538979332,0.24900574868114086
2026-05-12,-0.01845798572582591,0.055471225380608835
2026-05-13,0.0,0.0
2026-05-14,0.0,0.0
2026-05-15,0.0,0.0
2026-05-16,0.0,0.0
2026-05-17,0.0,0.0
2026-05-18,0.0,0.0
2026-05-19,0.0,0.0
2026-05-20,0.0,0.0
2026-05-21,0.0,0.0
2026-05-22,0.0,0.0
2026-05-23,0.0,0.0
2026-05-24,0.0,0.0
2026-05-25,0.0,0.0
2026-05-26,0.0,0.0
2026-05-27,0.0,0.0
2026-05-28,0.0,0.0
2026-05-29,0.0,0.0
2026-05-30,0.0,0.0
2026-05-31,0.0,0.0
2026-06-01,0.0,0.0
2026-06-02,0.0,0.0
2026-06-03,0.0,0.0
2026-06-04,0.013603789536692501,0.17631584608460663
2026-06-05,0.012410503971593378,0.2226402952195371
2026-06-06,0.00012315668539253366,0.21161133894341266
2026-06-07,0.006080652249606855,0.21411383394707748
2026-06-08,0.0018241685149271714,0.06228277320724498
2026-06-09,0.0,0.0
2026-06-10,0.0,0.0
2026-06-11,0.0,0.0
2026-06-12,0.0,0.0
2026-06-13,0.0,0.0
2026-06-14,0.0,0.0
2026-06-15,0.0,0.0
2026-06-16,0.0,0.0
2026-06-17,0.0,0.0
2026-06-18,0.0,0.0
2026-06-19,0.0,0.0
2026-06-20,0.0,0.0
2026-06-21,0.003241500636404826,0.0717427416853253
2026-06-22,0.0024441385610243227,0.1669692676731699
2026-06-23,0.003851220795987098,0.16283102954161302
2026-06-24,0.010402445881519062,0.14843586469447126
2026-06-25,0.0065321155035527045,0.07989328375528643
2026-06-26,0.006222730279592081,0.2489793727601964
2026-06-27,-0.017973067582707225,0.45825710130519975
2026-06-28,0.0027033575683066413,0.5893249672628073
2026-06-29,-0.024562266443738934,0.5985945455341596
2026-06-30,0.007953323415313518,0.4655235207309065
2026-07-01,0.01498301347230857,0.33507366715376374
2026-07-02,0.00649798064742213,0.19272375331497116
2026-07-03,0.01024732467727607,0.18971254250993122
2026-07-04,0.007280590177595858,0.08179399772436227
2026-07-05,0.0015907311616034647,0.2659425143572123
2026-07-06,0.0008913673562476188,0.3989159592095594
2026-07-07,0.015930674740804784,0.3857909286599119
2026-07-08,0.0004349742890588093,0.36973200886150864
2026-07-09,0.0012107108016501389,0.12298028364260466
2026-07-10,0.0,0.0
2026-07-11,0.0,0.0
2026-07-12,0.0,0.0
2026-07-13,0.0,0.0
2026-07-14,0.0,0.0
2026-07-15,0.0,0.0
2026-07-16,0.0,0.0
2026-07-17,0.0,0.0
2026-07-18,0.0,0.0
2026-07-19,0.0,0.0
2026-07-20,0.0,0.0
2026-07-21,0.0,0.0
2026-07-22,0.0,0.0
2026-07-23,0.0,0.0
2026-07-24,0.0,0.0
2026-07-25,0.0,0.0
2026-07-26,0.0,0.0
2026-07-27,0.0,0.0
2026-07-28,0.0,0.0
2026-07-29,0.0,0.0
2026-07-30,0.0,0.0
2026-07-31,0.0,0.0
2026-08-01,0.0,0.0
2026-08-02,0.0,0.0
2026-08-03,0.0027544525819576116,0.14943429498279287
2026-08-04,0.004459593164882092,0.2986552831052816
2026-08-05,-0.021299721611154787,0.33520914992323153
2026-08-06,0.007184747789808821,0.31394262511713134
2026-08-07,-0.0077075384183226126,0.16088930066005225
2026-08-08,0.0,0.0
2026-08-09,0.0,0.0
2026-08-10,0.0,0.0
2026-08-11,0.0,0.0
2026-08-12,0.0,0.0
2026-08-13,0.0,0.0
2026-08-14,-0.003499932339055878,0.14446196493040497
2026-08-15,0.0008153403656814273,0.3877160657909402
2026-08-16,0.021780036256354496,0.3643775799312176
2026-08-17,0.01632096525649862,0.34625076030380497
2026-08-18,0.0007399213847982811,0.21237686881283327
2026-08-19,0.0,0.0
2026-08-20,0.0,0.0
2026-08-21,0.0,0.0
2026-08-22,0.0,0.0
2026-08-23,0.0,0.0
2026-08-24,0.0,0.0
2026-08-25,0.0,0.0
2026-08-26,0.0,0.0
2026-08-27,0.0,0.0
2026-08-28,0.0,0.0
2026-08-29,0.0,0.0
2026-08-30,0.0,0.0
2026-08-31,0.0,0.0
