i,sym,base,t0,bn_spot,okx_preMktSw,bybit_first,bybit_10th,bybit_file,gate_start,gate_name,gate_status,okx_spot_day,okx_spot_off,okx_spot_first,okx_spot,g_bn_spot,g_okx_spot,g_bybit_10th,g_gate_start,g_okx_preMktSw,spot_min,gap_h
10,APEUSDT,APE,2022-03-17 15:00:00,2022-03-17,,2022-11-10 00:00:05.979,2022-11-10 00:00:31.526,APEUSDT-2022-11.csv.gz,2022-03-17 12:30:00,ApeCoin,tradable,2022-03-17,0.0,2022-03-17 12:30:03.232,2022-03-17 12:30:03.232,-15.0,-2.5,5697.0,-2.5,,2022-03-17 00:00:00.000,-15.0
17,OPUSDT,OP,2022-06-01 14:00:00,2022-06-01,,2022-11-10 00:00:04.631,2022-11-10 00:00:24.067,OPUSDT-2022-11.csv.gz,2022-05-31 23:30:00,Optimism,tradable,2022-06-01,0.0,2022-05-31 18:15:25.517,2022-05-31 18:15:25.517,-14.0,-19.7,3874.0,-14.5,,2022-05-31 18:15:25.517,-19.7
26,APTUSDT,APT,2022-10-19 02:00:00,2022-10-19,,2022-11-10 00:00:07.322,2022-11-10 00:00:40.678,APTUSDT-2022-11.csv.gz,2022-10-19 01:00:00,Aptos,tradable,2022-10-19,0.0,2022-10-19 01:00:02.610,2022-10-19 01:00:02.610,-2.0,-1.0,526.0,-1.0,,2022-10-19 00:00:00.000,-2.0
52,ARBUSDT,ARB,2023-03-23 15:00:00,2023-03-23,,2023-03-23 08:29:14.749,2023-03-23 13:20:05.419,ARBUSDT-2023-03.csv.gz,2023-03-23 13:20:00,Arbitrum,tradable,2023-03-23,0.0,2023-03-23 13:40:00.002,2023-03-23 13:40:00.002,-15.0,-1.3,-1.7,-1.7,,2023-03-23 00:00:00.000,-15.0
59,BLURUSDT,BLUR,2023-04-28 12:00:00,2023-11-24,,2023-02-14 02:33:17.862,2023-02-14 18:30:05.278,BLURUSDT-2023-02.csv.gz,2023-02-14 18:30:00,Blur,tradable,2023-04-25,-3.0,,2023-04-24 16:00:00.000,5028.0,-92.0,-1745.5,-1745.5,,2023-02-14 18:30:00.000,-1745.5
62,SUIUSDT,SUI,2023-05-03 16:00:00,2023-05-03,,2023-05-03 03:32:34.520,2023-05-03 12:00:05.363,SUIUSDT-2023-05.csv.gz,2023-05-03 12:00:00,Sui,tradable,2023-05-03,-1.0,2023-05-03 12:10:00.006,2023-05-03 12:10:00.006,-16.0,-3.8,-4.0,-4.0,,2023-05-03 00:00:00.000,-16.0
63,1000PEPEUSDT,PEPE,2023-05-05 16:00:00,2023-05-05,,2023-05-06 03:49:32.744,2023-05-06 08:00:09.045,PEPEUSDT-2023-05.csv.gz,2023-04-19 07:00:00,Pepe,tradable,2023-05-03,-3.0,,2023-05-02 16:00:00.000,-16.0,-72.0,16.0,-393.0,,2023-04-19 07:00:00.000,-393.0
64,1000FLOKIUSDT,FLOKI,2023-05-06 16:00:00,2023-05-05,,2022-11-10 00:12:31.533,2022-11-10 00:23:18.937,FLOKIUSDT-2022-11.csv.gz,2021-09-16 08:30:00,Floki Inu,tradable,2023-05-04,-3.0,,2023-05-03 16:00:00.000,-40.0,-72.0,-4263.6,-14335.5,,2021-09-16 08:30:00.000,-14335.5
73,WLDUSDT,WLD,2023-07-24 12:00:00,2023-07-24,,2023-07-24 04:33:20.568,2023-07-24 07:00:05.923,WLDUSDT-2023-07.csv.gz,2023-07-24 07:30:00,Worldcoin,tradable,2023-07-24,0.0,2023-07-24 09:20:00.110,2023-07-24 09:20:00.110,-12.0,-2.7,-5.0,-4.5,,2023-07-24 00:00:00.000,-12.0
90,BIGTIMEUSDT,BIGTIME,2023-10-12 14:00:00,2025-04-11,,,,,2023-10-12 02:00:00,Big Time,tradable,2023-10-11,-1.0,2023-10-11 02:00:00.001,2023-10-11 02:00:00.001,13114.0,-36.0,,-12.0,,2023-10-11 02:00:00.001,-36.0
92,ORBSUSDT,ORBS,2023-10-17 06:00:00,,,,,,2021-04-03 02:00:00,Orbs,tradable,2023-10-14,-3.0,,2023-10-13 16:00:00.000,,-86.0,,-22252.0,,2021-04-03 02:00:00.000,-22252.0
95,BSVUSDT,BSV,2023-10-20 12:00:00,,,,,,2021-01-29 07:00:00,BitcoinSV,tradable,2023-10-17,-3.0,,2023-10-16 16:00:00.000,,-92.0,,-23861.0,,2021-01-29 07:00:00.000,-23861.0
101,TIAUSDT,TIA,2023-10-31 18:00:00,2023-10-31,,2023-10-31 15:06:12.189,2023-10-31 16:25:02.518,TIAUSDT-2023-10.csv.gz,2023-10-31 16:00:00,Celestia,tradable,2023-11-01,0.0,2023-10-31 18:00:05.333,2023-10-31 18:00:05.333,-18.0,0.0,-1.6,-2.0,,2023-10-31 00:00:00.000,-18.0
107,ORDIUSDT,ORDI,2023-11-07 12:00:00,2023-11-07,,2023-08-17 05:32:56.443,2023-08-17 08:00:05.676,ORDIUSDT-2023-08.csv.gz,2023-05-08 02:00:00,Ordinals,tradable,2023-11-04,-3.0,,2023-11-03 16:00:00.000,-12.0,-92.0,-1972.0,-4402.0,,2023-05-08 02:00:00.000,-4402.0
104,MEMEUSDT,MEME,2023-11-03 12:00:00,2023-11-03,,2023-11-03 06:28:58.660,2023-11-03 08:00:05.414,MEMEUSDT-2023-11.csv.gz,2023-11-03 08:00:00,Memecoin,tradable,2023-11-03,0.0,2023-11-03 08:30:00.851,2023-11-03 08:30:00.851,-12.0,-3.5,-4.0,-4.0,,2023-11-03 00:00:00.000,-12.0
115,PYTHUSDT,PYTH,2023-11-22 14:00:00,2024-02-02,,2023-11-20 08:33:38.124,2023-11-20 14:00:01.026,PYTHUSDT-2023-11.csv.gz,2023-11-20 14:00:00,Pyth Network,tradable,2023-11-20,-2.0,2023-11-20 14:30:00.476,2023-11-20 14:30:00.476,1714.0,-47.5,-48.0,-48.0,,2023-11-20 14:00:00.000,-48.0
120,ETHWUSDT,ETHW,2023-11-28 12:00:00,,,2022-11-10 00:00:05.002,2022-11-10 00:02:04.910,ETHWUSDT-2022-11.csv.gz,2022-08-09 04:00:00,EthereumPoW,tradable,2023-11-25,-3.0,,2023-11-24 16:00:00.000,,-92.0,-9204.0,-11432.0,,2022-08-09 04:00:00.000,-11432.0
125,ACEUSDT,ACE,2023-12-18 10:00:00,2023-12-18,,,,,2023-12-22 05:00:00,Fusionist,tradable,2023-12-18,0.0,2023-12-18 06:00:00.005,2023-12-18 06:00:00.005,-10.0,-4.0,,91.0,,2023-12-18 00:00:00.000,-10.0
135,JUPUSDT,JUP,2024-01-31 18:00:00,2024-01-31,,2024-01-31 07:52:31.585,2024-01-31 15:00:00.658,JUPUSDT-2024-01.csv.gz,2024-01-31 15:10:00,Jupiter,tradable,2024-01-31,-1.0,2024-01-31 15:10:00.822,2024-01-31 15:10:00.822,-18.0,-2.8,-3.0,-2.8,,2024-01-31 00:00:00.000,-18.0
136,ZETAUSDT,ZETA,2024-02-02 08:00:00,,,,,,2024-02-01 03:00:00,ZetaChain,tradable,2024-02-01,-1.0,2024-02-01 03:00:00.551,2024-02-01 03:00:00.551,,-29.0,,-29.0,,2024-02-01 03:00:00.000,-29.0
141,STRKUSDT,STRK,2024-02-20 17:00:00,2024-02-20,,2024-02-20 08:31:27.750,2024-02-20 12:00:00.663,STRKUSDT-2024-02.csv.gz,2024-02-20 12:30:00,Starknet,tradable,2024-02-20,-1.0,2024-02-20 12:40:00.525,2024-02-20 12:40:00.525,-17.0,-4.3,-5.0,-4.5,,2024-02-20 00:00:00.000,-17.0
145,TONUSDT,TON,2024-03-01 12:00:00,2024-08-08,,2022-12-21 07:17:42.521,2022-12-21 10:00:21.090,TONUSDT-2022-12.csv.gz,,,,2024-02-27,-3.0,,2024-02-26 16:00:00.000,3828.0,-92.0,-10466.0,,,2022-12-21 10:00:21.090,-10466.0
148,METISUSDT,METIS,2024-03-12 08:00:00,2024-03-11,,,,,2021-05-13 13:00:00,Metis Token,tradable,2024-03-09,-3.0,,2024-03-08 16:00:00.000,-32.0,-88.0,,-24811.0,,2021-05-13 13:00:00.000,-24811.0
149,AEVOUSDT,AEVO,2024-03-13 13:00:00,2024-03-13,,2024-03-13 02:06:21.549,2024-03-13 10:00:00.898,AEVOUSDT-2024-03.csv.gz,2024-03-13 10:00:00,Aevo,tradable,2024-03-13,0.0,2024-03-13 10:00:00.033,2024-03-13 10:00:00.033,-13.0,-3.0,-3.0,-3.0,,2024-03-13 00:00:00.000,-13.0
152,ETHFIUSDT,ETHFI,2024-03-18 15:00:00,2024-03-18,,2024-03-18 11:03:48.612,2024-03-18 12:00:00.953,ETHFIUSDT-2024-03.csv.gz,2024-03-18 12:00:00,Ether.Fi,tradable,2024-03-18,0.0,2024-03-18 12:10:00.025,2024-03-18 12:10:00.025,-15.0,-2.8,-3.0,-3.0,,2024-03-18 00:00:00.000,-15.0
154,WUSDT,W,2024-04-03 15:00:00,2024-04-03,,2024-04-03 11:49:43.256,2024-04-03 12:00:02.051,WUSDT-2024-04.csv.gz,2024-04-03 12:00:00,WormHole,tradable,2024-04-03,0.0,2024-04-03 12:00:00.017,2024-04-03 12:00:00.017,-15.0,-3.0,-3.0,-3.0,,2024-04-03 00:00:00.000,-15.0
155,TNSRUSDT,TNSR,2024-04-08 17:00:00,2024-04-08,,2024-04-09 05:48:28.985,2024-04-09 08:00:00.891,TNSRUSDT-2024-04.csv.gz,2024-04-08 15:15:00,Tensor,tradable,2024-04-08,-1.0,2024-04-08 15:15:00.010,2024-04-08 15:15:00.010,-17.0,-1.7,15.0,-1.8,,2024-04-08 00:00:00.000,-17.0
161,NOTUSDT,NOT,2024-05-16 14:00:00,2024-05-16,,2024-05-16 03:38:30.597,2024-05-16 12:00:00.613,NOTUSDT-2024-05.csv.gz,2024-05-16 12:00:00,Notcoin,tradable,2024-05-16,0.0,2024-05-16 12:00:00.004,2024-05-16 12:00:00.004,-14.0,-2.0,-2.0,-2.0,,2024-05-16 00:00:00.000,-14.0
162,TURBOUSDT,TURBO,2024-05-30 15:00:00,2024-09-16,,,,,2023-05-05 04:00:00,Turbo,tradable,2024-05-27,-3.0,,2024-05-26 16:00:00.000,2601.0,-95.0,,-9395.0,,2023-05-05 04:00:00.000,-9395.0
164,ZKUSDT,ZK,2024-06-17 11:00:00,2024-06-17,,2024-03-19 02:40:43.254,2024-03-19 10:00:00.876,ZKUSDT-2024-03.csv.gz,2024-06-17 08:00:00,zkSync,tradable,2024-06-14,-3.0,,2024-06-13 16:00:00.000,-11.0,-91.0,-2161.0,-3.0,,2024-03-19 10:00:00.876,-2161.0
165,MEWUSDT,MEW,2024-06-17 14:00:00,,,2024-04-19 04:59:30.929,2024-04-19 08:00:03.224,MEWUSDT-2024-04.csv.gz,2024-03-30 12:00:00,Cat in a dogs world,tradable,2024-06-14,-3.0,,2024-06-13 16:00:00.000,,-94.0,-1422.0,-1898.0,,2024-03-30 12:00:00.000,-1898.0
167,ZROUSDT,ZRO,2024-06-20 14:00:00,2024-06-20,,2024-06-20 03:03:06.041,2024-06-20 11:30:01.553,ZROUSDT-2024-06.csv.gz,2024-06-20 12:00:00,LayerZero,tradable,2024-06-20,0.0,2024-06-20 12:00:00.006,2024-06-20 12:00:00.006,-14.0,-2.0,-2.5,-2.0,,2024-06-20 00:00:00.000,-14.0
181,DOGSUSDT,DOGS,2024-08-26 12:00:00,2024-08-26,,2024-08-26 12:00:00.908,2024-08-26 12:00:01.473,DOGSUSDT-2024-08.csv.gz,2024-08-26 12:00:00,DOGS,tradable,2024-08-26,0.0,2024-08-26 12:00:00.072,2024-08-26 12:00:00.072,-12.0,0.0,0.0,0.0,,2024-08-26 00:00:00.000,-12.0
187,NEIROETHUSDT,NEIROETH,2024-09-06 14:00:00,,,,,,,,,,,,,,,,,,,
191,UXLINKUSDT,UXLINK,2024-09-15 15:00:00,,,2024-07-18 08:00:00.901,2024-07-18 08:00:03.685,UXLINKUSDT-2024-07.csv.gz,2024-07-18 08:00:00,UxLink,tradable,2024-09-12,-3.0,,2024-09-11 16:00:00.000,,-95.0,-1423.0,-1423.0,,2024-07-18 08:00:00.000,-1423.0
197,CATIUSDT,CATI,2024-09-20 11:00:00,2024-09-20,,2024-09-20 10:00:00.535,2024-09-20 10:00:01.179,CATIUSDT-2024-09.csv.gz,2024-09-20 10:00:00,Catizen,tradable,2024-09-20,0.0,2024-09-20 10:00:00.406,2024-09-20 10:00:00.406,-11.0,-1.0,-1.0,-1.0,,2024-09-20 00:00:00.000,-11.0
200,HMSTRUSDT,HMSTR,2024-09-26 12:00:00,2024-09-26,,2024-09-26 12:00:00.591,2024-09-26 12:00:00.981,HMSTRUSDT-2024-09.csv.gz,2024-09-26 12:00:00,Hamster Kombat,tradable,2024-09-26,0.0,2024-09-26 12:00:00.083,2024-09-26 12:00:00.083,-12.0,0.0,0.0,0.0,,2024-09-26 00:00:00.000,-12.0
203,EIGENUSDT,EIGEN,2024-10-01 06:00:00,2024-10-01,,2024-10-01 04:10:00.566,2024-10-01 04:10:00.833,EIGENUSDT-2024-10.csv.gz,2024-10-01 04:15:00,EigenLayer,tradable,2024-10-01,0.0,2024-10-01 06:00:00.094,2024-10-01 06:00:00.094,-6.0,0.0,-1.8,-1.8,,2024-10-01 00:00:00.000,-6.0
205,1000CATUSDT,CAT,2024-10-21 12:00:00,,,2023-10-05 01:42:51.311,2023-10-05 10:00:04.048,CATUSDT-2023-10.csv.gz,,,,2024-10-25,4.0,2024-10-25 11:00:00.288,2024-10-25 11:00:00.288,,95.0,-9170.0,,,2023-10-05 10:00:04.048,-9170.0
206,SCRUSDT,SCR,2024-10-22 10:00:00,2024-10-11,,2024-10-22 08:00:00.882,2024-10-22 08:00:01.436,SCRUSDT-2024-10.csv.gz,2024-10-22 08:00:00,Scroll,tradable,2024-11-04,13.0,2024-11-04 08:00:00.270,2024-11-04 08:00:00.270,-274.0,310.0,-2.0,-2.0,,2024-10-11 00:00:00.000,-274.0
207,GOATUSDT,GOAT,2024-10-24 13:00:00,,,2024-11-13 10:00:00.647,2024-11-13 10:00:03.299,GOATUSDT-2024-11.csv.gz,2024-10-17 09:00:00,Goatseus Maximus,tradable,2024-12-12,49.0,2024-12-12 10:00:00.042,2024-12-12 10:00:00.042,,1173.0,477.0,-172.0,,2024-10-17 09:00:00.000,-172.0
208,MOODENGUSDT,MOODENG,2024-10-25 10:00:00,,,,,,2024-09-27 12:30:00,Moo Deng,tradable,2024-11-15,21.0,2024-11-15 12:00:00.008,2024-11-15 12:00:00.008,,506.0,,-669.5,,2024-09-27 12:30:00.000,-669.5
214,CETUSUSDT,CETUS,2024-11-06 14:00:00,2024-11-06,,,,,2023-05-10 10:00:00,Cetus Protocol,tradable,2024-11-03,-3.0,,2024-11-02 16:00:00.000,-14.0,-94.0,,-13108.0,,2023-05-10 10:00:00.000,-13108.0
217,GRASSUSDT,GRASS,2024-11-08 15:00:00,,,2024-10-28 14:00:00.673,2024-10-28 14:00:01.010,GRASSUSDT-2024-10.csv.gz,2024-10-28 14:00:00,Grass,tradable,2026-04-24,532.0,2026-04-24 14:00:03.834,2026-04-24 14:00:03.834,,12767.0,-265.0,-265.0,,2024-10-28 14:00:00.000,-265.0
220,PNUTUSDT,PNUT,2024-11-11 12:00:00,2024-11-11,,2024-11-22 10:00:00.745,2024-11-22 10:00:04.137,PNUTUSDT-2024-11.csv.gz,2024-11-05 14:00:00,Peanut the Squirrel,tradable,2024-11-11,0.0,2024-11-11 10:40:00.182,2024-11-11 10:40:00.182,-12.0,-1.3,262.0,-142.0,,2024-11-05 14:00:00.000,-142.0
226,SLERFUSDT,SLERF,2024-11-21 11:00:00,,,,,,,,,2024-11-18,-3.0,,2024-11-17 16:00:00.000,,-91.0,,,,2024-11-17 16:00:00.000,-91.0
231,MORPHOUSDT,MORPHO,2024-11-27 14:00:00,2025-10-03,,2024-11-21 10:00:01.958,2024-11-21 10:00:03.673,MORPHOUSDT-2024-11.csv.gz,2024-11-21 10:00:00,Morpho Labs,tradable,2024-11-24,-3.0,,2024-11-23 16:00:00.000,7426.0,-94.0,-148.0,-148.0,,2024-11-21 10:00:00.000,-148.0
237,MOVEUSDT,MOVE,2024-12-09 14:00:00,2024-12-09,,2024-12-09 12:00:00.689,2024-12-09 12:00:00.692,MOVEUSDT-2024-12.csv.gz,2024-12-09 12:00:00,Movement Network,tradable,2024-12-09,0.0,2024-12-09 12:00:00.079,2024-12-09 12:00:00.079,-14.0,-2.0,-2.0,-2.0,,2024-12-09 00:00:00.000,-14.0
238,VIRTUALUSDT,VIRTUAL,2024-12-10 12:00:00,2025-04-11,,2024-11-20 10:00:00.615,2024-11-20 10:00:02.887,VIRTUALUSDT-2024-11.csv.gz,2024-05-15 13:00:00,Virtuals Protocol,tradable,2025-10-28,322.0,2025-10-28 08:00:03.113,2025-10-28 08:00:03.113,2916.0,7724.0,-482.0,-5015.0,,2024-05-15 13:00:00.000,-5015.0
242,MEUSDT,ME,2024-12-10 17:00:00,2024-12-10,,2024-12-10 14:00:00.530,2024-12-10 14:00:00.533,MEUSDT-2024-12.csv.gz,2024-12-10 14:00:00,Magic Eden,tradable,2024-12-10,-1.0,2024-12-10 14:00:00.071,2024-12-10 14:00:00.071,-17.0,-3.0,-3.0,-3.0,,2024-12-10 00:00:00.000,-17.0
247,VANAUSDT,VANA,2024-12-16 13:00:00,2024-12-16,,2024-12-16 11:30:00.785,2024-12-16 11:30:02.181,VANAUSDT-2024-12.csv.gz,2024-12-16 11:30:00,Vana,tradable,,,,,-13.0,,-1.5,-1.5,,2024-12-16 00:00:00.000,-13.0
248,PENGUUSDT,PENGU,2024-12-17 16:00:00,2024-12-17,,2024-12-17 14:00:00.568,2024-12-17 14:00:00.573,PENGUUSDT-2024-12.csv.gz,2024-12-17 14:00:00,Pudgy Penguins,tradable,2024-12-17,-1.0,2024-12-17 14:00:00.063,2024-12-17 14:00:00.063,-16.0,-2.0,-2.0,-2.0,,2024-12-17 00:00:00.000,-16.0
251,FARTCOINUSDT,FARTCOIN,2024-12-20 18:00:00,,,,,,2024-12-19 09:30:00,Fartcoin,tradable,,,,,,,,-32.5,,2024-12-19 09:30:00.000,-32.5
260,AI16ZUSDT,AI16Z,2025-01-02 13:00:00,,,2025-01-06 08:00:02.507,2025-01-06 08:00:06.131,AI16ZUSDT-2025-01.csv.gz,,,,,,,,,,91.0,,,2025-01-06 08:00:06.131,91.0
259,GRIFFAINUSDT,GRIFFAIN,2025-01-02 13:00:00,,,,,,2024-12-19 14:00:00,GRIFFAIN,tradable,,,,,,,,-335.0,,2024-12-19 14:00:00.000,-335.0
261,ZEREBROUSDT,ZEREBRO,2025-01-02 14:00:00,,,2024-12-11 08:00:01.236,2024-12-11 08:00:02.607,ZEREBROUSDT-2024-12.csv.gz,2024-11-30 15:00:00,zerebro,tradable,,,,,,,-534.0,-791.0,,2024-11-30 15:00:00.000,-791.0
262,BIOUSDT,BIO,2025-01-03 12:00:00,2025-01-03,,,,,2025-01-03 10:00:00,Bio Protocol,tradable,2025-01-03,0.0,2025-01-03 10:15:00.041,2025-01-03 10:15:00.041,-12.0,-1.7,,-2.0,,2025-01-03 00:00:00.000,-12.0
263,ALCHUSDT,ALCH,2025-01-07 11:00:00,,,2024-12-26 10:00:00.685,2024-12-26 10:00:03.682,ALCHUSDT-2024-12.csv.gz,2025-01-03 07:00:00,Alchemist AI,tradable,,,,,,,-289.0,-100.0,,2024-12-26 10:00:03.682,-289.0
266,SONICUSDT,SONIC,2025-01-08 07:00:00,,,2025-01-07 12:00:00.947,2025-01-07 12:00:01.751,SONICUSDT-2025-01.csv.gz,2025-01-07 12:00:00,Sonic SVM,tradable,2025-01-07,-1.0,2025-01-07 12:00:00.060,2025-01-07 12:00:00.060,,-19.0,-19.0,-19.0,,2025-01-07 12:00:00.000,-19.0
270,SOLVUSDT,SOLV,2025-01-17 12:00:00,2025-01-17,,2025-01-17 10:00:01.300,2025-01-17 10:00:01.301,SOLVUSDT-2025-01.csv.gz,2025-01-17 10:00:00,Solv Protocol,tradable,,,,,-12.0,,-2.0,-2.0,,2025-01-17 00:00:00.000,-12.0
273,TRUMPUSDT,TRUMP,2025-01-18 13:00:00,2025-01-19,,2025-01-18 10:00:00.949,2025-01-18 10:00:01.804,TRUMPUSDT-2025-01.csv.gz,2025-01-18 13:00:00,OFFICIAL TRUMP,tradable,2025-01-19,1.0,2025-01-19 05:00:00.091,2025-01-19 05:00:00.091,11.0,16.0,-3.0,0.0,,2025-01-18 10:00:01.804,-3.0
276,ANIMEUSDT,ANIME,2025-01-23 17:00:00,2025-01-23,,2025-01-23 14:00:00.668,2025-01-23 14:00:00.700,ANIMEUSDT-2025-01.csv.gz,2025-01-23 14:00:00,Animecoin,tradable,2025-01-23,-1.0,2025-01-23 14:00:00.020,2025-01-23 14:00:00.020,-17.0,-3.0,-3.0,-3.0,,2025-01-23 00:00:00.000,-17.0
278,VINEUSDT,VINE,2025-01-24 10:00:00,,,,,,2025-01-23 10:00:00,Vine,tradable,2025-01-26,2.0,2025-01-26 10:00:00.121,2025-01-26 10:00:00.121,,48.0,,-24.0,,2025-01-23 10:00:00.000,-24.0
280,BERAUSDT,BERA,2025-02-06 15:00:00,2025-02-06,,2025-02-06 13:00:00.728,2025-02-06 13:00:02.188,BERAUSDT-2025-02.csv.gz,2025-02-06 13:00:00,Berachain,tradable,2025-02-06,0.0,2025-02-06 13:00:00.151,2025-02-06 13:00:00.151,-15.0,-2.0,-2.0,-2.0,,2025-02-06 00:00:00.000,-15.0
282,LAYERUSDT,LAYER,2025-02-11 15:00:00,2025-02-11,,2025-02-11 14:00:00.709,2025-02-11 14:00:02.650,LAYERUSDT-2025-02.csv.gz,2025-02-11 14:00:00,Solayer,tradable,2025-04-25,73.0,2025-04-25 10:00:00.178,2025-04-25 10:00:00.178,-15.0,1747.0,-1.0,-1.0,,2025-02-11 00:00:00.000,-15.0
285,IPUSDT,IP,2025-02-13 17:00:00,,,2025-02-13 09:00:00.640,2025-02-13 09:00:00.654,IPUSDT-2025-02.csv.gz,,,,2025-02-13,-1.0,2025-02-13 09:00:00.092,2025-02-13 09:00:00.092,,-8.0,-8.0,,,2025-02-13 09:00:00.092,-8.0
288,KAITOUSDT,KAITO,2025-02-20 13:00:00,2025-02-20,,,,,2025-02-20 13:00:00,Kaito,tradable,2025-02-20,0.0,2025-02-20 13:00:00.089,2025-02-20 13:00:00.089,-13.0,0.0,,0.0,,2025-02-20 00:00:00.000,-13.0
299,BRUSDT,BR,2025-03-21 12:00:00,,,2025-03-20 13:00:00.458,2025-03-20 13:00:03.772,BRUSDT-2025-03.csv.gz,2025-03-20 13:00:00,Bedrock,tradable,,,,,,,-23.0,-23.0,,2025-03-20 13:00:00.000,-23.0
304,PARTIUSDT,PARTI,2025-03-25 13:00:00,2025-03-25,,2025-03-25 13:00:00.509,2025-03-25 13:00:02.751,PARTIUSDT-2025-03.csv.gz,2025-03-25 13:00:00,Particle Network,tradable,2025-03-25,0.0,2025-03-25 13:00:00.072,2025-03-25 13:00:00.072,-13.0,0.0,0.0,0.0,,2025-03-25 00:00:00.000,-13.0
305,JELLYJELLYUSDT,JELLYJELLY,2025-03-26 16:00:00,,,,,,2025-01-30 06:00:00,jelly-my-jelly,tradable,,,,,,,,-1330.0,,2025-01-30 06:00:00.000,-1330.0
310,GUNUSDT,GUN,2025-03-31 13:00:00,2025-03-31,,,,,2025-03-31 13:00:00,GUNZ,tradable,,,,,-13.0,,,0.0,,2025-03-31 00:00:00.000,-13.0
311,ATHUSDT,ATH,2025-04-02 15:00:00,,,2024-06-12 06:54:55.747,2024-06-12 10:00:01.187,ATHUSDT-2024-06.csv.gz,2024-06-12 10:00:00,Aethir,tradable,2025-03-30,-3.0,,2025-03-29 16:00:00.000,,-95.0,-7061.0,-7061.0,,2024-06-12 10:00:00.000,-7061.0
314,PROMPTUSDT,PROMPT,2025-04-11 06:00:00,,,,,,2025-04-10 13:00:00,Wayfinder,tradable,2025-04-10,-1.0,2025-04-10 13:00:00.361,2025-04-10 13:00:00.361,,-17.0,,-17.0,,2025-04-10 13:00:00.000,-17.0
320,WCTUSDT,WCT,2025-04-15 11:00:00,2025-04-15,,2025-04-15 11:00:00.371,2025-04-15 11:00:00.398,WCTUSDT-2025-04.csv.gz,2025-04-15 11:00:00,WalletConnect,tradable,2025-04-15,0.0,2025-04-15 11:00:00.080,2025-04-15 11:00:00.080,-11.0,0.0,0.0,0.0,,2025-04-15 00:00:00.000,-11.0
327,MEMEFIUSDT,MEMEFI,2025-04-25 07:00:00,,,2024-11-22 13:00:00.509,2024-11-22 13:00:01.990,MEMEFIUSDT-2024-11.csv.gz,,,,2025-04-22,-3.0,,2025-04-21 16:00:00.000,,-87.0,-3690.0,,,2024-11-22 13:00:01.990,-3690.0
329,SIGNUSDT,SIGN,2025-04-28 11:00:00,2025-04-28,,2025-04-28 11:00:00.529,2025-04-28 11:00:00.529,SIGNUSDT-2025-04.csv.gz,2025-04-28 11:00:00,Sign,tradable,,,,,-11.0,,0.0,0.0,,2025-04-28 00:00:00.000,-11.0
349,SOONUSDT,SOON,2025-05-23 08:00:00,,,,,,2025-05-23 09:00:00,Soon,tradable,,,,,,,,1.0,,2025-05-23 09:00:00.000,1.0
350,HUMAUSDT,HUMA,2025-05-26 13:00:00,2025-05-26,,2025-05-26 13:00:00.650,2025-05-26 13:00:02.091,HUMAUSDT-2025-05.csv.gz,2025-05-26 13:00:00,Huma Finance,tradable,2025-05-26,0.0,2025-05-26 13:00:00.087,2025-05-26 13:00:00.087,-13.0,0.0,0.0,0.0,,2025-05-26 00:00:00.000,-13.0
351,AUSDT,A,2025-05-28 08:00:00,2025-05-28,,2025-05-28 08:00:02.536,2025-05-28 08:00:06.370,AUSDT-2025-05.csv.gz,2025-05-28 08:00:00,Vaulta,tradable,2025-05-29,1.0,2025-05-29 10:00:00.247,2025-05-29 10:00:00.247,-8.0,26.0,0.0,0.0,,2025-05-28 00:00:00.000,-8.0
352,SOPHUSDT,SOPH,2025-05-28 13:00:00,2025-05-28,,,,,2025-05-28 13:00:00,Sophon,tradable,2025-05-28,0.0,2025-05-28 13:00:00.294,2025-05-28 13:00:00.294,-13.0,0.0,,0.0,,2025-05-28 00:00:00.000,-13.0
353,MERLUSDT,MERL,2025-05-29 08:00:00,,,2024-04-19 05:00:05.269,2024-04-19 10:00:00.738,MERLUSDT-2024-04.csv.gz,2024-04-19 10:00:00,Merlin Chain,tradable,2025-05-26,-3.0,,2025-05-25 16:00:00.000,,-88.0,-9718.0,-9718.0,,2024-04-19 10:00:00.000,-9718.0
354,HYPEUSDT,HYPE,2025-05-30 10:00:00,,,2025-07-11 09:00:02.761,2025-07-11 09:00:07.359,HYPEUSDT-2025-07.csv.gz,2024-12-23 06:00:00,Hyperliquid,tradable,2025-11-04,158.0,2025-11-04 14:00:01.042,2025-11-04 14:00:01.042,,3796.0,1007.0,-3796.0,,2024-12-23 06:00:00.000,-3796.0
357,PUFFERUSDT,PUFFER,2025-06-04 08:00:00,,,2024-10-14 12:00:00.559,2024-10-14 12:00:00.589,PUFFERUSDT-2024-10.csv.gz,2024-10-14 12:00:00,Puffer,tradable,,,,,,,-5588.0,-5588.0,,2024-10-14 12:00:00.000,-5588.0
362,RESOLVUSDT,RESOLV,2025-06-10 13:00:00,2025-06-11,,2025-06-10 13:00:00.403,2025-06-10 13:00:00.404,RESOLVUSDT-2025-06.csv.gz,2025-06-10 13:00:00,Resolv,tradable,2025-06-10,0.0,2025-06-10 14:00:00.814,2025-06-10 14:00:00.814,11.0,1.0,0.0,0.0,,2025-06-10 13:00:00.000,0.0
366,SPKUSDT,SPK,2025-06-17 09:00:00,2025-06-17,,2025-06-17 09:00:06.320,2025-06-17 09:00:10.401,SPKUSDT-2025-06.csv.gz,2025-06-17 09:00:00,Spark,tradable,2025-06-17,0.0,2025-06-17 10:00:01.718,2025-06-17 10:00:01.718,-9.0,1.0,0.0,0.0,,2025-06-17 00:00:00.000,-9.0
372,OLUSDT,OL,2025-06-25 11:00:00,,,2024-11-19 13:00:01.236,2024-11-19 13:00:01.240,OLUSDT-2024-11.csv.gz,2024-11-19 13:00:00,Open Loot,tradable,2025-06-22,-3.0,,2025-06-21 16:00:00.000,,-91.0,-5230.0,-5230.0,,2024-11-19 13:00:00.000,-5230.0
373,SAHARAUSDT,SAHARA,2025-06-26 12:00:00,2025-06-26,,2025-06-26 12:00:00.949,2025-06-26 12:00:00.949,SAHARAUSDT-2025-06.csv.gz,2025-06-26 12:00:00,Sahara AI,tradable,2025-06-26,0.0,2025-06-26 12:00:00.263,2025-06-26 12:00:00.263,-12.0,0.0,0.0,0.0,,2025-06-26 00:00:00.000,-12.0
390,TREEUSDT,TREE,2025-07-29 14:00:00,2025-07-29,,2025-07-29 14:00:01.444,2025-07-29 14:00:03.912,TREEUSDT-2025-07.csv.gz,2025-07-29 14:00:00,Treehouse,tradable,,,,,-14.0,,0.0,0.0,,2025-07-29 00:00:00.000,-14.0
402,USELESSUSDT,USELESS,2025-08-15 12:00:00,,,,,,2025-07-11 10:00:00,Useless Coin,tradable,,,,,,,,-842.0,,2025-07-11 10:00:00.000,-842.0
407,WLFIUSDT,WLFI,2025-08-23 08:00:00,2025-09-01,2025-09-01 13:30:00,2025-09-01 13:00:00.390,2025-09-01 13:00:00.516,WLFIUSDT-2025-09.csv.gz,2025-09-01 12:00:00,World Liberty Financial,tradable,2025-09-01,9.0,2025-09-01 13:00:00.113,2025-09-01 13:00:00.113,208.0,221.0,221.0,220.0,221.5,2025-09-01 00:00:00.000,208.0
413,LINEAUSDT,LINEA,2025-09-01 08:00:00,2025-09-10,2025-09-10 15:35:00,2025-09-10 15:00:00.724,2025-09-10 15:00:00.860,LINEAUSDT-2025-09.csv.gz,2025-09-10 15:00:00,Linea,tradable,2025-09-10,9.0,2025-09-10 15:15:00.338,2025-09-10 15:15:00.338,208.0,223.3,223.0,223.0,223.6,2025-09-10 00:00:00.000,208.0
430,BARDUSDT,BARD,2025-09-18 11:00:00,2025-09-18,,2025-09-18 11:00:00.577,2025-09-18 11:00:00.659,BARDUSDT-2025-09.csv.gz,2025-09-18 11:00:00,Lombard,tradable,2025-09-18,0.0,2025-09-18 11:30:00.135,2025-09-18 11:30:00.135,-11.0,0.5,0.0,0.0,,2025-09-18 00:00:00.000,-11.0
441,XANUSDT,XAN,2025-09-29 10:00:00,,,2025-09-29 10:00:00.432,2025-09-29 10:00:00.435,XANUSDT-2025-09.csv.gz,2025-09-29 10:00:00,Anoma,tradable,,,,,,,0.0,0.0,,2025-09-29 10:00:00.000,0.0
443,EDENUSDT,EDEN,2025-09-30 11:00:00,2025-09-30,,,,,2025-09-30 11:00:00,OpenEden,tradable,,,,,-11.0,,,0.0,,2025-09-30 00:00:00.000,-11.0
447,2ZUSDT,2Z,2025-10-02 12:00:00,2025-10-02,,2025-10-02 13:00:00.469,2025-10-02 13:00:01.223,2ZUSDT-2025-10.csv.gz,2025-10-02 13:00:00,DoubleZero,tradable,2025-11-14,43.0,2025-11-14 09:00:00.075,2025-11-14 09:00:00.075,-12.0,1029.0,1.0,1.0,,2025-10-02 00:00:00.000,-12.0
453,MONUSDT,MON,2025-10-10 07:00:00,,2025-11-24 16:05:00,2024-05-27 06:04:48.891,2024-05-27 10:00:00.936,MONUSDT-2024-05.csv.gz,2025-11-24 15:00:00,Monad,tradable,2026-03-23,164.0,2026-03-23 11:00:02.177,2026-03-23 11:00:02.177,,3940.0,-12021.0,1088.0,1089.1,2024-05-27 10:00:00.936,-12021.0
454,YBUSDT,YB,2025-10-10 14:00:00,2025-10-15,2025-10-15 11:30:00,2025-10-15 11:00:00.769,2025-10-15 11:00:03.780,YBUSDT-2025-10.csv.gz,2025-10-15 11:00:00,Yieldbasis,tradable,2025-10-15,5.0,2025-10-15 11:00:00.370,2025-10-15 11:00:00.370,106.0,117.0,117.0,117.0,117.5,2025-10-15 00:00:00.000,106.0
455,METUSDT,MET,2025-10-11 12:00:00,2025-11-13,2025-10-23 14:30:00,2025-10-23 14:00:00.700,2025-10-23 14:00:04.691,METUSDT-2025-10.csv.gz,2025-10-23 14:00:00,Meteora,tradable,2025-10-23,12.0,2025-10-23 14:00:00.088,2025-10-23 14:00:00.088,780.0,290.0,290.0,290.0,290.5,2025-10-23 14:00:00.000,290.0
460,ZBTUSDT,ZBT,2025-10-17 11:00:00,2025-10-17,2025-10-17 13:30:00,2025-10-17 13:00:00.723,2025-10-17 13:00:07.870,ZBTUSDT-2025-10.csv.gz,2025-10-17 13:00:00,ZEROBASE,tradable,,,,,-11.0,,2.0,2.0,2.5,2025-10-17 00:00:00.000,-11.0
465,BLUAIUSDT,BLUAI,2025-10-21 11:00:00,,,,,,2025-10-21 12:00:00,Bluwhale AI,tradable,,,,,,,,1.0,,2025-10-21 12:00:00.000,1.0
466,TURTLEUSDT,TURTLE,2025-10-22 15:00:00,2025-10-22,,,,,2025-10-22 15:00:00,Turtle,tradable,,,,,-15.0,,,0.0,,2025-10-22 00:00:00.000,-15.0
467,APRUSDT,APR,2025-10-23 10:00:00,,,,,,,,,,,,,,,,,,,
472,ATUSDT,AT,2025-10-29 11:00:00,2025-11-27,,,,,2025-10-24 12:00:00,APRO Token,tradable,,,,,685.0,,,-119.0,,2025-10-24 12:00:00.000,-119.0
471,KITEUSDT,KITE,2025-10-29 10:00:00,2025-11-03,,,,,2025-11-03 13:00:00,KITE,tradable,2025-11-03,5.0,2025-11-03 13:00:01.422,2025-11-03 13:00:01.422,110.0,123.0,,123.0,,2025-11-03 00:00:00.000,110.0
473,CCUSDT,CC,2025-10-31 12:00:00,,,2025-11-10 07:00:00.925,2025-11-10 07:00:03.616,CCUSDT-2025-11.csv.gz,2025-11-10 07:00:00,Canton Network,tradable,2026-02-12,104.0,2026-02-12 10:00:00.783,2026-02-12 10:00:00.783,,2494.0,235.0,235.0,,2025-11-10 07:00:00.000,235.0
474,MMTUSDT,MMT,2025-11-04 12:00:00,2025-11-04,,2025-11-04 12:00:02.977,2025-11-04 12:00:09.332,MMTUSDT-2025-11.csv.gz,2025-11-04 12:00:00,Momentum,tradable,2025-11-04,0.0,2025-11-04 12:00:01.267,2025-11-04 12:00:01.267,-12.0,0.0,0.0,0.0,,2025-11-04 00:00:00.000,-12.0
475,TRUSTUSDT,TRUST,2025-11-05 09:00:00,,,,,,2025-11-05 10:00:00,Intuition,tradable,,,,,,,,1.0,,2025-11-05 10:00:00.000,1.0
480,ALLOUSDT,ALLO,2025-11-11 14:00:00,2025-11-11,,,,,2025-11-11 13:00:00,Allora,tradable,2025-11-11,0.0,2025-11-11 13:00:01.534,2025-11-11 13:00:01.534,-14.0,-1.0,,-1.0,,2025-11-11 00:00:00.000,-14.0
482,BEATUSDT,BEAT,2025-11-12 12:00:00,,,,,,2025-11-01 10:00:00,Audiera,tradable,,,,,,,,-266.0,,2025-11-01 10:00:00.000,-266.0
483,PIEVERSEUSDT,PIEVERSE,2025-11-14 11:00:00,,,2025-11-14 13:00:00.609,2025-11-14 13:00:11.658,PIEVERSEUSDT-2025-11.csv.gz,2025-11-14 13:00:00,Pieverse,tradable,,,,,,,2.0,2.0,,2025-11-14 13:00:00.000,2.0
484,SENTUSDT,SENT,2025-11-14 12:00:00,2026-01-22,2026-01-22 12:30:00,2026-01-22 12:00:02.761,2026-01-22 12:00:06.206,SENTUSDT-2026-01.csv.gz,2026-01-22 12:00:00,Sentient,tradable,2026-01-27,74.0,2026-01-27 12:00:00.887,2026-01-27 12:00:00.887,1644.0,1776.0,1656.0,1656.0,1656.5,2026-01-22 00:00:00.000,1644.0
487,RLSUSDT,RLS,2025-12-02 10:00:00,,,,,,2025-12-01 12:00:00,RAYLS,tradable,,,,,,,,-22.0,,2025-12-01 12:00:00.000,-22.0
490,NIGHTUSDT,NIGHT,2025-12-10 11:00:00,2026-03-11,,2025-12-09 10:00:00.743,2025-12-09 10:00:08.518,NIGHTUSDT-2025-12.csv.gz,2025-12-09 10:00:00,Midnight,tradable,2025-12-09,-1.0,2025-12-09 10:10:00.729,2025-12-09 10:10:00.729,2173.0,-24.8,-25.0,-25.0,,2025-12-09 10:00:00.000,-25.0
489,WETUSDT,WET,2025-12-10 07:00:00,,,2025-12-09 15:00:00.745,2025-12-09 15:00:04.417,WETUSDT-2025-12.csv.gz,2025-12-09 15:00:00,HumidiFi,tradable,2025-12-09,-1.0,2025-12-09 15:00:00.510,2025-12-09 15:00:00.510,,-16.0,-16.0,-16.0,,2025-12-09 15:00:00.000,-16.0
494,RAVEUSDT,RAVE,2025-12-14 15:00:00,,,,,,2025-12-12 14:00:00,RaveDAO,tradable,,,,,,,,-49.0,,2025-12-12 14:00:00.000,-49.0
498,BREVUSDT,BREV,2025-12-30 10:00:00,2026-01-06,2026-01-06 14:20:00,2026-01-06 14:00:00.537,2026-01-06 14:00:00.597,BREVUSDT-2026-01.csv.gz,2026-01-06 14:00:00,Brevis,tradable,2026-01-06,7.0,2026-01-06 14:00:00.222,2026-01-06 14:00:00.222,158.0,172.0,172.0,172.0,172.3,2026-01-06 00:00:00.000,158.0
502,ZAMAUSDT,ZAMA,2026-01-09 09:00:00,2026-02-02,2026-02-02 13:35:00,2026-02-02 13:00:01.954,2026-02-02 13:00:07.684,ZAMAUSDT-2026-02.csv.gz,2026-02-02 13:00:00,Zama,tradable,2026-02-02,24.0,2026-02-02 13:00:00.431,2026-02-02 13:00:00.431,567.0,580.0,580.0,580.0,580.6,2026-02-02 00:00:00.000,567.0
503,FOGOUSDT,FOGO,2026-01-10 14:00:00,2026-01-15,2026-01-15 14:30:00,2026-01-15 14:00:00.580,2026-01-15 14:00:05.564,FOGOUSDT-2026-01.csv.gz,2026-01-15 14:00:00,Fogo,tradable,2026-01-15,5.0,2026-01-15 14:00:00.163,2026-01-15 14:00:00.163,106.0,120.0,120.0,120.0,120.5,2026-01-15 00:00:00.000,106.0
506,ACUUSDT,ACU,2026-01-21 12:00:00,,,,,,2026-01-20 12:00:00,Acurast,tradable,,,,,,,,-24.0,,2026-01-20 12:00:00.000,-24.0
510,SPACEUSDT,SPACE,2026-01-23 11:00:00,,,,,,,,,2026-01-23,0.0,2026-01-23 12:00:00.800,2026-01-23 12:00:00.800,,1.0,,,,2026-01-23 12:00:00.800,1.0
521,TRIAUSDT,TRIA,2026-02-06 12:00:00,,,2026-02-03 10:00:00.458,2026-02-03 10:00:00.460,TRIAUSDT-2026-02.csv.gz,,,,,,,,,,-74.0,,,2026-02-03 10:00:00.460,-74.0
528,AZTECUSDT,AZTEC,2026-02-11 04:00:00,,2026-02-12 08:40:00,2026-02-12 07:00:00.583,2026-02-12 07:00:11.422,AZTECUSDT-2026-02.csv.gz,2026-02-12 07:00:00,Aztec,tradable,,,,,,,27.0,27.0,28.7,2026-02-12 07:00:00.000,27.0
527,ESPUSDT,ESP,2026-02-10 08:00:00,2026-02-12,2026-02-12 13:35:00,,,,2026-02-12 13:00:00,Espresso,tradable,,,,,40.0,,,53.0,53.6,2026-02-12 00:00:00.000,40.0
529,OPNUSDT,OPN,2026-02-21 15:00:00,2026-03-05,2026-03-06 07:30:00,2026-03-05 13:00:01.861,2026-03-05 13:00:05.367,OPNUSDT-2026-03.csv.gz,2026-03-05 13:00:00,Opinion,tradable,,,,,273.0,,286.0,286.0,304.5,2026-03-05 00:00:00.000,273.0
530,ROBOUSDT,ROBO,2026-02-27 08:00:00,2026-03-04,,2026-02-27 10:00:00.829,2026-02-27 10:00:00.868,ROBOUSDT-2026-02.csv.gz,2026-02-27 10:00:00,Fabric Protocol,tradable,2026-03-05,6.0,2026-03-05 10:00:02.930,2026-03-05 10:00:02.930,112.0,146.0,2.0,2.0,,2026-02-27 10:00:00.000,2.0
531,KATUSDT,KAT,2026-03-02 05:00:00,2026-03-18,2026-03-18 13:30:00,,,,2026-03-18 13:00:00,Katana,tradable,2026-03-18,16.0,2026-03-18 13:00:00.111,2026-03-18 13:00:00.111,379.0,392.0,,392.0,392.5,2026-03-18 00:00:00.000,379.0
545,BASEDUSDT,BASED,2026-03-30 10:00:00,,,2026-03-30 10:00:00.788,2026-03-30 10:00:08.270,BASEDUSDT-2026-03.csv.gz,,,,2026-03-30,0.0,2026-03-30 10:00:01.327,2026-03-30 10:00:01.327,,0.0,0.0,,,2026-03-30 10:00:01.327,0.0
561,OPGUSDT,OPG,2026-04-22 15:00:00,2026-05-22,,2026-04-21 12:00:00.879,2026-04-21 12:00:03.453,OPGUSDT-2026-04.csv.gz,2026-04-21 12:00:00,OpenGradient,tradable,,,,,705.0,,-27.0,-27.0,,2026-04-21 12:00:00.000,-27.0
566,BILLUSDT,BILL,2026-05-07 08:00:00,,,2026-05-04 08:00:00.727,2026-05-04 08:00:05.234,BILLUSDT-2026-05.csv.gz,,,,,,,,,,-72.0,,,2026-05-04 08:00:05.234,-72.0
595,SLXUSDT,SLX,2026-06-01 07:00:00,,,2026-06-22 10:00:09.787,2026-06-22 10:01:03.257,SLXUSDT-2026-06.csv.gz,2026-05-25 14:00:00,Solstice,tradable,2026-07-10,39.0,2026-07-10 12:00:01.855,2026-07-10 12:00:01.855,,941.0,507.0,-161.0,,2026-05-25 14:00:00.000,-161.0
639,REUSDT,RE,2026-06-18 14:00:00,2026-06-18,2026-06-18 14:20:00,,,,2026-06-18 14:00:00,Re,tradable,2026-06-18,0.0,2026-06-18 14:00:01.883,2026-06-18 14:00:01.883,-14.0,0.0,,0.0,0.3,2026-06-18 00:00:00.000,-14.0
647,ARXUSDT,ARX,2026-06-23 04:00:00,,,2026-06-22 12:00:00.576,2026-06-22 12:00:00.576,ARXUSDT-2026-06.csv.gz,,,,,,,,,,-16.0,,,2026-06-22 12:00:00.576,-16.0
648,OUSDT,O,2026-06-24 11:00:00,,,,,,2026-06-17 16:00:00,o1.exchange,tradable,,,,,,,,-163.0,,2026-06-17 16:00:00.000,-163.0
649,CAPUSDT,CAP,2026-06-27 11:00:00,,,2026-06-26 12:00:00.617,2026-06-26 12:00:00.617,CAPUSDT-2026-06.csv.gz,,,,,,,,,,-23.0,,,2026-06-26 12:00:00.617,-23.0
653,GRAMUSDT,GRAM,2026-07-02 08:00:00,2026-07-02,,2026-06-22 08:01:03.167,2026-06-22 08:01:58.222,GRAMUSDT-2026-06.csv.gz,2026-06-16 14:00:00,GRAM (prev. Toncoin),tradable,2026-06-29,-3.0,,2026-06-28 16:00:00.000,-8.0,-88.0,-240.0,-378.0,,2026-06-16 14:00:00.000,-378.0
694,GRVTUSDT,GRVT,2026-07-31 12:00:00,,,2026-07-30 14:00:00.705,2026-07-30 14:00:00.705,GRVTUSDT-2026-07.csv.gz,,,,2026-07-30,-1.0,2026-07-30 14:00:12.113,2026-07-30 14:00:12.113,,-22.0,-22.0,,,2026-07-30 14:00:00.705,-22.0
702,DOSUSDT,DOS,2026-08-11 15:00:00,,,,,,2026-08-10 11:00:00,DAPPOS,tradable,2026-08-13,2.0,2026-08-13 10:00:06.278,2026-08-13 10:00:06.278,,43.0,,-28.0,,2026-08-10 11:00:00.000,-28.0
