,mtm_equity_1x,daily_ret_1x
2022-01-01 00:00:00+00:00,1.0,0.0
2022-01-02 00:00:00+00:00,1.0,0.0
2022-01-03 00:00:00+00:00,1.0,0.0
2022-01-04 00:00:00+00:00,1.0,0.0
2022-01-05 00:00:00+00:00,1.0,0.0
2022-01-06 00:00:00+00:00,1.0,0.0
2022-01-07 00:00:00+00:00,0.9965916940667022,-0.0034083059332977728
2022-01-08 00:00:00+00:00,0.9965916940667022,0.0
2022-01-09 00:00:00+00:00,0.9965916940667022,0.0
2022-01-10 00:00:00+00:00,0.9965916940667022,0.0
2022-01-11 00:00:00+00:00,0.9965916940667022,0.0
2022-01-12 00:00:00+00:00,0.9965916940667022,0.0
2022-01-13 00:00:00+00:00,0.9965916940667022,0.0
2022-01-14 00:00:00+00:00,0.9965916940667022,0.0
2022-01-15 00:00:00+00:00,0.9965916940667022,0.0
2022-01-16 00:00:00+00:00,0.9965916940667022,0.0
2022-01-17 00:00:00+00:00,0.9965916940667022,0.0
2022-01-18 00:00:00+00:00,0.9965916940667022,0.0
2022-01-19 00:00:00+00:00,0.9965916940667022,0.0
2022-01-20 00:00:00+00:00,0.9965916940667022,0.0
2022-01-21 00:00:00+00:00,0.9965916940667022,0.0
2022-01-22 00:00:00+00:00,0.9959261365866001,-0.0006678336615331126
2022-01-23 00:00:00+00:00,0.9959261365866001,0.0
2022-01-24 00:00:00+00:00,0.9959261365866001,0.0
2022-01-25 00:00:00+00:00,0.9959261365866001,0.0
2022-01-26 00:00:00+00:00,0.9927863198585749,-0.0031526602352123234
2022-01-27 00:00:00+00:00,0.9927863198585749,0.0
2022-01-28 00:00:00+00:00,0.9927863198585749,0.0
2022-01-29 00:00:00+00:00,0.9927863198585749,0.0
2022-01-30 00:00:00+00:00,0.9927863198585749,0.0
2022-01-31 00:00:00+00:00,0.9927863198585749,0.0
2022-02-01 00:00:00+00:00,0.9927863198585749,0.0
2022-02-02 00:00:00+00:00,0.9927863198585749,0.0
2022-02-03 00:00:00+00:00,0.9927863198585749,0.0
2022-02-04 00:00:00+00:00,0.9927863198585749,0.0
2022-02-05 00:00:00+00:00,0.9927863198585749,0.0
2022-02-06 00:00:00+00:00,0.9927863198585749,0.0
2022-02-07 00:00:00+00:00,0.9927863198585749,0.0
2022-02-08 00:00:00+00:00,0.9927863198585749,0.0
2022-02-09 00:00:00+00:00,0.9927863198585749,0.0
2022-02-10 00:00:00+00:00,0.9927863198585749,0.0
2022-02-11 00:00:00+00:00,0.9927863198585749,0.0
2022-02-12 00:00:00+00:00,0.9927863198585749,0.0
2022-02-13 00:00:00+00:00,0.9927863198585749,0.0
2022-02-14 00:00:00+00:00,0.9927863198585749,0.0
2022-02-15 00:00:00+00:00,0.9927863198585749,0.0
2022-02-16 00:00:00+00:00,0.9927863198585749,0.0
2022-02-17 00:00:00+00:00,0.9927863198585749,0.0
2022-02-18 00:00:00+00:00,0.9927863198585749,0.0
2022-02-19 00:00:00+00:00,0.9927863198585749,0.0
2022-02-20 00:00:00+00:00,0.9927863198585749,0.0
2022-02-21 00:00:00+00:00,0.9927863198585749,0.0
2022-02-22 00:00:00+00:00,0.9927863198585749,0.0
2022-02-23 00:00:00+00:00,0.9927863198585749,0.0
2022-02-24 00:00:00+00:00,0.9927863198585749,0.0
2022-02-25 00:00:00+00:00,0.9927863198585749,0.0
2022-02-26 00:00:00+00:00,0.9932976023839997,0.0005149975530460704
2022-02-27 00:00:00+00:00,0.9932976023839997,0.0
2022-02-28 00:00:00+00:00,0.9932976023839997,0.0
2022-03-01 00:00:00+00:00,0.9937147706803056,0.00041998319064151524
2022-03-02 00:00:00+00:00,0.9937147706803056,0.0
2022-03-03 00:00:00+00:00,0.9938707277099214,0.0001569434552219917
2022-03-04 00:00:00+00:00,0.9938707277099214,0.0
2022-03-05 00:00:00+00:00,0.9938707277099214,0.0
2022-03-06 00:00:00+00:00,0.9938707277099214,0.0
2022-03-07 00:00:00+00:00,0.9938707277099214,0.0
2022-03-08 00:00:00+00:00,0.9938707277099214,0.0
2022-03-09 00:00:00+00:00,0.9938707277099214,0.0
2022-03-10 00:00:00+00:00,0.9938707277099214,0.0
2022-03-11 00:00:00+00:00,0.9938707277099214,0.0
2022-03-12 00:00:00+00:00,0.9938707277099214,0.0
2022-03-13 00:00:00+00:00,0.9938707277099214,0.0
2022-03-14 00:00:00+00:00,0.9938707277099214,0.0
2022-03-15 00:00:00+00:00,0.9938707277099214,0.0
2022-03-16 00:00:00+00:00,0.9938707277099214,0.0
2022-03-17 00:00:00+00:00,0.9938707277099214,0.0
2022-03-18 00:00:00+00:00,0.9938707277099214,0.0
2022-03-19 00:00:00+00:00,0.9938707277099214,0.0
2022-03-20 00:00:00+00:00,0.9938707277099214,0.0
2022-03-21 00:00:00+00:00,0.9938707277099214,0.0
2022-03-22 00:00:00+00:00,0.9938707277099214,0.0
2022-03-23 00:00:00+00:00,0.9938707277099214,0.0
2022-03-24 00:00:00+00:00,0.9933172641241038,-0.0005568768355748155
2022-03-25 00:00:00+00:00,0.9933172641241038,0.0
2022-03-26 00:00:00+00:00,0.9933172641241038,0.0
2022-03-27 00:00:00+00:00,0.9933172641241038,0.0
2022-03-28 00:00:00+00:00,0.9861915099836867,-0.007173694042960754
2022-03-29 00:00:00+00:00,0.9861915099836867,0.0
2022-03-30 00:00:00+00:00,0.9861915099836867,0.0
2022-03-31 00:00:00+00:00,0.9871066712536156,0.000927975206300502
2022-04-01 00:00:00+00:00,0.9871066712536156,0.0
2022-04-02 00:00:00+00:00,0.9871066712536156,0.0
2022-04-03 00:00:00+00:00,0.9871066712536156,0.0
2022-04-04 00:00:00+00:00,0.9871066712536156,0.0
2022-04-05 00:00:00+00:00,0.9871066712536156,0.0
2022-04-06 00:00:00+00:00,0.9872532106497149,0.00014845345530201115
2022-04-07 00:00:00+00:00,0.9872532106497149,0.0
2022-04-08 00:00:00+00:00,0.9872532106497149,0.0
2022-04-09 00:00:00+00:00,0.9872532106497149,0.0
2022-04-10 00:00:00+00:00,0.9872532106497149,0.0
2022-04-11 00:00:00+00:00,0.9872532106497149,0.0
2022-04-12 00:00:00+00:00,0.9872532106497149,0.0
2022-04-13 00:00:00+00:00,0.9872532106497149,0.0
2022-04-14 00:00:00+00:00,0.9872532106497149,0.0
2022-04-15 00:00:00+00:00,0.9872532106497149,0.0
2022-04-16 00:00:00+00:00,0.9872532106497149,0.0
2022-04-17 00:00:00+00:00,0.9872532106497149,0.0
2022-04-18 00:00:00+00:00,0.9824727823079846,-0.004842150210465523
2022-04-19 00:00:00+00:00,0.9824727823079846,0.0
2022-04-20 00:00:00+00:00,0.9823542692981607,-0.00012062727024919617
2022-04-21 00:00:00+00:00,0.9823542692981607,0.0
2022-04-22 00:00:00+00:00,0.9823542692981607,0.0
2022-04-23 00:00:00+00:00,0.9823542692981607,0.0
2022-04-24 00:00:00+00:00,0.9823542692981607,0.0
2022-04-25 00:00:00+00:00,0.9823542692981607,0.0
2022-04-26 00:00:00+00:00,0.9823542692981607,0.0
2022-04-27 00:00:00+00:00,0.9823542692981607,0.0
2022-04-28 00:00:00+00:00,0.9823542692981607,0.0
2022-04-29 00:00:00+00:00,0.9823542692981607,0.0
2022-04-30 00:00:00+00:00,0.9858583210177115,0.003566993933924012
2022-05-01 00:00:00+00:00,0.9858583210177115,0.0
2022-05-02 00:00:00+00:00,0.9791766986008291,-0.006777467182084496
2022-05-03 00:00:00+00:00,0.9791766986008291,0.0
2022-05-04 00:00:00+00:00,0.9791766986008291,0.0
2022-05-05 00:00:00+00:00,0.9784350825620082,-0.0007573873437558554
2022-05-06 00:00:00+00:00,0.9784350825620082,0.0
2022-05-07 00:00:00+00:00,0.9784350825620082,0.0
2022-05-08 00:00:00+00:00,0.9784350825620082,0.0
2022-05-09 00:00:00+00:00,0.9777531133094625,-0.0006969999999999477
2022-05-10 00:00:00+00:00,0.9807049631693309,0.0030190135113730143
2022-05-11 00:00:00+00:00,1.0573121723221683,0.07811442995584228
2022-05-12 00:00:00+00:00,1.0616509686625557,0.004103609562025712
2022-05-13 00:00:00+00:00,1.0616509686625557,0.0
2022-05-14 00:00:00+00:00,1.0616509686625557,0.0
2022-05-15 00:00:00+00:00,1.0616509686625557,0.0
2022-05-16 00:00:00+00:00,1.0616509686625557,0.0
2022-05-17 00:00:00+00:00,1.0663219264791284,0.004399711350008939
2022-05-18 00:00:00+00:00,1.061744909134627,-0.004292341019014989
2022-05-19 00:00:00+00:00,1.061744909134627,0.0
2022-05-20 00:00:00+00:00,1.061744909134627,0.0
2022-05-21 00:00:00+00:00,1.061744909134627,0.0
2022-05-22 00:00:00+00:00,1.061744909134627,0.0
2022-05-23 00:00:00+00:00,1.061744909134627,0.0
2022-05-24 00:00:00+00:00,1.061744909134627,0.0
2022-05-25 00:00:00+00:00,1.061744909134627,0.0
2022-05-26 00:00:00+00:00,1.0626572949787463,0.000859326789579784
2022-05-27 00:00:00+00:00,1.0626572949787463,0.0
2022-05-28 00:00:00+00:00,1.0626572949787463,0.0
2022-05-29 00:00:00+00:00,1.0626572949787463,0.0
2022-05-30 00:00:00+00:00,1.0626572949787463,0.0
2022-05-31 00:00:00+00:00,1.0626572949787463,0.0
2022-06-01 00:00:00+00:00,1.0604346782491159,-0.0020915649289123817
2022-06-02 00:00:00+00:00,1.0604346782491159,0.0
2022-06-03 00:00:00+00:00,1.0604346782491159,0.0
2022-06-04 00:00:00+00:00,1.0604346782491159,0.0
2022-06-05 00:00:00+00:00,1.0604346782491159,0.0
2022-06-06 00:00:00+00:00,1.0604346782491159,0.0
2022-06-07 00:00:00+00:00,1.0667244427617981,0.005931307832244048
2022-06-08 00:00:00+00:00,1.0667244427617981,0.0
2022-06-09 00:00:00+00:00,1.0667244427617981,0.0
2022-06-10 00:00:00+00:00,1.0667244427617981,0.0
2022-06-11 00:00:00+00:00,1.06996349101947,0.003036443272346645
2022-06-12 00:00:00+00:00,1.06996349101947,0.0
2022-06-13 00:00:00+00:00,1.06996349101947,0.0
2022-06-14 00:00:00+00:00,1.06996349101947,0.0
2022-06-15 00:00:00+00:00,1.0687463214223598,-0.001137580494405821
2022-06-16 00:00:00+00:00,1.0687463214223598,0.0
2022-06-17 00:00:00+00:00,1.0687463214223598,0.0
2022-06-18 00:00:00+00:00,1.0805277524268855,0.011023599116436023
2022-06-19 00:00:00+00:00,1.0805277524268855,0.0
2022-06-20 00:00:00+00:00,1.0805277524268855,0.0
2022-06-21 00:00:00+00:00,1.0805277524268855,0.0
2022-06-22 00:00:00+00:00,1.0805277524268855,0.0
2022-06-23 00:00:00+00:00,1.0805277524268855,0.0
2022-06-24 00:00:00+00:00,1.0805277524268855,0.0
2022-06-25 00:00:00+00:00,1.0805277524268855,0.0
2022-06-26 00:00:00+00:00,1.0805277524268855,0.0
2022-06-27 00:00:00+00:00,1.0805277524268855,0.0
2022-06-28 00:00:00+00:00,1.0805277524268855,0.0
2022-06-29 00:00:00+00:00,1.0805277524268855,0.0
2022-06-30 00:00:00+00:00,1.0805277524268855,0.0
2022-07-01 00:00:00+00:00,1.0805277524268855,0.0
2022-07-02 00:00:00+00:00,1.0805277524268855,0.0
2022-07-03 00:00:00+00:00,1.0805277524268855,0.0
2022-07-04 00:00:00+00:00,1.0805277524268855,0.0
2022-07-05 00:00:00+00:00,1.0805277524268855,0.0
2022-07-06 00:00:00+00:00,1.0805277524268855,0.0
2022-07-07 00:00:00+00:00,1.0805277524268855,0.0
2022-07-08 00:00:00+00:00,1.0805277524268855,0.0
2022-07-09 00:00:00+00:00,1.0805277524268855,0.0
2022-07-10 00:00:00+00:00,1.0805277524268855,0.0
2022-07-11 00:00:00+00:00,1.0805277524268855,0.0
2022-07-12 00:00:00+00:00,1.0805277524268855,0.0
2022-07-13 00:00:00+00:00,1.0766392882681537,-0.003598671251153207
2022-07-14 00:00:00+00:00,1.0766392882681537,0.0
2022-07-15 00:00:00+00:00,1.0766392882681537,0.0
2022-07-16 00:00:00+00:00,1.0766392882681537,0.0
2022-07-17 00:00:00+00:00,1.0766392882681537,0.0
2022-07-18 00:00:00+00:00,1.0766392882681537,0.0
2022-07-19 00:00:00+00:00,1.0766392882681537,0.0
2022-07-20 00:00:00+00:00,1.0766392882681537,0.0
2022-07-21 00:00:00+00:00,1.0766392882681537,0.0
2022-07-22 00:00:00+00:00,1.0766392882681537,0.0
2022-07-23 00:00:00+00:00,1.0766392882681537,0.0
2022-07-24 00:00:00+00:00,1.0758441353771213,-0.0007385508774359062
2022-07-25 00:00:00+00:00,1.0758441353771213,0.0
2022-07-26 00:00:00+00:00,1.0758441353771213,0.0
2022-07-27 00:00:00+00:00,1.0758441353771213,0.0
2022-07-28 00:00:00+00:00,1.0758441353771213,0.0
2022-07-29 00:00:00+00:00,1.0758441353771213,0.0
2022-07-30 00:00:00+00:00,1.0758441353771213,0.0
2022-07-31 00:00:00+00:00,1.0758441353771213,0.0
2022-08-01 00:00:00+00:00,1.0758441353771213,0.0
2022-08-02 00:00:00+00:00,1.0758441353771213,0.0
2022-08-03 00:00:00+00:00,1.0758441353771213,0.0
2022-08-04 00:00:00+00:00,1.0758441353771213,0.0
2022-08-05 00:00:00+00:00,1.0758441353771213,0.0
2022-08-06 00:00:00+00:00,1.0758441353771213,0.0
2022-08-07 00:00:00+00:00,1.0758441353771213,0.0
2022-08-08 00:00:00+00:00,1.0758441353771213,0.0
2022-08-09 00:00:00+00:00,1.0758441353771213,0.0
2022-08-10 00:00:00+00:00,1.0758441353771213,0.0
2022-08-11 00:00:00+00:00,1.0758441353771213,0.0
2022-08-12 00:00:00+00:00,1.0758441353771213,0.0
2022-08-13 00:00:00+00:00,1.0758441353771213,0.0
2022-08-14 00:00:00+00:00,1.0758441353771213,0.0
2022-08-15 00:00:00+00:00,1.0758441353771213,0.0
2022-08-16 00:00:00+00:00,1.0758441353771213,0.0
2022-08-17 00:00:00+00:00,1.0758441353771213,0.0
2022-08-18 00:00:00+00:00,1.0770435200788269,0.0011148312866762211
2022-08-19 00:00:00+00:00,1.0793837750885777,0.002172850925819203
2022-08-20 00:00:00+00:00,1.0793837750885777,0.0
2022-08-21 00:00:00+00:00,1.0773482890486141,-0.0018857852850313606
2022-08-22 00:00:00+00:00,1.0773482890486141,0.0
2022-08-23 00:00:00+00:00,1.0773482890486141,0.0
2022-08-24 00:00:00+00:00,1.0773482890486141,0.0
2022-08-25 00:00:00+00:00,1.0773482890486141,0.0
2022-08-26 00:00:00+00:00,1.0773482890486141,0.0
2022-08-27 00:00:00+00:00,1.0773482890486141,0.0
2022-08-28 00:00:00+00:00,1.0773482890486141,0.0
2022-08-29 00:00:00+00:00,1.0773482890486141,0.0
2022-08-30 00:00:00+00:00,1.0773482890486141,0.0
2022-08-31 00:00:00+00:00,1.0773482890486141,0.0
2022-09-01 00:00:00+00:00,1.0758836545458013,-0.0013594809753735282
2022-09-02 00:00:00+00:00,1.0758836545458013,0.0
2022-09-03 00:00:00+00:00,1.0713634046748801,-0.004201430007624185
2022-09-04 00:00:00+00:00,1.0713634046748801,0.0
2022-09-05 00:00:00+00:00,1.0713634046748801,0.0
2022-09-06 00:00:00+00:00,1.0713634046748801,0.0
2022-09-07 00:00:00+00:00,1.0713634046748801,0.0
2022-09-08 00:00:00+00:00,1.0713634046748801,0.0
2022-09-09 00:00:00+00:00,1.0713634046748801,0.0
2022-09-10 00:00:00+00:00,1.0713634046748801,0.0
2022-09-11 00:00:00+00:00,1.0721951641437972,0.0007763560574196582
2022-09-12 00:00:00+00:00,1.070511442304216,-0.0015703501525544672
2022-09-13 00:00:00+00:00,1.0860847561783245,0.01454754546162329
2022-09-14 00:00:00+00:00,1.0860847561783245,0.0
2022-09-15 00:00:00+00:00,1.0860847561783245,0.0
2022-09-16 00:00:00+00:00,1.0860847561783245,0.0
2022-09-17 00:00:00+00:00,1.0860847561783245,0.0
2022-09-18 00:00:00+00:00,1.087534343717979,0.001334690991111387
2022-09-19 00:00:00+00:00,1.087534343717979,0.0
2022-09-20 00:00:00+00:00,1.087534343717979,0.0
2022-09-21 00:00:00+00:00,1.0771664929046874,-0.009533354852819476
2022-09-22 00:00:00+00:00,1.0771664929046874,0.0
2022-09-23 00:00:00+00:00,1.0771664929046874,0.0
2022-09-24 00:00:00+00:00,1.0771664929046874,0.0
2022-09-25 00:00:00+00:00,1.0771664929046874,0.0
2022-09-26 00:00:00+00:00,1.0771664929046874,0.0
2022-09-27 00:00:00+00:00,1.0771664929046874,0.0
2022-09-28 00:00:00+00:00,1.0771664929046874,0.0
2022-09-29 00:00:00+00:00,1.0771664929046874,0.0
2022-09-30 00:00:00+00:00,1.0762246720559239,-0.0008743503023601606
2022-10-01 00:00:00+00:00,1.0762246720559239,0.0
2022-10-02 00:00:00+00:00,1.0762246720559239,0.0
2022-10-03 00:00:00+00:00,1.0762246720559239,0.0
2022-10-04 00:00:00+00:00,1.0762246720559239,0.0
2022-10-05 00:00:00+00:00,1.0762246720559239,0.0
2022-10-06 00:00:00+00:00,1.0762246720559239,0.0
2022-10-07 00:00:00+00:00,1.0762246720559239,0.0
2022-10-08 00:00:00+00:00,1.0762246720559239,0.0
2022-10-09 00:00:00+00:00,1.0762246720559239,0.0
2022-10-10 00:00:00+00:00,1.0762246720559239,0.0
2022-10-11 00:00:00+00:00,1.0762246720559239,0.0
2022-10-12 00:00:00+00:00,1.0762246720559239,0.0
2022-10-13 00:00:00+00:00,1.087364168060847,0.01035053023235677
2022-10-14 00:00:00+00:00,1.087364168060847,0.0
2022-10-15 00:00:00+00:00,1.087364168060847,0.0
2022-10-16 00:00:00+00:00,1.087364168060847,0.0
2022-10-17 00:00:00+00:00,1.087364168060847,0.0
2022-10-18 00:00:00+00:00,1.087364168060847,0.0
2022-10-19 00:00:00+00:00,1.087364168060847,0.0
2022-10-20 00:00:00+00:00,1.087364168060847,0.0
2022-10-21 00:00:00+00:00,1.087364168060847,0.0
2022-10-22 00:00:00+00:00,1.087364168060847,0.0
2022-10-23 00:00:00+00:00,1.087364168060847,0.0
2022-10-24 00:00:00+00:00,1.087364168060847,0.0
2022-10-25 00:00:00+00:00,1.0883061226502888,0.0008662733397970523
2022-10-26 00:00:00+00:00,1.0883061226502888,0.0
2022-10-27 00:00:00+00:00,1.0883061226502888,0.0
2022-10-28 00:00:00+00:00,1.0883061226502888,0.0
2022-10-29 00:00:00+00:00,1.0883061226502888,0.0
2022-10-30 00:00:00+00:00,1.0883061226502888,0.0
2022-10-31 00:00:00+00:00,1.0883061226502888,0.0
2022-11-01 00:00:00+00:00,1.0883061226502888,0.0
2022-11-02 00:00:00+00:00,1.0883061226502888,0.0
2022-11-03 00:00:00+00:00,1.0883061226502888,0.0
2022-11-04 00:00:00+00:00,1.0883061226502888,0.0
2022-11-05 00:00:00+00:00,1.0883061226502888,0.0
2022-11-06 00:00:00+00:00,1.0883061226502888,0.0
2022-11-07 00:00:00+00:00,1.0883061226502888,0.0
2022-11-08 00:00:00+00:00,1.1654494857827784,0.07088388232589082
2022-11-09 00:00:00+00:00,1.1688061859260015,0.0028801764333599156
2022-11-10 00:00:00+00:00,1.1787520879348958,0.00850945360202271
2022-11-11 00:00:00+00:00,1.1825441355023125,0.0032170017819947994
2022-11-12 00:00:00+00:00,1.1825441355023125,0.0
2022-11-13 00:00:00+00:00,1.1862989876779573,0.0031752321650555526
2022-11-14 00:00:00+00:00,1.1797036678432486,-0.005559576382694331
2022-11-15 00:00:00+00:00,1.1797036678432486,0.0
2022-11-16 00:00:00+00:00,1.1815775787527625,0.0015884590008437005
2022-11-17 00:00:00+00:00,1.1854249073869028,0.0032560948204529705
2022-11-18 00:00:00+00:00,1.1850171212187617,-0.00034400000000001096
2022-11-19 00:00:00+00:00,1.1850171212187617,0.0
2022-11-20 00:00:00+00:00,1.1850171212187617,0.0
2022-11-21 00:00:00+00:00,1.1850171212187617,0.0
2022-11-22 00:00:00+00:00,1.1850171212187617,0.0
2022-11-23 00:00:00+00:00,1.1850171212187617,0.0
2022-11-24 00:00:00+00:00,1.1810239686603925,-0.003369700308010981
2022-11-25 00:00:00+00:00,1.1796639156182673,-0.0011515880102482834
2022-11-26 00:00:00+00:00,1.1816769648783318,0.001706459978484176
2022-11-27 00:00:00+00:00,1.1816769648783318,0.0
2022-11-28 00:00:00+00:00,1.1816769648783318,0.0
2022-11-29 00:00:00+00:00,1.1816769648783318,0.0
2022-11-30 00:00:00+00:00,1.1840648865215797,0.0020207905495506218
2022-12-01 00:00:00+00:00,1.1822117065645257,-0.001565100002667963
2022-12-02 00:00:00+00:00,1.1817210887063014,-0.0004149999999999432
2022-12-03 00:00:00+00:00,1.1817210887063014,0.0
2022-12-04 00:00:00+00:00,1.1797716725368625,-0.001649641516995426
2022-12-05 00:00:00+00:00,1.1797716725368625,0.0
2022-12-06 00:00:00+00:00,1.1797716725368625,0.0
2022-12-07 00:00:00+00:00,1.1813136143771346,0.0013069832715650875
2022-12-08 00:00:00+00:00,1.1813136143771346,0.0
2022-12-09 00:00:00+00:00,1.1799157305948378,-0.0011833299517451934
2022-12-10 00:00:00+00:00,1.1799157305948378,0.0
2022-12-11 00:00:00+00:00,1.1794815216059789,-0.00036800000000003497
2022-12-12 00:00:00+00:00,1.1794815216059789,0.0
2022-12-13 00:00:00+00:00,1.1798954163857343,0.00035091247482355037
2022-12-14 00:00:00+00:00,1.1798954163857343,0.0
2022-12-15 00:00:00+00:00,1.1799348018814753,3.338049728318637e-05
2022-12-16 00:00:00+00:00,1.177713488791009,-0.0018825727378531942
2022-12-17 00:00:00+00:00,1.177713488791009,0.0
2022-12-18 00:00:00+00:00,1.189559863028331,0.01005879133598353
2022-12-19 00:00:00+00:00,1.1844572937067641,-0.0042894598919780424
2022-12-20 00:00:00+00:00,1.1844572937067641,0.0
2022-12-21 00:00:00+00:00,1.1844572937067641,0.0
2022-12-22 00:00:00+00:00,1.1844572937067641,0.0
2022-12-23 00:00:00+00:00,1.1844572937067641,0.0
2022-12-24 00:00:00+00:00,1.1844572937067641,0.0
2022-12-25 00:00:00+00:00,1.1844572937067641,0.0
2022-12-26 00:00:00+00:00,1.1844572937067641,0.0
2022-12-27 00:00:00+00:00,1.1844572937067641,0.0
2022-12-28 00:00:00+00:00,1.184033257995617,-0.0003580000000000805
2022-12-29 00:00:00+00:00,1.1816026272104299,-0.0020528399593283675
2022-12-30 00:00:00+00:00,1.1816026272104299,0.0
2022-12-31 00:00:00+00:00,1.1816026272104299,0.0
2023-01-01 00:00:00+00:00,1.1816026272104299,0.0
2023-01-02 00:00:00+00:00,1.1751683599575014,-0.005445373177714319
2023-01-03 00:00:00+00:00,1.1819395373370576,0.005761878561639566
2023-01-04 00:00:00+00:00,1.1819395373370576,0.0
2023-01-05 00:00:00+00:00,1.1819395373370576,0.0
2023-01-06 00:00:00+00:00,1.1819395373370576,0.0
2023-01-07 00:00:00+00:00,1.1819395373370576,0.0
2023-01-08 00:00:00+00:00,1.1819395373370576,0.0
2023-01-09 00:00:00+00:00,1.1819395373370576,0.0
2023-01-10 00:00:00+00:00,1.1834158096948921,0.0012490252768433407
2023-01-11 00:00:00+00:00,1.1834158096948921,0.0
2023-01-12 00:00:00+00:00,1.1825807417140433,-0.0007056420693452026
2023-01-13 00:00:00+00:00,1.1825807417140433,0.0
2023-01-14 00:00:00+00:00,1.175053913538463,-0.006364747801212101
2023-01-15 00:00:00+00:00,1.175053913538463,0.0
2023-01-16 00:00:00+00:00,1.1768956801736654,0.0015673890482661434
2023-01-17 00:00:00+00:00,1.1768956801736654,0.0
2023-01-18 00:00:00+00:00,1.1883075878093667,0.0096966178293878
2023-01-19 00:00:00+00:00,1.1883075878093667,0.0
2023-01-20 00:00:00+00:00,1.1883075878093667,0.0
2023-01-21 00:00:00+00:00,1.191997142642811,0.0031048819946071227
2023-01-22 00:00:00+00:00,1.191997142642811,0.0
2023-01-23 00:00:00+00:00,1.191997142642811,0.0
2023-01-24 00:00:00+00:00,1.2015351798111609,0.008001728214887205
2023-01-25 00:00:00+00:00,1.2015351798111609,0.0
2023-01-26 00:00:00+00:00,1.2015351798111609,0.0
2023-01-27 00:00:00+00:00,1.2015351798111609,0.0
2023-01-28 00:00:00+00:00,1.200927422088537,-0.0005058176679598736
2023-01-29 00:00:00+00:00,1.200927422088537,0.0
2023-01-30 00:00:00+00:00,1.200099991848691,-0.0006889927106561444
2023-01-31 00:00:00+00:00,1.200893383656336,0.0006611047521323243
2023-02-01 00:00:00+00:00,1.2011528397704236,0.00021605258020307438
2023-02-02 00:00:00+00:00,1.2011528397704236,0.0
2023-02-03 00:00:00+00:00,1.2011528397704236,0.0
2023-02-04 00:00:00+00:00,1.2011528397704236,0.0
2023-02-05 00:00:00+00:00,1.2095615285327528,0.0070005152416210414
2023-02-06 00:00:00+00:00,1.2095615285327528,0.0
2023-02-07 00:00:00+00:00,1.2095615285327528,0.0
2023-02-08 00:00:00+00:00,1.2095615285327528,0.0
2023-02-09 00:00:00+00:00,1.2201149260616049,0.008724977836930492
2023-02-10 00:00:00+00:00,1.2201149260616049,0.0
2023-02-11 00:00:00+00:00,1.2201149260616049,0.0
2023-02-12 00:00:00+00:00,1.2201149260616049,0.0
2023-02-13 00:00:00+00:00,1.2201149260616049,0.0
2023-02-14 00:00:00+00:00,1.2201149260616049,0.0
2023-02-15 00:00:00+00:00,1.2201149260616049,0.0
2023-02-16 00:00:00+00:00,1.2201149260616049,0.0
2023-02-17 00:00:00+00:00,1.2201149260616049,0.0
2023-02-18 00:00:00+00:00,1.2201149260616049,0.0
2023-02-19 00:00:00+00:00,1.2201149260616049,0.0
2023-02-20 00:00:00+00:00,1.2201149260616049,0.0
2023-02-21 00:00:00+00:00,1.2201149260616049,0.0
2023-02-22 00:00:00+00:00,1.2201149260616049,0.0
2023-02-23 00:00:00+00:00,1.2201149260616049,0.0
2023-02-24 00:00:00+00:00,1.2201149260616049,0.0
2023-02-25 00:00:00+00:00,1.2201149260616049,0.0
2023-02-26 00:00:00+00:00,1.2201149260616049,0.0
2023-02-27 00:00:00+00:00,1.2201149260616049,0.0
2023-02-28 00:00:00+00:00,1.2201149260616049,0.0
2023-03-01 00:00:00+00:00,1.2201149260616049,0.0
2023-03-02 00:00:00+00:00,1.2201149260616049,0.0
2023-03-03 00:00:00+00:00,1.2450110082258743,0.020404702567348387
2023-03-04 00:00:00+00:00,1.2450110082258743,0.0
2023-03-05 00:00:00+00:00,1.2450110082258743,0.0
2023-03-06 00:00:00+00:00,1.2450110082258743,0.0
2023-03-07 00:00:00+00:00,1.2415802076429183,-0.0027556387536241678
2023-03-08 00:00:00+00:00,1.2415802076429183,0.0
2023-03-09 00:00:00+00:00,1.2415802076429183,0.0
2023-03-10 00:00:00+00:00,1.2415802076429183,0.0
2023-03-11 00:00:00+00:00,1.2415802076429183,0.0
2023-03-12 00:00:00+00:00,1.2477533350661778,0.004971992453857599
2023-03-13 00:00:00+00:00,1.252816783534791,0.004058052442187821
2023-03-14 00:00:00+00:00,1.246564796725513,-0.004990344072209996
2023-03-15 00:00:00+00:00,1.246564796725513,0.0
2023-03-16 00:00:00+00:00,1.246564796725513,0.0
2023-03-17 00:00:00+00:00,1.246564796725513,0.0
2023-03-18 00:00:00+00:00,1.246564796725513,0.0
2023-03-19 00:00:00+00:00,1.246564796725513,0.0
2023-03-20 00:00:00+00:00,1.246564796725513,0.0
2023-03-21 00:00:00+00:00,1.246564796725513,0.0
2023-03-22 00:00:00+00:00,1.246564796725513,0.0
2023-03-23 00:00:00+00:00,1.246564796725513,0.0
2023-03-24 00:00:00+00:00,1.2470153482358637,0.00036143448903280806
2023-03-25 00:00:00+00:00,1.2470153482358637,0.0
2023-03-26 00:00:00+00:00,1.2470153482358637,0.0
2023-03-27 00:00:00+00:00,1.2470153482358637,0.0
2023-03-28 00:00:00+00:00,1.2470153482358637,0.0
2023-03-29 00:00:00+00:00,1.2470153482358637,0.0
2023-03-30 00:00:00+00:00,1.2470153482358637,0.0
2023-03-31 00:00:00+00:00,1.2470153482358637,0.0
2023-04-01 00:00:00+00:00,1.2470153482358637,0.0
2023-04-02 00:00:00+00:00,1.2470153482358637,0.0
2023-04-03 00:00:00+00:00,1.2391795785351996,-0.0062836192928573675
2023-04-04 00:00:00+00:00,1.2391795785351996,0.0
2023-04-05 00:00:00+00:00,1.2391795785351996,0.0
2023-04-06 00:00:00+00:00,1.2391795785351996,0.0
2023-04-07 00:00:00+00:00,1.2391795785351996,0.0
2023-04-08 00:00:00+00:00,1.2391795785351996,0.0
2023-04-09 00:00:00+00:00,1.2391795785351996,0.0
2023-04-10 00:00:00+00:00,1.2391795785351996,0.0
2023-04-11 00:00:00+00:00,1.2391795785351996,0.0
2023-04-12 00:00:00+00:00,1.2391795785351996,0.0
2023-04-13 00:00:00+00:00,1.2391795785351996,0.0
2023-04-14 00:00:00+00:00,1.2391795785351996,0.0
2023-04-15 00:00:00+00:00,1.2391795785351996,0.0
2023-04-16 00:00:00+00:00,1.2391795785351996,0.0
2023-04-17 00:00:00+00:00,1.2391795785351996,0.0
2023-04-18 00:00:00+00:00,1.2391795785351996,0.0
2023-04-19 00:00:00+00:00,1.259507778472605,0.016404563381713366
2023-04-20 00:00:00+00:00,1.259507778472605,0.0
2023-04-21 00:00:00+00:00,1.260052765316956,0.00043269827599790034
2023-04-22 00:00:00+00:00,1.260052765316956,0.0
2023-04-23 00:00:00+00:00,1.260052765316956,0.0
2023-04-24 00:00:00+00:00,1.260052765316956,0.0
2023-04-25 00:00:00+00:00,1.260052765316956,0.0
2023-04-26 00:00:00+00:00,1.260052765316956,0.0
2023-04-27 00:00:00+00:00,1.260052765316956,0.0
2023-04-28 00:00:00+00:00,1.260052765316956,0.0
2023-04-29 00:00:00+00:00,1.260052765316956,0.0
2023-04-30 00:00:00+00:00,1.260052765316956,0.0
2023-05-01 00:00:00+00:00,1.260052765316956,0.0
2023-05-02 00:00:00+00:00,1.260052765316956,0.0
2023-05-03 00:00:00+00:00,1.260052765316956,0.0
2023-05-04 00:00:00+00:00,1.260052765316956,0.0
2023-05-05 00:00:00+00:00,1.260052765316956,0.0
2023-05-06 00:00:00+00:00,1.260052765316956,0.0
2023-05-07 00:00:00+00:00,1.260052765316956,0.0
2023-05-08 00:00:00+00:00,1.2481548155959596,-0.009442421816362234
2023-05-09 00:00:00+00:00,1.2481548155959596,0.0
2023-05-10 00:00:00+00:00,1.2481548155959596,0.0
2023-05-11 00:00:00+00:00,1.2481548155959596,0.0
2023-05-12 00:00:00+00:00,1.2481548155959596,0.0
2023-05-13 00:00:00+00:00,1.2481548155959596,0.0
2023-05-14 00:00:00+00:00,1.2481548155959596,0.0
2023-05-15 00:00:00+00:00,1.2481548155959596,0.0
2023-05-16 00:00:00+00:00,1.2481548155959596,0.0
2023-05-17 00:00:00+00:00,1.2481548155959596,0.0
2023-05-18 00:00:00+00:00,1.2481548155959596,0.0
2023-05-19 00:00:00+00:00,1.2481548155959596,0.0
2023-05-20 00:00:00+00:00,1.2481548155959596,0.0
2023-05-21 00:00:00+00:00,1.2481548155959596,0.0
2023-05-22 00:00:00+00:00,1.2481548155959596,0.0
2023-05-23 00:00:00+00:00,1.2481548155959596,0.0
2023-05-24 00:00:00+00:00,1.2481548155959596,0.0
2023-05-25 00:00:00+00:00,1.2481548155959596,0.0
2023-05-26 00:00:00+00:00,1.2481548155959596,0.0
2023-05-27 00:00:00+00:00,1.2481548155959596,0.0
2023-05-28 00:00:00+00:00,1.2481548155959596,0.0
2023-05-29 00:00:00+00:00,1.2481548155959596,0.0
2023-05-30 00:00:00+00:00,1.2481548155959596,0.0
2023-05-31 00:00:00+00:00,1.2481548155959596,0.0
2023-06-01 00:00:00+00:00,1.2481548155959596,0.0
2023-06-02 00:00:00+00:00,1.2481548155959596,0.0
2023-06-03 00:00:00+00:00,1.2481548155959596,0.0
2023-06-04 00:00:00+00:00,1.2481548155959596,0.0
2023-06-05 00:00:00+00:00,1.2944063615707642,0.03705593680918562
2023-06-06 00:00:00+00:00,1.2944063615707642,0.0
2023-06-07 00:00:00+00:00,1.2944063615707642,0.0
2023-06-08 00:00:00+00:00,1.2944063615707642,0.0
2023-06-09 00:00:00+00:00,1.2944063615707642,0.0
2023-06-10 00:00:00+00:00,1.2803351535099134,-0.010870780983937123
2023-06-11 00:00:00+00:00,1.2803351535099134,0.0
2023-06-12 00:00:00+00:00,1.2803351535099134,0.0
2023-06-13 00:00:00+00:00,1.2803351535099134,0.0
2023-06-14 00:00:00+00:00,1.2803351535099134,0.0
2023-06-15 00:00:00+00:00,1.2803351535099134,0.0
2023-06-16 00:00:00+00:00,1.2803351535099134,0.0
2023-06-17 00:00:00+00:00,1.2803351535099134,0.0
2023-06-18 00:00:00+00:00,1.2803351535099134,0.0
2023-06-19 00:00:00+00:00,1.2803351535099134,0.0
2023-06-20 00:00:00+00:00,1.2803351535099134,0.0
2023-06-21 00:00:00+00:00,1.2803351535099134,0.0
2023-06-22 00:00:00+00:00,1.2803351535099134,0.0
2023-06-23 00:00:00+00:00,1.2797221349119614,-0.0004787954124914062
2023-06-24 00:00:00+00:00,1.2797221349119614,0.0
2023-06-25 00:00:00+00:00,1.2797221349119614,0.0
2023-06-26 00:00:00+00:00,1.2797221349119614,0.0
2023-06-27 00:00:00+00:00,1.2797221349119614,0.0
2023-06-28 00:00:00+00:00,1.2797221349119614,0.0
2023-06-29 00:00:00+00:00,1.2797221349119614,0.0
2023-06-30 00:00:00+00:00,1.2797221349119614,0.0
2023-07-01 00:00:00+00:00,1.2797221349119614,0.0
2023-07-02 00:00:00+00:00,1.2797221349119614,0.0
2023-07-03 00:00:00+00:00,1.2797221349119614,0.0
2023-07-04 00:00:00+00:00,1.2797221349119614,0.0
2023-07-05 00:00:00+00:00,1.2839653494811354,0.0033157311680522827
2023-07-06 00:00:00+00:00,1.2839653494811354,0.0
2023-07-07 00:00:00+00:00,1.2839653494811354,0.0
2023-07-08 00:00:00+00:00,1.2839653494811354,0.0
2023-07-09 00:00:00+00:00,1.2839653494811354,0.0
2023-07-10 00:00:00+00:00,1.2839653494811354,0.0
2023-07-11 00:00:00+00:00,1.2839653494811354,0.0
2023-07-12 00:00:00+00:00,1.2839653494811354,0.0
2023-07-13 00:00:00+00:00,1.3131164556507886,0.02270396641267114
2023-07-14 00:00:00+00:00,1.3131164556507886,0.0
2023-07-15 00:00:00+00:00,1.3131164556507886,0.0
2023-07-16 00:00:00+00:00,1.3131164556507886,0.0
2023-07-17 00:00:00+00:00,1.3131164556507886,0.0
2023-07-18 00:00:00+00:00,1.3131164556507886,0.0
2023-07-19 00:00:00+00:00,1.3131164556507886,0.0
2023-07-20 00:00:00+00:00,1.3131164556507886,0.0
2023-07-21 00:00:00+00:00,1.3131164556507886,0.0
2023-07-22 00:00:00+00:00,1.3131164556507886,0.0
2023-07-23 00:00:00+00:00,1.3131164556507886,0.0
2023-07-24 00:00:00+00:00,1.3130261225482838,-6.879291026784529e-05
2023-07-25 00:00:00+00:00,1.3130261225482838,0.0
2023-07-26 00:00:00+00:00,1.3130261225482838,0.0
2023-07-27 00:00:00+00:00,1.3130261225482838,0.0
2023-07-28 00:00:00+00:00,1.3130261225482838,0.0
2023-07-29 00:00:00+00:00,1.3130261225482838,0.0
2023-07-30 00:00:00+00:00,1.3130261225482838,0.0
2023-07-31 00:00:00+00:00,1.3130261225482838,0.0
2023-08-01 00:00:00+00:00,1.3130261225482838,0.0
2023-08-02 00:00:00+00:00,1.3109458492447799,-0.0015843350469422202
2023-08-03 00:00:00+00:00,1.3109458492447799,0.0
2023-08-04 00:00:00+00:00,1.3109458492447799,0.0
2023-08-05 00:00:00+00:00,1.3109458492447799,0.0
2023-08-06 00:00:00+00:00,1.3109458492447799,0.0
2023-08-07 00:00:00+00:00,1.3109458492447799,0.0
2023-08-08 00:00:00+00:00,1.3109458492447799,0.0
2023-08-09 00:00:00+00:00,1.3109458492447799,0.0
2023-08-10 00:00:00+00:00,1.3109458492447799,0.0
2023-08-11 00:00:00+00:00,1.3109458492447799,0.0
2023-08-12 00:00:00+00:00,1.3109458492447799,0.0
2023-08-13 00:00:00+00:00,1.3109458492447799,0.0
2023-08-14 00:00:00+00:00,1.3109458492447799,0.0
2023-08-15 00:00:00+00:00,1.3255594721461628,0.011147388665825986
2023-08-16 00:00:00+00:00,1.3226456846044017,-0.0021981567805806623
2023-08-17 00:00:00+00:00,1.3448859015602024,0.016814946901257732
2023-08-18 00:00:00+00:00,1.3461365213305356,0.0009299077110425102
2023-08-19 00:00:00+00:00,1.3461365213305356,0.0
2023-08-20 00:00:00+00:00,1.3461365213305356,0.0
2023-08-21 00:00:00+00:00,1.3461365213305356,0.0
2023-08-22 00:00:00+00:00,1.3461365213305356,0.0
2023-08-23 00:00:00+00:00,1.3461365213305356,0.0
2023-08-24 00:00:00+00:00,1.3461365213305356,0.0
2023-08-25 00:00:00+00:00,1.3461365213305356,0.0
2023-08-26 00:00:00+00:00,1.3461365213305356,0.0
2023-08-27 00:00:00+00:00,1.3461365213305356,0.0
2023-08-28 00:00:00+00:00,1.3461365213305356,0.0
2023-08-29 00:00:00+00:00,1.343613784975795,-0.001874056839530014
2023-08-30 00:00:00+00:00,1.343613784975795,0.0
2023-08-31 00:00:00+00:00,1.343613784975795,0.0
2023-09-01 00:00:00+00:00,1.343613784975795,0.0
2023-09-02 00:00:00+00:00,1.343613784975795,0.0
2023-09-03 00:00:00+00:00,1.343613784975795,0.0
2023-09-04 00:00:00+00:00,1.3395597331676847,-0.0030172746465110256
2023-09-05 00:00:00+00:00,1.3395597331676847,0.0
2023-09-06 00:00:00+00:00,1.3395597331676847,0.0
2023-09-07 00:00:00+00:00,1.3395597331676847,0.0
2023-09-08 00:00:00+00:00,1.3395597331676847,0.0
2023-09-09 00:00:00+00:00,1.3395597331676847,0.0
2023-09-10 00:00:00+00:00,1.3391798026863457,-0.0002836233965024526
2023-09-11 00:00:00+00:00,1.3391798026863457,0.0
2023-09-12 00:00:00+00:00,1.3387673436776897,-0.0003079937494790963
2023-09-13 00:00:00+00:00,1.3387673436776897,0.0
2023-09-14 00:00:00+00:00,1.3379897093586777,-0.0005808584461552968
2023-09-15 00:00:00+00:00,1.3379897093586777,0.0
2023-09-16 00:00:00+00:00,1.3379897093586777,0.0
2023-09-17 00:00:00+00:00,1.3379897093586777,0.0
2023-09-18 00:00:00+00:00,1.3371796986948195,-0.0006053937920392771
2023-09-19 00:00:00+00:00,1.3371796986948195,0.0
2023-09-20 00:00:00+00:00,1.3371796986948195,0.0
2023-09-21 00:00:00+00:00,1.3371796986948195,0.0
2023-09-22 00:00:00+00:00,1.3371796986948195,0.0
2023-09-23 00:00:00+00:00,1.3371796986948195,0.0
2023-09-24 00:00:00+00:00,1.337150730082603,-2.166396352309974e-05
2023-09-25 00:00:00+00:00,1.337150730082603,0.0
2023-09-26 00:00:00+00:00,1.337150730082603,0.0
2023-09-27 00:00:00+00:00,1.337150730082603,0.0
2023-09-28 00:00:00+00:00,1.337150730082603,0.0
2023-09-29 00:00:00+00:00,1.337150730082603,0.0
2023-09-30 00:00:00+00:00,1.337150730082603,0.0
2023-10-01 00:00:00+00:00,1.3351123007339494,-0.0015244574173981507
2023-10-02 00:00:00+00:00,1.332506782416086,-0.0019515349506037394
2023-10-03 00:00:00+00:00,1.3271689403407831,-0.004005864844923712
2023-10-04 00:00:00+00:00,1.3271689403407831,0.0
2023-10-05 00:00:00+00:00,1.3271689403407831,0.0
2023-10-06 00:00:00+00:00,1.3271689403407831,0.0
2023-10-07 00:00:00+00:00,1.3271689403407831,0.0
2023-10-08 00:00:00+00:00,1.3271689403407831,0.0
2023-10-09 00:00:00+00:00,1.3334160438416602,0.004707089889605998
2023-10-10 00:00:00+00:00,1.3334160438416602,0.0
2023-10-11 00:00:00+00:00,1.3313290596665845,-0.0015651410410983946
2023-10-12 00:00:00+00:00,1.3313290596665845,0.0
2023-10-13 00:00:00+00:00,1.3313290596665845,0.0
2023-10-14 00:00:00+00:00,1.3313290596665845,0.0
2023-10-15 00:00:00+00:00,1.3313290596665845,0.0
2023-10-16 00:00:00+00:00,1.3313290596665845,0.0
2023-10-17 00:00:00+00:00,1.3313290596665845,0.0
2023-10-18 00:00:00+00:00,1.3313290596665845,0.0
2023-10-19 00:00:00+00:00,1.3313290596665845,0.0
2023-10-20 00:00:00+00:00,1.3227600306917242,-0.006436447032115655
2023-10-21 00:00:00+00:00,1.3227600306917242,0.0
2023-10-22 00:00:00+00:00,1.3217089652187768,-0.0007946002665334406
2023-10-23 00:00:00+00:00,1.3424498574744845,0.015692480569861722
2023-10-24 00:00:00+00:00,1.3424498574744845,0.0
2023-10-25 00:00:00+00:00,1.3424498574744845,0.0
2023-10-26 00:00:00+00:00,1.3721924597151292,0.022155466049658346
2023-10-27 00:00:00+00:00,1.366183042781344,-0.004379427165073335
2023-10-28 00:00:00+00:00,1.366183042781344,0.0
2023-10-29 00:00:00+00:00,1.366183042781344,0.0
2023-10-30 00:00:00+00:00,1.3995230945835697,0.02440379565416828
2023-10-31 00:00:00+00:00,1.3962354031719844,-0.0023491512389537395
2023-11-01 00:00:00+00:00,1.3962354031719844,0.0
2023-11-02 00:00:00+00:00,1.3840761781281123,-0.008708578092382235
2023-11-03 00:00:00+00:00,1.380370372139445,-0.002677458110491693
2023-11-04 00:00:00+00:00,1.380370372139445,0.0
2023-11-05 00:00:00+00:00,1.380370372139445,0.0
2023-11-06 00:00:00+00:00,1.3915676177920504,0.008111769043007477
2023-11-07 00:00:00+00:00,1.398234141484317,0.004790657390292052
2023-11-08 00:00:00+00:00,1.4025865661664656,0.003112801034545143
2023-11-09 00:00:00+00:00,1.4748721678939545,0.05153735496345102
2023-11-10 00:00:00+00:00,1.4748721678939545,0.0
2023-11-11 00:00:00+00:00,1.4748721678939545,0.0
2023-11-12 00:00:00+00:00,1.4748721678939545,0.0
2023-11-13 00:00:00+00:00,1.4325256946857243,-0.02871196170763657
2023-11-14 00:00:00+00:00,1.4177330026706558,-0.010326301350087719
2023-11-15 00:00:00+00:00,1.4156500900787652,-0.001469185374091575
2023-11-16 00:00:00+00:00,1.4156500900787652,0.0
2023-11-17 00:00:00+00:00,1.4156500900787652,0.0
2023-11-18 00:00:00+00:00,1.4156500900787652,0.0
2023-11-19 00:00:00+00:00,1.4156500900787652,0.0
2023-11-20 00:00:00+00:00,1.418611581259198,0.0020919655225450917
2023-11-21 00:00:00+00:00,1.4189580238901034,0.0002442124648369681
2023-11-22 00:00:00+00:00,1.4189580238901034,0.0
2023-11-23 00:00:00+00:00,1.4189580238901034,0.0
2023-11-24 00:00:00+00:00,1.4189580238901034,0.0
2023-11-25 00:00:00+00:00,1.4189580238901034,0.0
2023-11-26 00:00:00+00:00,1.4189580238901034,0.0
2023-11-27 00:00:00+00:00,1.4189580238901034,0.0
2023-11-28 00:00:00+00:00,1.4189580238901034,0.0
2023-11-29 00:00:00+00:00,1.4189580238901034,0.0
2023-11-30 00:00:00+00:00,1.4189580238901034,0.0
2023-12-01 00:00:00+00:00,1.4189580238901034,0.0
2023-12-02 00:00:00+00:00,1.4189580238901034,0.0
2023-12-03 00:00:00+00:00,1.4189580238901034,0.0
2023-12-04 00:00:00+00:00,1.5138743754777233,0.06689158522632321
2023-12-05 00:00:00+00:00,1.5138743754777233,0.0
2023-12-06 00:00:00+00:00,1.5162866939130248,0.0015934733253810673
2023-12-07 00:00:00+00:00,1.5162866939130248,0.0
2023-12-08 00:00:00+00:00,1.5162866939130248,0.0
2023-12-09 00:00:00+00:00,1.5162866939130248,0.0
2023-12-10 00:00:00+00:00,1.5162866939130248,0.0
2023-12-11 00:00:00+00:00,1.5959022028029728,0.05250689675610554
2023-12-12 00:00:00+00:00,1.5956840421143157,-0.00013670053733494392
2023-12-13 00:00:00+00:00,1.5956840421143157,0.0
2023-12-14 00:00:00+00:00,1.6221153669574935,0.016564259681481674
2023-12-15 00:00:00+00:00,1.6221153669574935,0.0
2023-12-16 00:00:00+00:00,1.6221153669574935,0.0
2023-12-17 00:00:00+00:00,1.6221153669574935,0.0
2023-12-18 00:00:00+00:00,1.6221153669574935,0.0
2023-12-19 00:00:00+00:00,1.6221153669574935,0.0
2023-12-20 00:00:00+00:00,1.6221153669574935,0.0
2023-12-21 00:00:00+00:00,1.6217643576752574,-0.0002163898384702767
2023-12-22 00:00:00+00:00,1.6217643576752574,0.0
2023-12-23 00:00:00+00:00,1.6217643576752574,0.0
2023-12-24 00:00:00+00:00,1.6217643576752574,0.0
2023-12-25 00:00:00+00:00,1.6217643576752574,0.0
2023-12-26 00:00:00+00:00,1.6297323091282447,0.004913137605520701
2023-12-27 00:00:00+00:00,1.6297323091282447,0.0
2023-12-28 00:00:00+00:00,1.6478292287571308,0.011104228300269803
2023-12-29 00:00:00+00:00,1.6478292287571308,0.0
2023-12-30 00:00:00+00:00,1.6478292287571308,0.0
2023-12-31 00:00:00+00:00,1.7583778007521027,0.06708739599087754
2024-01-01 00:00:00+00:00,1.7583778007521027,0.0
2024-01-02 00:00:00+00:00,1.765910184357577,0.004283711726940975
2024-01-03 00:00:00+00:00,2.0109456524432994,0.13875873770718639
2024-01-04 00:00:00+00:00,2.0109456524432994,0.0
2024-01-05 00:00:00+00:00,2.0127483384548785,0.0008964369620774182
2024-01-06 00:00:00+00:00,2.0127483384548785,0.0
2024-01-07 00:00:00+00:00,2.0127483384548785,0.0
2024-01-08 00:00:00+00:00,2.0127483384548785,0.0
2024-01-09 00:00:00+00:00,2.006071239344025,-0.003317403861815782
2024-01-10 00:00:00+00:00,2.006071239344025,0.0
2024-01-11 00:00:00+00:00,2.006071239344025,0.0
2024-01-12 00:00:00+00:00,2.006071239344025,0.0
2024-01-13 00:00:00+00:00,2.006071239344025,0.0
2024-01-14 00:00:00+00:00,2.006071239344025,0.0
2024-01-15 00:00:00+00:00,2.006071239344025,0.0
2024-01-16 00:00:00+00:00,2.006071239344025,0.0
2024-01-17 00:00:00+00:00,2.006071239344025,0.0
2024-01-18 00:00:00+00:00,2.006071239344025,0.0
2024-01-19 00:00:00+00:00,2.006071239344025,0.0
2024-01-20 00:00:00+00:00,2.006071239344025,0.0
2024-01-21 00:00:00+00:00,2.006071239344025,0.0
2024-01-22 00:00:00+00:00,2.006071239344025,0.0
2024-01-23 00:00:00+00:00,2.006040605947201,-1.527034345705225e-05
2024-01-24 00:00:00+00:00,2.006040605947201,0.0
2024-01-25 00:00:00+00:00,2.006040605947201,0.0
2024-01-26 00:00:00+00:00,2.006040605947201,0.0
2024-01-27 00:00:00+00:00,2.006040605947201,0.0
2024-01-28 00:00:00+00:00,2.006040605947201,0.0
2024-01-29 00:00:00+00:00,2.006040605947201,0.0
2024-01-30 00:00:00+00:00,2.006040605947201,0.0
2024-01-31 00:00:00+00:00,2.006040605947201,0.0
2024-02-01 00:00:00+00:00,2.006040605947201,0.0
2024-02-02 00:00:00+00:00,2.006040605947201,0.0
2024-02-03 00:00:00+00:00,2.006040605947201,0.0
2024-02-04 00:00:00+00:00,2.006040605947201,0.0
2024-02-05 00:00:00+00:00,2.006040605947201,0.0
2024-02-06 00:00:00+00:00,2.006040605947201,0.0
2024-02-07 00:00:00+00:00,2.006040605947201,0.0
2024-02-08 00:00:00+00:00,2.006040605947201,0.0
2024-02-09 00:00:00+00:00,2.006040605947201,0.0
2024-02-10 00:00:00+00:00,2.006040605947201,0.0
2024-02-11 00:00:00+00:00,2.006040605947201,0.0
2024-02-12 00:00:00+00:00,2.006040605947201,0.0
2024-02-13 00:00:00+00:00,2.008237713018287,0.0010952455621149326
2024-02-14 00:00:00+00:00,2.008237713018287,0.0
2024-02-15 00:00:00+00:00,2.008237713018287,0.0
2024-02-16 00:00:00+00:00,2.008237713018287,0.0
2024-02-17 00:00:00+00:00,2.008237713018287,0.0
2024-02-18 00:00:00+00:00,2.008237713018287,0.0
2024-02-19 00:00:00+00:00,2.008237713018287,0.0
2024-02-20 00:00:00+00:00,2.0275892542334204,0.00963608097272961
2024-02-21 00:00:00+00:00,2.0275892542334204,0.0
2024-02-22 00:00:00+00:00,2.0275892542334204,0.0
2024-02-23 00:00:00+00:00,2.0275892542334204,0.0
2024-02-24 00:00:00+00:00,2.0275892542334204,0.0
2024-02-25 00:00:00+00:00,2.0275892542334204,0.0
2024-02-26 00:00:00+00:00,2.0275892542334204,0.0
2024-02-27 00:00:00+00:00,2.0275892542334204,0.0
2024-02-28 00:00:00+00:00,2.137931497127447,0.05442041215381366
2024-02-29 00:00:00+00:00,2.1232093150080154,-0.006886180468930969
2024-03-01 00:00:00+00:00,2.1232093150080154,0.0
2024-03-02 00:00:00+00:00,2.1232093150080154,0.0
2024-03-03 00:00:00+00:00,2.1722632575713496,0.0231036771629598
2024-03-04 00:00:00+00:00,2.18058524730987,0.0038310226486197863
2024-03-05 00:00:00+00:00,2.2381691502858034,0.02640754496847708
2024-03-06 00:00:00+00:00,2.2381691502858034,0.0
2024-03-07 00:00:00+00:00,2.2381691502858034,0.0
2024-03-08 00:00:00+00:00,2.2425506868124945,0.0019576431594241495
2024-03-09 00:00:00+00:00,2.2425506868124945,0.0
2024-03-10 00:00:00+00:00,2.2425506868124945,0.0
2024-03-11 00:00:00+00:00,2.2425506868124945,0.0
2024-03-12 00:00:00+00:00,2.2773291324388785,0.015508432353793067
2024-03-13 00:00:00+00:00,2.2773291324388785,0.0
2024-03-14 00:00:00+00:00,2.3202734441502653,0.01885731451799244
2024-03-15 00:00:00+00:00,2.3439857165356823,0.010219602540898265
2024-03-16 00:00:00+00:00,2.3439857165356823,0.0
2024-03-17 00:00:00+00:00,2.3439857165356823,0.0
2024-03-18 00:00:00+00:00,2.3439857165356823,0.0
2024-03-19 00:00:00+00:00,2.3439857165356823,0.0
2024-03-20 00:00:00+00:00,2.3439857165356823,0.0
2024-03-21 00:00:00+00:00,2.3439857165356823,0.0
2024-03-22 00:00:00+00:00,2.3439857165356823,0.0
2024-03-23 00:00:00+00:00,2.3439857165356823,0.0
2024-03-24 00:00:00+00:00,2.3439857165356823,0.0
2024-03-25 00:00:00+00:00,2.3439857165356823,0.0
2024-03-26 00:00:00+00:00,2.341554146637034,-0.0010373654930978526
2024-03-27 00:00:00+00:00,2.341554146637034,0.0
2024-03-28 00:00:00+00:00,2.341554146637034,0.0
2024-03-29 00:00:00+00:00,2.341554146637034,0.0
2024-03-30 00:00:00+00:00,2.341554146637034,0.0
2024-03-31 00:00:00+00:00,2.341554146637034,0.0
2024-04-01 00:00:00+00:00,2.3349464056584033,-0.0028219466921662884
2024-04-02 00:00:00+00:00,2.3349464056584033,0.0
2024-04-03 00:00:00+00:00,2.3349464056584033,0.0
2024-04-04 00:00:00+00:00,2.3349464056584033,0.0
2024-04-05 00:00:00+00:00,2.3349464056584033,0.0
2024-04-06 00:00:00+00:00,2.3349464056584033,0.0
2024-04-07 00:00:00+00:00,2.3349464056584033,0.0
2024-04-08 00:00:00+00:00,2.3349464056584033,0.0
2024-04-09 00:00:00+00:00,2.3349464056584033,0.0
2024-04-10 00:00:00+00:00,2.3349464056584033,0.0
2024-04-11 00:00:00+00:00,2.3206661437550893,-0.006115884231307378
2024-04-12 00:00:00+00:00,2.24243186643726,-0.03371199150224935
2024-04-13 00:00:00+00:00,2.2613741427909653,0.008447202627297923
2024-04-14 00:00:00+00:00,2.2613741427909653,0.0
2024-04-15 00:00:00+00:00,2.2613741427909653,0.0
2024-04-16 00:00:00+00:00,2.2613741427909653,0.0
2024-04-17 00:00:00+00:00,2.2613741427909653,0.0
2024-04-18 00:00:00+00:00,2.2613741427909653,0.0
2024-04-19 00:00:00+00:00,2.2613741427909653,0.0
2024-04-20 00:00:00+00:00,2.2613741427909653,0.0
2024-04-21 00:00:00+00:00,2.2613741427909653,0.0
2024-04-22 00:00:00+00:00,2.2613741427909653,0.0
2024-04-23 00:00:00+00:00,2.2613741427909653,0.0
2024-04-24 00:00:00+00:00,2.2613741427909653,0.0
2024-04-25 00:00:00+00:00,2.2613741427909653,0.0
2024-04-26 00:00:00+00:00,2.2613741427909653,0.0
2024-04-27 00:00:00+00:00,2.2613741427909653,0.0
2024-04-28 00:00:00+00:00,2.2613741427909653,0.0
2024-04-29 00:00:00+00:00,2.2613741427909653,0.0
2024-04-30 00:00:00+00:00,2.2613741427909653,0.0
2024-05-01 00:00:00+00:00,2.2631942963451115,0.0008048882843860738
2024-05-02 00:00:00+00:00,2.2631942963451115,0.0
2024-05-03 00:00:00+00:00,2.2631942963451115,0.0
2024-05-04 00:00:00+00:00,2.2631942963451115,0.0
2024-05-05 00:00:00+00:00,2.2631942963451115,0.0
2024-05-06 00:00:00+00:00,2.2631942963451115,0.0
2024-05-07 00:00:00+00:00,2.2631942963451115,0.0
2024-05-08 00:00:00+00:00,2.2631942963451115,0.0
2024-05-09 00:00:00+00:00,2.2631942963451115,0.0
2024-05-10 00:00:00+00:00,2.2631942963451115,0.0
2024-05-11 00:00:00+00:00,2.2631942963451115,0.0
2024-05-12 00:00:00+00:00,2.2631942963451115,0.0
2024-05-13 00:00:00+00:00,2.2631942963451115,0.0
2024-05-14 00:00:00+00:00,2.2631942963451115,0.0
2024-05-15 00:00:00+00:00,2.2631942963451115,0.0
2024-05-16 00:00:00+00:00,2.2631942963451115,0.0
2024-05-17 00:00:00+00:00,2.2631942963451115,0.0
2024-05-18 00:00:00+00:00,2.2631942963451115,0.0
2024-05-19 00:00:00+00:00,2.2631942963451115,0.0
2024-05-20 00:00:00+00:00,2.2631942963451115,0.0
2024-05-21 00:00:00+00:00,2.2631942963451115,0.0
2024-05-22 00:00:00+00:00,2.2631942963451115,0.0
2024-05-23 00:00:00+00:00,2.268382688396973,0.002292508451545938
2024-05-24 00:00:00+00:00,2.268382688396973,0.0
2024-05-25 00:00:00+00:00,2.268382688396973,0.0
2024-05-26 00:00:00+00:00,2.268382688396973,0.0
2024-05-27 00:00:00+00:00,2.268382688396973,0.0
2024-05-28 00:00:00+00:00,2.268382688396973,0.0
2024-05-29 00:00:00+00:00,2.268382688396973,0.0
2024-05-30 00:00:00+00:00,2.268382688396973,0.0
2024-05-31 00:00:00+00:00,2.268382688396973,0.0
2024-06-01 00:00:00+00:00,2.268382688396973,0.0
2024-06-02 00:00:00+00:00,2.268382688396973,0.0
2024-06-03 00:00:00+00:00,2.268382688396973,0.0
2024-06-04 00:00:00+00:00,2.268382688396973,0.0
2024-06-05 00:00:00+00:00,2.268382688396973,0.0
2024-06-06 00:00:00+00:00,2.268382688396973,0.0
2024-06-07 00:00:00+00:00,2.250446166452664,-0.007907185165914266
2024-06-08 00:00:00+00:00,2.250446166452664,0.0
2024-06-09 00:00:00+00:00,2.250446166452664,0.0
2024-06-10 00:00:00+00:00,2.23611682293828,-0.006367334499260968
2024-06-11 00:00:00+00:00,2.2299569139316575,-0.002754734879427456
2024-06-12 00:00:00+00:00,2.2299569139316575,0.0
2024-06-13 00:00:00+00:00,2.2299569139316575,0.0
2024-06-14 00:00:00+00:00,2.2299569139316575,0.0
2024-06-15 00:00:00+00:00,2.2299569139316575,0.0
2024-06-16 00:00:00+00:00,2.2299569139316575,0.0
2024-06-17 00:00:00+00:00,2.2299569139316575,0.0
2024-06-18 00:00:00+00:00,2.2593945774900748,0.013201001048273708
2024-06-19 00:00:00+00:00,2.2593945774900748,0.0
2024-06-20 00:00:00+00:00,2.2593945774900748,0.0
2024-06-21 00:00:00+00:00,2.2593945774900748,0.0
2024-06-22 00:00:00+00:00,2.2593945774900748,0.0
2024-06-23 00:00:00+00:00,2.2593945774900748,0.0
2024-06-24 00:00:00+00:00,2.2593945774900748,0.0
2024-06-25 00:00:00+00:00,2.2593945774900748,0.0
2024-06-26 00:00:00+00:00,2.2593945774900748,0.0
2024-06-27 00:00:00+00:00,2.2593945774900748,0.0
2024-06-28 00:00:00+00:00,2.2573232764008373,-0.0009167504914252556
2024-06-29 00:00:00+00:00,2.2573232764008373,0.0
2024-06-30 00:00:00+00:00,2.2573232764008373,0.0
2024-07-01 00:00:00+00:00,2.2513737763953365,-0.002635643759004158
2024-07-02 00:00:00+00:00,2.2523507297591636,0.00043393654757384326
2024-07-03 00:00:00+00:00,2.2523507297591636,0.0
2024-07-04 00:00:00+00:00,2.246674386121371,-0.0025201863825176085
2024-07-05 00:00:00+00:00,2.23120713924208,-0.006884507597023637
2024-07-06 00:00:00+00:00,2.23120713924208,0.0
2024-07-07 00:00:00+00:00,2.225200207574607,-0.002692233975870817
2024-07-08 00:00:00+00:00,2.2219053477074087,-0.0014807026603640416
2024-07-09 00:00:00+00:00,2.2219053477074087,0.0
2024-07-10 00:00:00+00:00,2.2219053477074087,0.0
2024-07-11 00:00:00+00:00,2.2195783283422426,-0.0010473080536789192
2024-07-12 00:00:00+00:00,2.2202599537882266,0.00030709681982399317
2024-07-13 00:00:00+00:00,2.2202599537882266,0.0
2024-07-14 00:00:00+00:00,2.2202599537882266,0.0
2024-07-15 00:00:00+00:00,2.2202599537882266,0.0
2024-07-16 00:00:00+00:00,2.217866383530658,-0.0010780585640365326
2024-07-17 00:00:00+00:00,2.217866383530658,0.0
2024-07-18 00:00:00+00:00,2.21561973569237,-0.0010129770913932523
2024-07-19 00:00:00+00:00,2.2143792422162356,-0.0005598855508238687
2024-07-20 00:00:00+00:00,2.2143792422162356,0.0
2024-07-21 00:00:00+00:00,2.2055779282849155,-0.00397461905509533
2024-07-22 00:00:00+00:00,2.2055779282849155,0.0
2024-07-23 00:00:00+00:00,2.203771160857995,-0.0008191809519627613
2024-07-24 00:00:00+00:00,2.2004599419524653,-0.0015025239300439086
2024-07-25 00:00:00+00:00,2.1991098794315382,-0.000613536513520474
2024-07-26 00:00:00+00:00,2.1991098794315382,0.0
2024-07-27 00:00:00+00:00,2.194118019455582,-0.0022699456824079034
2024-07-28 00:00:00+00:00,2.194118019455582,0.0
2024-07-29 00:00:00+00:00,2.194328689038953,9.601561151351135e-05
2024-07-30 00:00:00+00:00,2.1932688616535483,-0.0004829847919770591
2024-07-31 00:00:00+00:00,2.1923419194011853,-0.00042263047115165264
2024-08-01 00:00:00+00:00,2.1923419194011853,0.0
2024-08-02 00:00:00+00:00,2.1923419194011853,0.0
2024-08-03 00:00:00+00:00,2.1923419194011853,0.0
2024-08-04 00:00:00+00:00,2.1923419194011853,0.0
2024-08-05 00:00:00+00:00,2.2442537664782196,0.02367871845976177
2024-08-06 00:00:00+00:00,2.2442537664782196,0.0
2024-08-07 00:00:00+00:00,2.2442537664782196,0.0
2024-08-08 00:00:00+00:00,2.2442537664782196,0.0
2024-08-09 00:00:00+00:00,2.2442537664782196,0.0
2024-08-10 00:00:00+00:00,2.2442537664782196,0.0
2024-08-11 00:00:00+00:00,2.2442537664782196,0.0
2024-08-12 00:00:00+00:00,2.2442537664782196,0.0
2024-08-13 00:00:00+00:00,2.2442537664782196,0.0
2024-08-14 00:00:00+00:00,2.2442537664782196,0.0
2024-08-15 00:00:00+00:00,2.2442537664782196,0.0
2024-08-16 00:00:00+00:00,2.2442537664782196,0.0
2024-08-17 00:00:00+00:00,2.2442537664782196,0.0
2024-08-18 00:00:00+00:00,2.2442537664782196,0.0
2024-08-19 00:00:00+00:00,2.2442537664782196,0.0
2024-08-20 00:00:00+00:00,2.2442537664782196,0.0
2024-08-21 00:00:00+00:00,2.2442537664782196,0.0
2024-08-22 00:00:00+00:00,2.2442537664782196,0.0
2024-08-23 00:00:00+00:00,2.2442537664782196,0.0
2024-08-24 00:00:00+00:00,2.2442537664782196,0.0
2024-08-25 00:00:00+00:00,2.2442537664782196,0.0
2024-08-26 00:00:00+00:00,2.2442537664782196,0.0
2024-08-27 00:00:00+00:00,2.2442537664782196,0.0
2024-08-28 00:00:00+00:00,2.2442537664782196,0.0
2024-08-29 00:00:00+00:00,2.2442537664782196,0.0
2024-08-30 00:00:00+00:00,2.2442537664782196,0.0
2024-08-31 00:00:00+00:00,2.2442537664782196,0.0
2024-09-01 00:00:00+00:00,2.2420412717320506,-0.0009858487392185866
2024-09-02 00:00:00+00:00,2.2410346242544112,-0.000448987041555049
2024-09-03 00:00:00+00:00,2.2410346242544112,0.0
2024-09-04 00:00:00+00:00,2.2299143024740387,-0.0049621374252851735
2024-09-05 00:00:00+00:00,2.2299143024740387,0.0
2024-09-06 00:00:00+00:00,2.2258089992604555,-0.001841013894134158
2024-09-07 00:00:00+00:00,2.2258089992604555,0.0
2024-09-08 00:00:00+00:00,2.2256692414961146,-6.278964834238732e-05
2024-09-09 00:00:00+00:00,2.2256692414961146,0.0
2024-09-10 00:00:00+00:00,2.2256692414961146,0.0
2024-09-11 00:00:00+00:00,2.225341316014939,-0.0001473379220333637
2024-09-12 00:00:00+00:00,2.225341316014939,0.0
2024-09-13 00:00:00+00:00,2.2186651600227867,-0.0030000593365639983
2024-09-14 00:00:00+00:00,2.2186651600227867,0.0
2024-09-15 00:00:00+00:00,2.2122102707299747,-0.002909357125680745
2024-09-16 00:00:00+00:00,2.2122102707299747,0.0
2024-09-17 00:00:00+00:00,2.2069422190086128,-0.002381352166683337
2024-09-18 00:00:00+00:00,2.2082264191230943,0.000581891135807977
2024-09-19 00:00:00+00:00,2.2082264191230943,0.0
2024-09-20 00:00:00+00:00,2.2033277605072676,-0.0022183679053038308
2024-09-21 00:00:00+00:00,2.2033277605072676,0.0
2024-09-22 00:00:00+00:00,2.2034902230424414,7.373507386687628e-05
2024-09-23 00:00:00+00:00,2.2034902230424414,0.0
2024-09-24 00:00:00+00:00,2.202465624082096,-0.00046498911119774444
2024-09-25 00:00:00+00:00,2.2016805650750357,-0.00035644552109059813
2024-09-26 00:00:00+00:00,2.2023464653250757,0.00030245089165203964
2024-09-27 00:00:00+00:00,2.2023464653250757,0.0
2024-09-28 00:00:00+00:00,2.2023464653250757,0.0
2024-09-29 00:00:00+00:00,2.2023464653250757,0.0
2024-09-30 00:00:00+00:00,2.1893354793797286,-0.00590778342563214
2024-10-01 00:00:00+00:00,2.1893354793797286,0.0
2024-10-02 00:00:00+00:00,2.1893354793797286,0.0
2024-10-03 00:00:00+00:00,2.1893354793797286,0.0
2024-10-04 00:00:00+00:00,2.1893354793797286,0.0
2024-10-05 00:00:00+00:00,2.1893354793797286,0.0
2024-10-06 00:00:00+00:00,2.1893354793797286,0.0
2024-10-07 00:00:00+00:00,2.1893354793797286,0.0
2024-10-08 00:00:00+00:00,2.1893354793797286,0.0
2024-10-09 00:00:00+00:00,2.1893354793797286,0.0
2024-10-10 00:00:00+00:00,2.1893354793797286,0.0
2024-10-11 00:00:00+00:00,2.1893354793797286,0.0
2024-10-12 00:00:00+00:00,2.1893354793797286,0.0
2024-10-13 00:00:00+00:00,2.1893354793797286,0.0
2024-10-14 00:00:00+00:00,2.1893354793797286,0.0
2024-10-15 00:00:00+00:00,2.1893354793797286,0.0
2024-10-16 00:00:00+00:00,2.1893354793797286,0.0
2024-10-17 00:00:00+00:00,2.1893354793797286,0.0
2024-10-18 00:00:00+00:00,2.1857772650289364,-0.0016252485671133243
2024-10-19 00:00:00+00:00,2.1857772650289364,0.0
2024-10-20 00:00:00+00:00,2.1857772650289364,0.0
2024-10-21 00:00:00+00:00,2.1857772650289364,0.0
2024-10-22 00:00:00+00:00,2.1857772650289364,0.0
2024-10-23 00:00:00+00:00,2.1857772650289364,0.0
2024-10-24 00:00:00+00:00,2.1857772650289364,0.0
2024-10-25 00:00:00+00:00,2.1857772650289364,0.0
2024-10-26 00:00:00+00:00,2.1857772650289364,0.0
2024-10-27 00:00:00+00:00,2.1857772650289364,0.0
2024-10-28 00:00:00+00:00,2.1857772650289364,0.0
2024-10-29 00:00:00+00:00,2.1857772650289364,0.0
2024-10-30 00:00:00+00:00,2.1857772650289364,0.0
2024-10-31 00:00:00+00:00,2.1857772650289364,0.0
2024-11-01 00:00:00+00:00,2.1857772650289364,0.0
2024-11-02 00:00:00+00:00,2.1857772650289364,0.0
2024-11-03 00:00:00+00:00,2.1857772650289364,0.0
2024-11-04 00:00:00+00:00,2.1857772650289364,0.0
2024-11-05 00:00:00+00:00,2.1857772650289364,0.0
2024-11-06 00:00:00+00:00,2.1857772650289364,0.0
2024-11-07 00:00:00+00:00,2.1857772650289364,0.0
2024-11-08 00:00:00+00:00,2.1857772650289364,0.0
2024-11-09 00:00:00+00:00,2.1857772650289364,0.0
2024-11-10 00:00:00+00:00,2.1857772650289364,0.0
2024-11-11 00:00:00+00:00,2.1857772650289364,0.0
2024-11-12 00:00:00+00:00,2.2249584116069077,0.01792549826775347
2024-11-13 00:00:00+00:00,2.2307804146016594,0.002616679468874672
2024-11-14 00:00:00+00:00,2.2307804146016594,0.0
2024-11-15 00:00:00+00:00,2.2307804146016594,0.0
2024-11-16 00:00:00+00:00,2.231941748203053,0.0005205952113402912
2024-11-17 00:00:00+00:00,2.231941748203053,0.0
2024-11-18 00:00:00+00:00,2.231941748203053,0.0
2024-11-19 00:00:00+00:00,2.231941748203053,0.0
2024-11-20 00:00:00+00:00,2.231941748203053,0.0
2024-11-21 00:00:00+00:00,2.231941748203053,0.0
2024-11-22 00:00:00+00:00,2.231941748203053,0.0
2024-11-23 00:00:00+00:00,2.2337079148788037,0.0007913139655963963
2024-11-24 00:00:00+00:00,2.2337079148788037,0.0
2024-11-25 00:00:00+00:00,2.2337079148788037,0.0
2024-11-26 00:00:00+00:00,2.2337079148788037,0.0
2024-11-27 00:00:00+00:00,2.2337079148788037,0.0
2024-11-28 00:00:00+00:00,2.2337079148788037,0.0
2024-11-29 00:00:00+00:00,2.2337079148788037,0.0
2024-11-30 00:00:00+00:00,2.2337079148788037,0.0
2024-12-01 00:00:00+00:00,2.2337079148788037,0.0
2024-12-02 00:00:00+00:00,2.4392133485885727,0.09200192753085146
2024-12-03 00:00:00+00:00,2.4392133485885727,0.0
2024-12-04 00:00:00+00:00,2.4392133485885727,0.0
2024-12-05 00:00:00+00:00,2.4568305077544057,0.0072224757116989835
2024-12-06 00:00:00+00:00,2.460883771499653,0.0016497938024027103
2024-12-07 00:00:00+00:00,2.460883771499653,0.0
2024-12-08 00:00:00+00:00,2.460883771499653,0.0
2024-12-09 00:00:00+00:00,2.70673606060131,0.0999040637144093
2024-12-10 00:00:00+00:00,2.70673606060131,0.0
2024-12-11 00:00:00+00:00,2.70673606060131,0.0
2024-12-12 00:00:00+00:00,2.70673606060131,0.0
2024-12-13 00:00:00+00:00,2.70673606060131,0.0
2024-12-14 00:00:00+00:00,2.70673606060131,0.0
2024-12-15 00:00:00+00:00,2.7067715410321864,1.3108197504996255e-05
2024-12-16 00:00:00+00:00,2.7038655842692574,-0.001073587747941529
2024-12-17 00:00:00+00:00,2.7038655842692574,0.0
2024-12-18 00:00:00+00:00,2.7291687296176512,0.009358137288925983
2024-12-19 00:00:00+00:00,2.734486460041955,0.0019484799040068168
2024-12-20 00:00:00+00:00,2.74133512440433,0.002504552303495222
2024-12-21 00:00:00+00:00,2.74133512440433,0.0
2024-12-22 00:00:00+00:00,2.74133512440433,0.0
2024-12-23 00:00:00+00:00,2.74133512440433,0.0
2024-12-24 00:00:00+00:00,2.74133512440433,0.0
2024-12-25 00:00:00+00:00,2.74133512440433,0.0
2024-12-26 00:00:00+00:00,2.74133512440433,0.0
2024-12-27 00:00:00+00:00,2.74133512440433,0.0
2024-12-28 00:00:00+00:00,2.74133512440433,0.0
2024-12-29 00:00:00+00:00,2.74133512440433,0.0
2024-12-30 00:00:00+00:00,2.74133512440433,0.0
2024-12-31 00:00:00+00:00,2.74133512440433,0.0
2025-01-01 00:00:00+00:00,2.74133512440433,0.0
2025-01-02 00:00:00+00:00,2.74133512440433,0.0
2025-01-03 00:00:00+00:00,2.74133512440433,0.0
2025-01-04 00:00:00+00:00,2.74133512440433,0.0
2025-01-05 00:00:00+00:00,2.74133512440433,0.0
2025-01-06 00:00:00+00:00,2.74133512440433,0.0
2025-01-07 00:00:00+00:00,2.74133512440433,0.0
2025-01-08 00:00:00+00:00,2.74133512440433,0.0
2025-01-09 00:00:00+00:00,2.74133512440433,0.0
2025-01-10 00:00:00+00:00,2.74133512440433,0.0
2025-01-11 00:00:00+00:00,2.74133512440433,0.0
2025-01-12 00:00:00+00:00,2.74133512440433,0.0
2025-01-13 00:00:00+00:00,2.74133512440433,0.0
2025-01-14 00:00:00+00:00,2.772343448335567,0.01131139482188459
2025-01-15 00:00:00+00:00,2.772343448335567,0.0
2025-01-16 00:00:00+00:00,2.772343448335567,0.0
2025-01-17 00:00:00+00:00,2.772343448335567,0.0
2025-01-18 00:00:00+00:00,2.70024265272086,-0.02600716576367712
2025-01-19 00:00:00+00:00,2.692899492192569,-0.0027194446843107345
2025-01-20 00:00:00+00:00,2.671978514101836,-0.007768941303375243
2025-01-21 00:00:00+00:00,2.671978514101836,0.0
2025-01-22 00:00:00+00:00,2.671978514101836,0.0
2025-01-23 00:00:00+00:00,2.671978514101836,0.0
2025-01-24 00:00:00+00:00,2.671978514101836,0.0
2025-01-25 00:00:00+00:00,2.671978514101836,0.0
2025-01-26 00:00:00+00:00,2.671978514101836,0.0
2025-01-27 00:00:00+00:00,2.671978514101836,0.0
2025-01-28 00:00:00+00:00,2.671978514101836,0.0
2025-01-29 00:00:00+00:00,2.671978514101836,0.0
2025-01-30 00:00:00+00:00,2.671978514101836,0.0
2025-01-31 00:00:00+00:00,2.671978514101836,0.0
2025-02-01 00:00:00+00:00,2.671978514101836,0.0
2025-02-02 00:00:00+00:00,2.671978514101836,0.0
2025-02-03 00:00:00+00:00,2.7043225976974803,0.012104919042178919
2025-02-04 00:00:00+00:00,2.7043225976974803,0.0
2025-02-05 00:00:00+00:00,2.7043225976974803,0.0
2025-02-06 00:00:00+00:00,2.7043225976974803,0.0
2025-02-07 00:00:00+00:00,2.7043225976974803,0.0
2025-02-08 00:00:00+00:00,2.7043225976974803,0.0
2025-02-09 00:00:00+00:00,2.7043225976974803,0.0
2025-02-10 00:00:00+00:00,2.7043225976974803,0.0
2025-02-11 00:00:00+00:00,2.7043225976974803,0.0
2025-02-12 00:00:00+00:00,2.7043225976974803,0.0
2025-02-13 00:00:00+00:00,2.7043225976974803,0.0
2025-02-14 00:00:00+00:00,2.7043225976974803,0.0
2025-02-15 00:00:00+00:00,2.7043225976974803,0.0
2025-02-16 00:00:00+00:00,2.7043225976974803,0.0
2025-02-17 00:00:00+00:00,2.7043225976974803,0.0
2025-02-18 00:00:00+00:00,2.7043225976974803,0.0
2025-02-19 00:00:00+00:00,2.7043225976974803,0.0
2025-02-20 00:00:00+00:00,2.7043225976974803,0.0
2025-02-21 00:00:00+00:00,2.7043225976974803,0.0
2025-02-22 00:00:00+00:00,2.7043225976974803,0.0
2025-02-23 00:00:00+00:00,2.7043225976974803,0.0
2025-02-24 00:00:00+00:00,2.7043225976974803,0.0
2025-02-25 00:00:00+00:00,2.7063876380299323,0.0007636072464913823
2025-02-26 00:00:00+00:00,2.7063876380299323,0.0
2025-02-27 00:00:00+00:00,2.7063876380299323,0.0
2025-02-28 00:00:00+00:00,2.7063876380299323,0.0
2025-03-01 00:00:00+00:00,2.7063876380299323,0.0
2025-03-02 00:00:00+00:00,2.7063876380299323,0.0
2025-03-03 00:00:00+00:00,2.7063876380299323,0.0
2025-03-04 00:00:00+00:00,2.7063876380299323,0.0
2025-03-05 00:00:00+00:00,2.7063876380299323,0.0
2025-03-06 00:00:00+00:00,2.7063876380299323,0.0
2025-03-07 00:00:00+00:00,2.700469891090132,-0.0021865851205661313
2025-03-08 00:00:00+00:00,2.700469891090132,0.0
2025-03-09 00:00:00+00:00,2.700469891090132,0.0
2025-03-10 00:00:00+00:00,2.700469891090132,0.0
2025-03-11 00:00:00+00:00,2.700469891090132,0.0
2025-03-12 00:00:00+00:00,2.700469891090132,0.0
2025-03-13 00:00:00+00:00,2.700469891090132,0.0
2025-03-14 00:00:00+00:00,2.700469891090132,0.0
2025-03-15 00:00:00+00:00,2.700469891090132,0.0
2025-03-16 00:00:00+00:00,2.700469891090132,0.0
2025-03-17 00:00:00+00:00,2.700469891090132,0.0
2025-03-18 00:00:00+00:00,2.700469891090132,0.0
2025-03-19 00:00:00+00:00,2.700469891090132,0.0
2025-03-20 00:00:00+00:00,2.699457814710172,-0.0003747778796938661
2025-03-21 00:00:00+00:00,2.699457814710172,0.0
2025-03-22 00:00:00+00:00,2.699457814710172,0.0
2025-03-23 00:00:00+00:00,2.699457814710172,0.0
2025-03-24 00:00:00+00:00,2.699457814710172,0.0
2025-03-25 00:00:00+00:00,2.699457814710172,0.0
2025-03-26 00:00:00+00:00,2.699457814710172,0.0
2025-03-27 00:00:00+00:00,2.699457814710172,0.0
2025-03-28 00:00:00+00:00,2.699457814710172,0.0
2025-03-29 00:00:00+00:00,2.699457814710172,0.0
2025-03-30 00:00:00+00:00,2.699457814710172,0.0
2025-03-31 00:00:00+00:00,2.699457814710172,0.0
2025-04-01 00:00:00+00:00,2.699457814710172,0.0
2025-04-02 00:00:00+00:00,2.699457814710172,0.0
2025-04-03 00:00:00+00:00,2.699457814710172,0.0
2025-04-04 00:00:00+00:00,2.699457814710172,0.0
2025-04-05 00:00:00+00:00,2.699457814710172,0.0
2025-04-06 00:00:00+00:00,2.699457814710172,0.0
2025-04-07 00:00:00+00:00,2.678976107355387,-0.007587341147979432
2025-04-08 00:00:00+00:00,2.6793688869074503,0.00014661554874839666
2025-04-09 00:00:00+00:00,2.7126179766503573,0.012409299035073706
2025-04-10 00:00:00+00:00,2.7126179766503573,0.0
2025-04-11 00:00:00+00:00,2.7126179766503573,0.0
2025-04-12 00:00:00+00:00,2.7126179766503573,0.0
2025-04-13 00:00:00+00:00,2.7126179766503573,0.0
2025-04-14 00:00:00+00:00,2.7126179766503573,0.0
2025-04-15 00:00:00+00:00,2.7126179766503573,0.0
2025-04-16 00:00:00+00:00,2.7126179766503573,0.0
2025-04-17 00:00:00+00:00,2.7126179766503573,0.0
2025-04-18 00:00:00+00:00,2.7126179766503573,0.0
2025-04-19 00:00:00+00:00,2.7126179766503573,0.0
2025-04-20 00:00:00+00:00,2.7126179766503573,0.0
2025-04-21 00:00:00+00:00,2.7126179766503573,0.0
2025-04-22 00:00:00+00:00,2.7100469847184216,-0.0009477899040949422
2025-04-23 00:00:00+00:00,2.7100469847184216,0.0
2025-04-24 00:00:00+00:00,2.7100469847184216,0.0
2025-04-25 00:00:00+00:00,2.7100469847184216,0.0
2025-04-26 00:00:00+00:00,2.7100469847184216,0.0
2025-04-27 00:00:00+00:00,2.7100469847184216,0.0
2025-04-28 00:00:00+00:00,2.6904207162368126,-0.007242039932251698
2025-04-29 00:00:00+00:00,2.6904207162368126,0.0
2025-04-30 00:00:00+00:00,2.6904207162368126,0.0
2025-05-01 00:00:00+00:00,2.6904207162368126,0.0
2025-05-02 00:00:00+00:00,2.6904207162368126,0.0
2025-05-03 00:00:00+00:00,2.6904207162368126,0.0
2025-05-04 00:00:00+00:00,2.6904207162368126,0.0
2025-05-05 00:00:00+00:00,2.6904207162368126,0.0
2025-05-06 00:00:00+00:00,2.6985575883962323,0.00302438652449899
2025-05-07 00:00:00+00:00,2.6985575883962323,0.0
2025-05-08 00:00:00+00:00,2.6985575883962323,0.0
2025-05-09 00:00:00+00:00,2.6985575883962323,0.0
2025-05-10 00:00:00+00:00,2.6819121836989552,-0.0061682599507426605
2025-05-11 00:00:00+00:00,2.6806624147937654,-0.00046599918997569656
2025-05-12 00:00:00+00:00,2.6806624147937654,0.0
2025-05-13 00:00:00+00:00,2.6806624147937654,0.0
2025-05-14 00:00:00+00:00,2.6806624147937654,0.0
2025-05-15 00:00:00+00:00,2.6806624147937654,0.0
2025-05-16 00:00:00+00:00,2.6806624147937654,0.0
2025-05-17 00:00:00+00:00,2.6806624147937654,0.0
2025-05-18 00:00:00+00:00,2.6920553776496523,0.004250055058411251
2025-05-19 00:00:00+00:00,2.6920553776496523,0.0
2025-05-20 00:00:00+00:00,2.6920553776496523,0.0
2025-05-21 00:00:00+00:00,2.6920553776496523,0.0
2025-05-22 00:00:00+00:00,2.6920553776496523,0.0
2025-05-23 00:00:00+00:00,2.6920553776496523,0.0
2025-05-24 00:00:00+00:00,2.6920553776496523,0.0
2025-05-25 00:00:00+00:00,2.6920553776496523,0.0
2025-05-26 00:00:00+00:00,2.6920553776496523,0.0
2025-05-27 00:00:00+00:00,2.6920553776496523,0.0
2025-05-28 00:00:00+00:00,2.6920553776496523,0.0
2025-05-29 00:00:00+00:00,2.6920553776496523,0.0
2025-05-30 00:00:00+00:00,2.698736669776957,0.002481855381867293
2025-05-31 00:00:00+00:00,2.6625877619205274,-0.013394751796742432
2025-06-01 00:00:00+00:00,2.6625877619205274,0.0
2025-06-02 00:00:00+00:00,2.6625877619205274,0.0
2025-06-03 00:00:00+00:00,2.6625877619205274,0.0
2025-06-04 00:00:00+00:00,2.6625877619205274,0.0
2025-06-05 00:00:00+00:00,2.668758546504195,0.002317589178437718
2025-06-06 00:00:00+00:00,2.668758546504195,0.0
2025-06-07 00:00:00+00:00,2.668758546504195,0.0
2025-06-08 00:00:00+00:00,2.668758546504195,0.0
2025-06-09 00:00:00+00:00,2.668758546504195,0.0
2025-06-10 00:00:00+00:00,2.668758546504195,0.0
2025-06-11 00:00:00+00:00,2.668758546504195,0.0
2025-06-12 00:00:00+00:00,2.668758546504195,0.0
2025-06-13 00:00:00+00:00,2.668758546504195,0.0
2025-06-14 00:00:00+00:00,2.668758546504195,0.0
2025-06-15 00:00:00+00:00,2.668758546504195,0.0
2025-06-16 00:00:00+00:00,2.668758546504195,0.0
2025-06-17 00:00:00+00:00,2.668758546504195,0.0
2025-06-18 00:00:00+00:00,2.668758546504195,0.0
2025-06-19 00:00:00+00:00,2.668758546504195,0.0
2025-06-20 00:00:00+00:00,2.668758546504195,0.0
2025-06-21 00:00:00+00:00,2.657311812826213,-0.004289160476123377
2025-06-22 00:00:00+00:00,2.657311812826213,0.0
2025-06-23 00:00:00+00:00,2.657311812826213,0.0
2025-06-24 00:00:00+00:00,2.657311812826213,0.0
2025-06-25 00:00:00+00:00,2.657311812826213,0.0
2025-06-26 00:00:00+00:00,2.657311812826213,0.0
2025-06-27 00:00:00+00:00,2.657311812826213,0.0
2025-06-28 00:00:00+00:00,2.657311812826213,0.0
2025-06-29 00:00:00+00:00,2.657311812826213,0.0
2025-06-30 00:00:00+00:00,2.657311812826213,0.0
2025-07-01 00:00:00+00:00,2.657311812826213,0.0
2025-07-02 00:00:00+00:00,2.599456292822563,-0.021772198401555642
2025-07-03 00:00:00+00:00,2.599456292822563,0.0
2025-07-04 00:00:00+00:00,2.599456292822563,0.0
2025-07-05 00:00:00+00:00,2.599456292822563,0.0
2025-07-06 00:00:00+00:00,2.599456292822563,0.0
2025-07-07 00:00:00+00:00,2.599456292822563,0.0
2025-07-08 00:00:00+00:00,2.599456292822563,0.0
2025-07-09 00:00:00+00:00,2.599456292822563,0.0
2025-07-10 00:00:00+00:00,2.599456292822563,0.0
2025-07-11 00:00:00+00:00,2.661406816363004,0.023832108164886012
2025-07-12 00:00:00+00:00,2.661406816363004,0.0
2025-07-13 00:00:00+00:00,2.661406816363004,0.0
2025-07-14 00:00:00+00:00,2.661406816363004,0.0
2025-07-15 00:00:00+00:00,2.661406816363004,0.0
2025-07-16 00:00:00+00:00,2.661406816363004,0.0
2025-07-17 00:00:00+00:00,2.661406816363004,0.0
2025-07-18 00:00:00+00:00,2.6705696179215543,0.0034428413958420556
2025-07-19 00:00:00+00:00,2.6705696179215543,0.0
2025-07-20 00:00:00+00:00,2.6705696179215543,0.0
2025-07-21 00:00:00+00:00,2.6705696179215543,0.0
2025-07-22 00:00:00+00:00,2.6705696179215543,0.0
2025-07-23 00:00:00+00:00,2.6705696179215543,0.0
2025-07-24 00:00:00+00:00,2.6705696179215543,0.0
2025-07-25 00:00:00+00:00,2.6705696179215543,0.0
2025-07-26 00:00:00+00:00,2.6705696179215543,0.0
2025-07-27 00:00:00+00:00,2.6705696179215543,0.0
2025-07-28 00:00:00+00:00,2.6705696179215543,0.0
2025-07-29 00:00:00+00:00,2.6705696179215543,0.0
2025-07-30 00:00:00+00:00,2.6705696179215543,0.0
2025-07-31 00:00:00+00:00,2.6705696179215543,0.0
2025-08-01 00:00:00+00:00,2.6688768422155347,-0.0006338631633715508
2025-08-02 00:00:00+00:00,2.6688768422155347,0.0
2025-08-03 00:00:00+00:00,2.6688768422155347,0.0
2025-08-04 00:00:00+00:00,2.6726910658258065,0.0014291493522442522
2025-08-05 00:00:00+00:00,2.6726910658258065,0.0
2025-08-06 00:00:00+00:00,2.6726910658258065,0.0
2025-08-07 00:00:00+00:00,2.6726910658258065,0.0
2025-08-08 00:00:00+00:00,2.6726910658258065,0.0
2025-08-09 00:00:00+00:00,2.6726910658258065,0.0
2025-08-10 00:00:00+00:00,2.6726910658258065,0.0
2025-08-11 00:00:00+00:00,2.6726910658258065,0.0
2025-08-12 00:00:00+00:00,2.6726910658258065,0.0
2025-08-13 00:00:00+00:00,2.6726910658258065,0.0
2025-08-14 00:00:00+00:00,2.6726910658258065,0.0
2025-08-15 00:00:00+00:00,2.6726910658258065,0.0
2025-08-16 00:00:00+00:00,2.6726910658258065,0.0
2025-08-17 00:00:00+00:00,2.6726910658258065,0.0
2025-08-18 00:00:00+00:00,2.6726910658258065,0.0
2025-08-19 00:00:00+00:00,2.6726910658258065,0.0
2025-08-20 00:00:00+00:00,2.6726910658258065,0.0
2025-08-21 00:00:00+00:00,2.6726910658258065,0.0
2025-08-22 00:00:00+00:00,2.6726910658258065,0.0
2025-08-23 00:00:00+00:00,2.6726910658258065,0.0
2025-08-24 00:00:00+00:00,2.6726910658258065,0.0
2025-08-25 00:00:00+00:00,2.6726910658258065,0.0
2025-08-26 00:00:00+00:00,2.6726910658258065,0.0
2025-08-27 00:00:00+00:00,2.6726910658258065,0.0
2025-08-28 00:00:00+00:00,2.6726910658258065,0.0
2025-08-29 00:00:00+00:00,2.642271480439541,-0.011381631710160378
2025-08-30 00:00:00+00:00,2.642271480439541,0.0
2025-08-31 00:00:00+00:00,2.642271480439541,0.0
2025-09-01 00:00:00+00:00,2.642271480439541,0.0
2025-09-02 00:00:00+00:00,2.642271480439541,0.0
2025-09-03 00:00:00+00:00,2.642271480439541,0.0
2025-09-04 00:00:00+00:00,2.642271480439541,0.0
2025-09-05 00:00:00+00:00,2.642271480439541,0.0
2025-09-06 00:00:00+00:00,2.642271480439541,0.0
2025-09-07 00:00:00+00:00,2.642271480439541,0.0
2025-09-08 00:00:00+00:00,2.642271480439541,0.0
2025-09-09 00:00:00+00:00,2.642271480439541,0.0
2025-09-10 00:00:00+00:00,2.642271480439541,0.0
2025-09-11 00:00:00+00:00,2.642271480439541,0.0
2025-09-12 00:00:00+00:00,2.642271480439541,0.0
2025-09-13 00:00:00+00:00,2.642271480439541,0.0
2025-09-14 00:00:00+00:00,2.642271480439541,0.0
2025-09-15 00:00:00+00:00,2.642271480439541,0.0
2025-09-16 00:00:00+00:00,2.642271480439541,0.0
2025-09-17 00:00:00+00:00,2.643650093755426,0.0005217530924019886
2025-09-18 00:00:00+00:00,2.643650093755426,0.0
2025-09-19 00:00:00+00:00,2.643650093755426,0.0
2025-09-20 00:00:00+00:00,2.643650093755426,0.0
2025-09-21 00:00:00+00:00,2.643650093755426,0.0
2025-09-22 00:00:00+00:00,2.6541669486999773,0.003978156931355281
2025-09-23 00:00:00+00:00,2.6541669486999773,0.0
2025-09-24 00:00:00+00:00,2.6541669486999773,0.0
2025-09-25 00:00:00+00:00,2.6541669486999773,0.0
2025-09-26 00:00:00+00:00,2.6541669486999773,0.0
2025-09-27 00:00:00+00:00,2.6541669486999773,0.0
2025-09-28 00:00:00+00:00,2.6541669486999773,0.0
2025-09-29 00:00:00+00:00,2.6541669486999773,0.0
2025-09-30 00:00:00+00:00,2.6541669486999773,0.0
2025-10-01 00:00:00+00:00,2.6541669486999773,0.0
2025-10-02 00:00:00+00:00,2.6541669486999773,0.0
2025-10-03 00:00:00+00:00,2.6541669486999773,0.0
2025-10-04 00:00:00+00:00,2.6541669486999773,0.0
2025-10-05 00:00:00+00:00,2.6541669486999773,0.0
2025-10-06 00:00:00+00:00,2.6541669486999773,0.0
2025-10-07 00:00:00+00:00,2.6541669486999773,0.0
2025-10-08 00:00:00+00:00,2.6541669486999773,0.0
2025-10-09 00:00:00+00:00,2.6541669486999773,0.0
2025-10-10 00:00:00+00:00,2.4734312073312634,-0.06809509155301596
2025-10-11 00:00:00+00:00,2.4734312073312634,0.0
2025-10-12 00:00:00+00:00,2.4734312073312634,0.0
2025-10-13 00:00:00+00:00,2.4734312073312634,0.0
2025-10-14 00:00:00+00:00,2.4734312073312634,0.0
2025-10-15 00:00:00+00:00,2.4734312073312634,0.0
2025-10-16 00:00:00+00:00,2.4734312073312634,0.0
2025-10-17 00:00:00+00:00,2.4734312073312634,0.0
2025-10-18 00:00:00+00:00,2.4734312073312634,0.0
2025-10-19 00:00:00+00:00,2.4734312073312634,0.0
2025-10-20 00:00:00+00:00,2.4734312073312634,0.0
2025-10-21 00:00:00+00:00,2.4734312073312634,0.0
2025-10-22 00:00:00+00:00,2.470285504196276,-0.0012717973015233808
2025-10-23 00:00:00+00:00,2.470285504196276,0.0
2025-10-24 00:00:00+00:00,2.4687101958667808,-0.000637702940335938
2025-10-25 00:00:00+00:00,2.4687101958667808,0.0
2025-10-26 00:00:00+00:00,2.4675795265970737,-0.00045800000000006946
2025-10-27 00:00:00+00:00,2.4675795265970737,0.0
2025-10-28 00:00:00+00:00,2.4675795265970737,0.0
2025-10-29 00:00:00+00:00,2.4533404060845307,-0.005770480893955043
2025-10-30 00:00:00+00:00,2.4533404060845307,0.0
2025-10-31 00:00:00+00:00,2.4533404060845307,0.0
2025-11-01 00:00:00+00:00,2.4533404060845307,0.0
2025-11-02 00:00:00+00:00,2.4533404060845307,0.0
2025-11-03 00:00:00+00:00,2.4730863463550317,0.008048593754673927
2025-11-04 00:00:00+00:00,2.4854208183926425,0.00498748135332594
2025-11-05 00:00:00+00:00,2.4854208183926425,0.0
2025-11-06 00:00:00+00:00,2.545561017568977,0.024197189760093885
2025-11-07 00:00:00+00:00,2.565131078474794,0.0076879166402801236
2025-11-08 00:00:00+00:00,2.565131078474794,0.0
2025-11-09 00:00:00+00:00,2.565131078474794,0.0
2025-11-10 00:00:00+00:00,2.565131078474794,0.0
2025-11-11 00:00:00+00:00,2.565131078474794,0.0
2025-11-12 00:00:00+00:00,2.565131078474794,0.0
2025-11-13 00:00:00+00:00,2.565131078474794,0.0
2025-11-14 00:00:00+00:00,2.565131078474794,0.0
2025-11-15 00:00:00+00:00,2.559285117224403,-0.002279010729489328
2025-11-16 00:00:00+00:00,2.559285117224403,0.0
2025-11-17 00:00:00+00:00,2.559285117224403,0.0
2025-11-18 00:00:00+00:00,2.559285117224403,0.0
2025-11-19 00:00:00+00:00,2.559285117224403,0.0
2025-11-20 00:00:00+00:00,2.559285117224403,0.0
2025-11-21 00:00:00+00:00,2.630151916271839,0.027690075861610985
2025-11-22 00:00:00+00:00,2.536644946040747,-0.03555192749612557
2025-11-23 00:00:00+00:00,2.536644946040747,0.0
2025-11-24 00:00:00+00:00,2.536644946040747,0.0
2025-11-25 00:00:00+00:00,2.5348680543058406,-0.0007004889421673433
2025-11-26 00:00:00+00:00,2.5348680543058406,0.0
2025-11-27 00:00:00+00:00,2.5348680543058406,0.0
2025-11-28 00:00:00+00:00,2.5348680543058406,0.0
2025-11-29 00:00:00+00:00,2.5348680543058406,0.0
2025-11-30 00:00:00+00:00,2.5432487089689384,0.0033061502545910226
2025-12-01 00:00:00+00:00,2.5432487089689384,0.0
2025-12-02 00:00:00+00:00,2.5432487089689384,0.0
2025-12-03 00:00:00+00:00,2.5432487089689384,0.0
2025-12-04 00:00:00+00:00,2.5432487089689384,0.0
2025-12-05 00:00:00+00:00,2.5432487089689384,0.0
2025-12-06 00:00:00+00:00,2.5432487089689384,0.0
2025-12-07 00:00:00+00:00,2.5432487089689384,0.0
2025-12-08 00:00:00+00:00,2.5432487089689384,0.0
2025-12-09 00:00:00+00:00,2.5432487089689384,0.0
2025-12-10 00:00:00+00:00,2.5432487089689384,0.0
2025-12-11 00:00:00+00:00,2.5432487089689384,0.0
2025-12-12 00:00:00+00:00,2.5432487089689384,0.0
2025-12-13 00:00:00+00:00,2.5432487089689384,0.0
2025-12-14 00:00:00+00:00,2.5432487089689384,0.0
2025-12-15 00:00:00+00:00,2.5432487089689384,0.0
2025-12-16 00:00:00+00:00,2.5432487089689384,0.0
2025-12-17 00:00:00+00:00,2.5432487089689384,0.0
2025-12-18 00:00:00+00:00,2.5432487089689384,0.0
2025-12-19 00:00:00+00:00,2.5432487089689384,0.0
2025-12-20 00:00:00+00:00,2.5432487089689384,0.0
2025-12-21 00:00:00+00:00,2.5432487089689384,0.0
2025-12-22 00:00:00+00:00,2.5432487089689384,0.0
2025-12-23 00:00:00+00:00,2.5432487089689384,0.0
2025-12-24 00:00:00+00:00,2.5432487089689384,0.0
2025-12-25 00:00:00+00:00,2.5432487089689384,0.0
2025-12-26 00:00:00+00:00,2.5432487089689384,0.0
2025-12-27 00:00:00+00:00,2.5432487089689384,0.0
2025-12-28 00:00:00+00:00,2.5432487089689384,0.0
2025-12-29 00:00:00+00:00,2.5432487089689384,0.0
2025-12-30 00:00:00+00:00,2.5432487089689384,0.0
2025-12-31 00:00:00+00:00,2.5432487089689384,0.0
2026-01-01 00:00:00+00:00,2.378721804822443,-0.06469162986941868
2026-01-02 00:00:00+00:00,2.3541965914225584,-0.010310248701703606
2026-01-03 00:00:00+00:00,2.3541965914225584,0.0
2026-01-04 00:00:00+00:00,2.3541965914225584,0.0
2026-01-05 00:00:00+00:00,2.354217135793393,8.72670146145893e-06
2026-01-06 00:00:00+00:00,2.354217135793393,0.0
2026-01-07 00:00:00+00:00,2.3282405653144145,-0.011034058874193176
2026-01-08 00:00:00+00:00,2.3272027185904984,-0.0004457643850801496
2026-01-09 00:00:00+00:00,2.3272027185904984,0.0
2026-01-10 00:00:00+00:00,2.3272027185904984,0.0
2026-01-11 00:00:00+00:00,2.3272027185904984,0.0
2026-01-12 00:00:00+00:00,2.3272027185904984,0.0
2026-01-13 00:00:00+00:00,2.3272027185904984,0.0
2026-01-14 00:00:00+00:00,2.3272027185904984,0.0
2026-01-15 00:00:00+00:00,2.354362916433225,0.011670748588320956
2026-01-16 00:00:00+00:00,2.354362916433225,0.0
2026-01-17 00:00:00+00:00,2.354362916433225,0.0
2026-01-18 00:00:00+00:00,2.354362916433225,0.0
2026-01-19 00:00:00+00:00,2.442920613648071,0.03761429327514554
2026-01-20 00:00:00+00:00,2.442920613648071,0.0
2026-01-21 00:00:00+00:00,2.442920613648071,0.0
2026-01-22 00:00:00+00:00,2.442920613648071,0.0
2026-01-23 00:00:00+00:00,2.442920613648071,0.0
2026-01-24 00:00:00+00:00,2.442920613648071,0.0
2026-01-25 00:00:00+00:00,2.4413084091615516,-0.000659949601928278
2026-01-26 00:00:00+00:00,2.4413084091615516,0.0
2026-01-27 00:00:00+00:00,2.4413084091615516,0.0
2026-01-28 00:00:00+00:00,2.4413084091615516,0.0
2026-01-29 00:00:00+00:00,2.4413084091615516,0.0
2026-01-30 00:00:00+00:00,2.439591200547442,-0.0007033968373948429
2026-01-31 00:00:00+00:00,2.436348273509045,-0.0013292911688110864
2026-02-01 00:00:00+00:00,2.370550366090132,-0.027006774086590135
2026-02-02 00:00:00+00:00,2.370550366090132,0.0
2026-02-03 00:00:00+00:00,2.370550366090132,0.0
2026-02-04 00:00:00+00:00,2.370550366090132,0.0
2026-02-05 00:00:00+00:00,2.370550366090132,0.0
2026-02-06 00:00:00+00:00,2.4232715274150527,0.02224005112022831
2026-02-07 00:00:00+00:00,2.4186224183823533,-0.0019185258358804802
2026-02-08 00:00:00+00:00,2.4186224183823533,0.0
2026-02-09 00:00:00+00:00,2.4186224183823533,0.0
2026-02-10 00:00:00+00:00,2.357141440798963,-0.02541983284208149
2026-02-11 00:00:00+00:00,2.357141440798963,0.0
2026-02-12 00:00:00+00:00,2.3243062579836007,-0.013930085928247404
2026-02-13 00:00:00+00:00,2.3169228910867763,-0.0031765895184697746
2026-02-14 00:00:00+00:00,2.3169228910867763,0.0
2026-02-15 00:00:00+00:00,2.3169228910867763,0.0
2026-02-16 00:00:00+00:00,2.3169228910867763,0.0
2026-02-17 00:00:00+00:00,2.297749167876676,-0.00827551200942489
2026-02-18 00:00:00+00:00,2.297749167876676,0.0
2026-02-19 00:00:00+00:00,2.297749167876676,0.0
2026-02-20 00:00:00+00:00,2.297749167876676,0.0
2026-02-21 00:00:00+00:00,2.297749167876676,0.0
2026-02-22 00:00:00+00:00,2.297749167876676,0.0
2026-02-23 00:00:00+00:00,2.297749167876676,0.0
2026-02-24 00:00:00+00:00,2.2750352993189313,-0.00988526897334685
2026-02-25 00:00:00+00:00,2.2750352993189313,0.0
2026-02-26 00:00:00+00:00,2.2750352993189313,0.0
2026-02-27 00:00:00+00:00,2.2750352993189313,0.0
2026-02-28 00:00:00+00:00,2.2750352993189313,0.0
2026-03-01 00:00:00+00:00,2.2750352993189313,0.0
2026-03-02 00:00:00+00:00,2.302557821302377,0.012097624151891084
2026-03-03 00:00:00+00:00,2.302557821302377,0.0
2026-03-04 00:00:00+00:00,2.302557821302377,0.0
2026-03-05 00:00:00+00:00,2.302557821302377,0.0
2026-03-06 00:00:00+00:00,2.302557821302377,0.0
2026-03-07 00:00:00+00:00,2.302557821302377,0.0
2026-03-08 00:00:00+00:00,2.302557821302377,0.0
2026-03-09 00:00:00+00:00,2.2903179144041026,-0.005315786984819826
2026-03-10 00:00:00+00:00,2.2903179144041026,0.0
2026-03-11 00:00:00+00:00,2.2903179144041026,0.0
2026-03-12 00:00:00+00:00,2.2903179144041026,0.0
2026-03-13 00:00:00+00:00,2.2903179144041026,0.0
2026-03-14 00:00:00+00:00,2.2903179144041026,0.0
2026-03-15 00:00:00+00:00,2.2903179144041026,0.0
2026-03-16 00:00:00+00:00,2.2903179144041026,0.0
2026-03-17 00:00:00+00:00,2.2903179144041026,0.0
2026-03-18 00:00:00+00:00,2.2903179144041026,0.0
2026-03-19 00:00:00+00:00,2.412319290244117,0.0532683148801012
2026-03-20 00:00:00+00:00,2.3965497916564966,-0.006537069388532046
2026-03-21 00:00:00+00:00,2.3965497916564966,0.0
2026-03-22 00:00:00+00:00,2.3965497916564966,0.0
2026-03-23 00:00:00+00:00,2.3965497916564966,0.0
2026-03-24 00:00:00+00:00,2.3965497916564966,0.0
2026-03-25 00:00:00+00:00,2.3959891678577105,-0.00023392954352041695
2026-03-26 00:00:00+00:00,2.319374541684308,-0.031976198891543794
2026-03-27 00:00:00+00:00,2.3321311880822404,0.005500037259471124
2026-03-28 00:00:00+00:00,2.3321311880822404,0.0
2026-03-29 00:00:00+00:00,2.3321311880822404,0.0
2026-03-30 00:00:00+00:00,2.3321311880822404,0.0
2026-03-31 00:00:00+00:00,2.3321311880822404,0.0
2026-04-01 00:00:00+00:00,2.3321311880822404,0.0
2026-04-02 00:00:00+00:00,2.3321311880822404,0.0
2026-04-03 00:00:00+00:00,2.3582198774760754,0.011186630292135513
2026-04-04 00:00:00+00:00,2.393665270104889,0.015030571562627104
2026-04-05 00:00:00+00:00,2.393665270104889,0.0
2026-04-06 00:00:00+00:00,2.393665270104889,0.0
2026-04-07 00:00:00+00:00,2.393665270104889,0.0
2026-04-08 00:00:00+00:00,2.393665270104889,0.0
2026-04-09 00:00:00+00:00,2.396251825275835,0.001080583489784681
2026-04-10 00:00:00+00:00,2.411825097062817,0.006499013009698684
2026-04-11 00:00:00+00:00,2.411825097062817,0.0
2026-04-12 00:00:00+00:00,2.411825097062817,0.0
2026-04-13 00:00:00+00:00,2.411825097062817,0.0
2026-04-14 00:00:00+00:00,2.411825097062817,0.0
2026-04-15 00:00:00+00:00,2.3878522525953483,-0.009939711008341012
2026-04-16 00:00:00+00:00,2.4129859634724915,0.01052565578537168
2026-04-17 00:00:00+00:00,2.4163596970659222,0.0013981571565280237
2026-04-18 00:00:00+00:00,2.4163596970659222,0.0
2026-04-19 00:00:00+00:00,2.4163596970659222,0.0
2026-04-20 00:00:00+00:00,2.4163596970659222,0.0
2026-04-21 00:00:00+00:00,2.4163596970659222,0.0
2026-04-22 00:00:00+00:00,2.4163596970659222,0.0
2026-04-23 00:00:00+00:00,2.4163596970659222,0.0
2026-04-24 00:00:00+00:00,2.4163596970659222,0.0
2026-04-25 00:00:00+00:00,2.4163596970659222,0.0
2026-04-26 00:00:00+00:00,2.4163596970659222,0.0
2026-04-27 00:00:00+00:00,2.4163596970659222,0.0
2026-04-28 00:00:00+00:00,2.4163596970659222,0.0
2026-04-29 00:00:00+00:00,2.4163596970659222,0.0
2026-04-30 00:00:00+00:00,2.4163596970659222,0.0
2026-05-01 00:00:00+00:00,2.4163596970659222,0.0
2026-05-02 00:00:00+00:00,2.4163596970659222,0.0
2026-05-03 00:00:00+00:00,2.4163596970659222,0.0
2026-05-04 00:00:00+00:00,2.4163596970659222,0.0
2026-05-05 00:00:00+00:00,2.4163596970659222,0.0
2026-05-06 00:00:00+00:00,2.4163596970659222,0.0
2026-05-07 00:00:00+00:00,2.4163596970659222,0.0
2026-05-08 00:00:00+00:00,2.4163596970659222,0.0
2026-05-09 00:00:00+00:00,2.418829736225689,0.0010222150132557228
2026-05-10 00:00:00+00:00,2.418829736225689,0.0
2026-05-11 00:00:00+00:00,2.418829736225689,0.0
2026-05-12 00:00:00+00:00,2.418829736225689,0.0
2026-05-13 00:00:00+00:00,2.418829736225689,0.0
2026-05-14 00:00:00+00:00,2.418829736225689,0.0
2026-05-15 00:00:00+00:00,2.418829736225689,0.0
2026-05-16 00:00:00+00:00,2.4287957654918717,0.00412018635165845
2026-05-17 00:00:00+00:00,2.42745270214333,-0.0005529750041662895
2026-05-18 00:00:00+00:00,2.42745270214333,0.0
2026-05-19 00:00:00+00:00,2.42745270214333,0.0
2026-05-20 00:00:00+00:00,2.585477477066263,0.06509901296260256
2026-05-21 00:00:00+00:00,2.585477477066263,0.0
2026-05-22 00:00:00+00:00,2.6198643248790026,0.013299998981912697
2026-05-23 00:00:00+00:00,2.6198643248790026,0.0
2026-05-24 00:00:00+00:00,2.6198643248790026,0.0
2026-05-25 00:00:00+00:00,2.6198643248790026,0.0
2026-05-26 00:00:00+00:00,2.6198643248790026,0.0
2026-05-27 00:00:00+00:00,2.6198643248790026,0.0
2026-05-28 00:00:00+00:00,2.6198643248790026,0.0
2026-05-29 00:00:00+00:00,2.6198643248790026,0.0
2026-05-30 00:00:00+00:00,2.6198643248790026,0.0
2026-05-31 00:00:00+00:00,2.6198643248790026,0.0
2026-06-01 00:00:00+00:00,2.6026760899549606,-0.006560734752871555
2026-06-02 00:00:00+00:00,2.8067706678432347,0.07841720246171935
2026-06-03 00:00:00+00:00,2.90198994327938,0.033924850550512975
2026-06-04 00:00:00+00:00,2.9622635465483316,0.020769749188324083
2026-06-05 00:00:00+00:00,2.9535544684269426,-0.0029400078637624727
2026-06-06 00:00:00+00:00,2.9858686692676484,0.010940783786498542
2026-06-07 00:00:00+00:00,2.9664975008403696,-0.006487615690086601
2026-06-08 00:00:00+00:00,2.9664975008403696,0.0
2026-06-09 00:00:00+00:00,2.9664975008403696,0.0
2026-06-10 00:00:00+00:00,2.9664975008403696,0.0
2026-06-11 00:00:00+00:00,2.9664975008403696,0.0
2026-06-12 00:00:00+00:00,2.9664975008403696,0.0
2026-06-13 00:00:00+00:00,2.9664975008403696,0.0
2026-06-14 00:00:00+00:00,2.9664975008403696,0.0
2026-06-15 00:00:00+00:00,2.9863637207414087,0.006696860487969802
2026-06-16 00:00:00+00:00,2.9863637207414087,0.0
2026-06-17 00:00:00+00:00,2.9863637207414087,0.0
2026-06-18 00:00:00+00:00,2.9863637207414087,0.0
2026-06-19 00:00:00+00:00,2.8147351757489703,-0.05747074403576968
2026-06-20 00:00:00+00:00,2.8147351757489703,0.0
2026-06-21 00:00:00+00:00,2.8147351757489703,0.0
2026-06-22 00:00:00+00:00,2.8147351757489703,0.0
2026-06-23 00:00:00+00:00,2.8147351757489703,0.0
2026-06-24 00:00:00+00:00,2.747575776458778,-0.023859935339146765
2026-06-25 00:00:00+00:00,2.747575776458778,0.0
2026-06-26 00:00:00+00:00,2.747575776458778,0.0
2026-06-27 00:00:00+00:00,2.766418902864055,0.006858091619064588
2026-06-28 00:00:00+00:00,2.7825016107589957,0.005813547571660527
2026-06-29 00:00:00+00:00,2.7825016107589957,0.0
2026-06-30 00:00:00+00:00,2.7825016107589957,0.0
2026-07-01 00:00:00+00:00,2.7825016107589957,0.0
2026-07-02 00:00:00+00:00,2.77688805214956,-0.002017450264082621
2026-07-03 00:00:00+00:00,2.77688805214956,0.0
2026-07-04 00:00:00+00:00,3.132720227662226,0.1281406267844396
2026-07-05 00:00:00+00:00,3.132720227662226,0.0
2026-07-06 00:00:00+00:00,3.136018759005197,0.001052928797740993
2026-07-07 00:00:00+00:00,2.7596320572029267,-0.1200205517653431
2026-07-08 00:00:00+00:00,2.808279601908124,0.01762827206555384
2026-07-09 00:00:00+00:00,2.7854355825437196,-0.00813452454979291
2026-07-10 00:00:00+00:00,2.7854355825437196,0.0
2026-07-11 00:00:00+00:00,2.7917354678152515,0.0022617235562771842
2026-07-12 00:00:00+00:00,2.7917354678152515,0.0
2026-07-13 00:00:00+00:00,2.747722318338435,-0.015765515746110403
2026-07-14 00:00:00+00:00,2.759874845023884,0.0044227637575828815
2026-07-15 00:00:00+00:00,2.759874845023884,0.0
2026-07-16 00:00:00+00:00,2.759874845023884,0.0
2026-07-17 00:00:00+00:00,2.759874845023884,0.0
2026-07-18 00:00:00+00:00,2.759874845023884,0.0
2026-07-19 00:00:00+00:00,2.759874845023884,0.0
2026-07-20 00:00:00+00:00,2.759874845023884,0.0
2026-07-21 00:00:00+00:00,2.735138652898583,-0.008962794878144997
2026-07-22 00:00:00+00:00,2.735138652898583,0.0
2026-07-23 00:00:00+00:00,2.735138652898583,0.0
2026-07-24 00:00:00+00:00,2.735138652898583,0.0
2026-07-25 00:00:00+00:00,2.735138652898583,0.0
2026-07-26 00:00:00+00:00,2.735138652898583,0.0
2026-07-27 00:00:00+00:00,2.735138652898583,0.0
2026-07-28 00:00:00+00:00,2.7316140592672427,-0.0012886343540956524
2026-07-29 00:00:00+00:00,2.7316140592672427,0.0
2026-07-30 00:00:00+00:00,2.7316140592672427,0.0
2026-07-31 00:00:00+00:00,2.7316140592672427,0.0
2026-08-01 00:00:00+00:00,2.7316140592672427,0.0
2026-08-02 00:00:00+00:00,2.7316140592672427,0.0
2026-08-03 00:00:00+00:00,2.7316140592672427,0.0
2026-08-04 00:00:00+00:00,2.7316140592672427,0.0
2026-08-05 00:00:00+00:00,2.7316140592672427,0.0
2026-08-06 00:00:00+00:00,2.7316140592672427,0.0
2026-08-07 00:00:00+00:00,2.7316140592672427,0.0
2026-08-08 00:00:00+00:00,2.7316140592672427,0.0
2026-08-09 00:00:00+00:00,2.7316140592672427,0.0
2026-08-10 00:00:00+00:00,2.7316140592672427,0.0
2026-08-11 00:00:00+00:00,2.7272714611342623,-0.0015897553749394389
2026-08-12 00:00:00+00:00,2.7272714611342623,0.0
2026-08-13 00:00:00+00:00,2.7272714611342623,0.0
2026-08-14 00:00:00+00:00,2.7272714611342623,0.0
2026-08-15 00:00:00+00:00,2.7272714611342623,0.0
2026-08-16 00:00:00+00:00,2.7272714611342623,0.0
2026-08-17 00:00:00+00:00,2.7272714611342623,0.0
2026-08-18 00:00:00+00:00,2.7272714611342623,0.0
2026-08-19 00:00:00+00:00,2.7139522084740793,-0.004883728242675023
2026-08-20 00:00:00+00:00,2.7139522084740793,0.0
2026-08-21 00:00:00+00:00,2.7139522084740793,0.0
2026-08-22 00:00:00+00:00,2.8012729196917117,0.03217474167193557
2026-08-23 00:00:00+00:00,2.8012729196917117,0.0
2026-08-24 00:00:00+00:00,2.8012729196917117,0.0
2026-08-25 00:00:00+00:00,2.8012729196917117,0.0
2026-08-26 00:00:00+00:00,2.8012729196917117,0.0
2026-08-27 00:00:00+00:00,2.8012729196917117,0.0
2026-08-28 00:00:00+00:00,2.8012729196917117,0.0
2026-08-29 00:00:00+00:00,2.8012729196917117,0.0
2026-08-30 00:00:00+00:00,2.8012729196917117,0.0
2026-08-31 00:00:00+00:00,2.8012729196917117,0.0
