pick,method,hedge,Wf,K,Wz,zin,zout,zstop,exec,lev,period,variant,cagr,final,sharpe,worst_day,maxdd,trades,liqs,legged,maker_miss,wbars,fbbars,per_year,cagr_reported,final_reported
pick1_3,coint,lvl,60,3,336,2.5,0.5,101.5,maker,1,IS,base,0.4498490323366737,3.0484478403299646,1.217897731241077,-0.19908795487556585,0.32115376543444163,278,0,17,0,27208,1014,"{""2022"": -0.003, ""2023"": 0.7326, ""2024"": 0.7647}",0.4498490323366737,3.0484478403299646
pick1_3,coint,lvl,60,3,336,2.5,0.5,101.5,maker,1,IS,tick5bp,0.3785014388314767,2.6200953132402516,1.0779319210016427,-0.19908795487556552,0.3259779553114004,278,0,55,1,27212,1014,"{""2022"": -0.0468, ""2023"": 0.6317, ""2024"": 0.6846}",,
pick1_3,coint,lvl,60,3,336,2.5,0.5,101.5,maker,1,IS,tick10bp,0.3504205620126446,2.463181575391449,1.0362188988072911,-0.15346771297673467,0.3324659098044812,277,0,87,4,27229,976,"{""2022"": -0.0792, ""2023"": 0.5746, ""2024"": 0.6989}",,
pick1_3,coint,lvl,60,3,336,2.5,0.5,101.5,maker,1,IS,lenient_liq,0.4498490323366737,3.0484478403299646,1.217897731241077,-0.19908795487556585,0.32115376543444163,278,0,17,0,27208,1014,"{""2022"": -0.003, ""2023"": 0.7326, ""2024"": 0.7647}",,
pick1_3,coint,lvl,60,3,336,2.5,0.5,101.5,maker,3,IS,base,1.210530606898021,10.807503691236388,1.2965705597761217,-0.601939573471398,0.7927681832328733,278,0,17,0,27208,1014,"{""2022"": -0.2641, ""2023"": 3.3562, ""2024"": 2.3714}",1.210530606898021,10.807503691236388
pick1_3,coint,lvl,60,3,336,2.5,0.5,101.5,maker,3,IS,tick5bp,0.910688768226174,6.97850374686864,1.1733543218800493,-0.6019395734713985,0.7950317177379034,278,0,55,1,27212,1014,"{""2022"": -0.3529, ""2023"": 2.6757, ""2024"": 1.9338}",,
pick1_3,coint,lvl,60,3,336,2.5,0.5,101.5,maker,3,IS,tick10bp,0.8001261917151019,5.835574233976301,1.1018686404258622,-0.45776941141352445,0.7967334851601735,277,0,87,4,27229,976,"{""2022"": -0.4229, ""2023"": 2.3068, ""2024"": 2.058}",,
pick1_3,coint,lvl,60,3,336,2.5,0.5,101.5,maker,3,IS,lenient_liq,1.210530606898021,10.807503691236388,1.2965705597761217,-0.601939573471398,0.7927681832328733,278,0,17,0,27208,1014,"{""2022"": -0.2641, ""2023"": 3.3562, ""2024"": 2.3714}",,
pick1_3,coint,lvl,60,3,336,2.5,0.5,101.5,maker,5,IS,base,-1.0,0.0,0.30855692020391123,-1.0,1.0,68,1,3,0,6386,451,"{""2022"": -1.0, ""2023"": -1.0, ""2024"": -1.0}",-1.0,0.0
pick1_3,coint,lvl,60,3,336,2.5,0.5,101.5,maker,5,IS,tick5bp,-1.0,0.0,0.20890584191904873,-1.0,1.0,68,1,14,0,6386,451,"{""2022"": -1.0, ""2023"": -1.0, ""2024"": -1.0}",,
pick1_3,coint,lvl,60,3,336,2.5,0.5,101.5,maker,5,IS,tick10bp,-1.0,0.0,0.18127712830357479,-1.0,1.0,68,1,20,0,6386,451,"{""2022"": -1.0, ""2023"": -1.0, ""2024"": -1.0}",,
pick1_3,coint,lvl,60,3,336,2.5,0.5,101.5,maker,5,IS,lenient_liq,-1.0,0.0,0.8017182913112497,-1.0,1.0,203,2,15,0,19469,616,"{""2022"": -0.9989, ""2023"": 7.3797, ""2024"": -1.0}",,
pick1_3,coint,lvl,60,3,336,2.5,0.5,101.5,maker,10,IS,base,-1.0,0.0,-11.049439486617594,-1.0,1.0,2,1,0,0,96,2,"{""2022"": -1.0, ""2023"": -1.0, ""2024"": -1.0}",-1.0,0.0
pick1_3,coint,lvl,60,3,336,2.5,0.5,101.5,maker,10,IS,tick5bp,-1.0,0.0,-11.049439486617594,-1.0,1.0,2,1,0,0,96,2,"{""2022"": -1.0, ""2023"": -1.0, ""2024"": -1.0}",,
pick1_3,coint,lvl,60,3,336,2.5,0.5,101.5,maker,10,IS,tick10bp,-1.0,0.0,-11.049439486617594,-1.0,1.0,2,1,0,0,96,2,"{""2022"": -1.0, ""2023"": -1.0, ""2024"": -1.0}",,
pick1_3,coint,lvl,60,3,336,2.5,0.5,101.5,maker,10,IS,lenient_liq,-1.0,0.0,-11.049439486617594,-1.0,1.0,2,1,0,0,96,2,"{""2022"": -1.0, ""2023"": -1.0, ""2024"": -1.0}",,
pick1_3,coint,lvl,60,3,336,2.5,0.5,101.5,maker,15,IS,base,-1.0,0.0,-11.79987076408424,-1.0,1.0,2,1,0,0,68,0,"{""2022"": -1.0, ""2023"": -1.0, ""2024"": -1.0}",-1.0,0.0
pick1_3,coint,lvl,60,3,336,2.5,0.5,101.5,maker,15,IS,tick5bp,-1.0,0.0,-11.79987076408424,-1.0,1.0,2,1,0,0,68,0,"{""2022"": -1.0, ""2023"": -1.0, ""2024"": -1.0}",,
pick1_3,coint,lvl,60,3,336,2.5,0.5,101.5,maker,15,IS,tick10bp,-1.0,0.0,-11.79987076408424,-1.0,1.0,2,1,0,0,68,0,"{""2022"": -1.0, ""2023"": -1.0, ""2024"": -1.0}",,
pick1_3,coint,lvl,60,3,336,2.5,0.5,101.5,maker,15,IS,lenient_liq,-1.0,0.0,-1.7574446790716254,-1.0,1.0,29,7,2,0,1776,0,"{""2022"": -1.0, ""2023"": -1.0, ""2024"": -1.0}",,
pick1_3,coint,lvl,60,3,336,2.5,0.5,101.5,maker,20,IS,base,-1.0,0.0,-14.341124712188025,-1.0,1.0,2,1,0,0,52,0,"{""2022"": -1.0, ""2023"": -1.0, ""2024"": -1.0}",-1.0,0.0
pick1_3,coint,lvl,60,3,336,2.5,0.5,101.5,maker,20,IS,tick5bp,-1.0,0.0,-14.341124712188025,-1.0,1.0,2,1,0,0,52,0,"{""2022"": -1.0, ""2023"": -1.0, ""2024"": -1.0}",,
pick1_3,coint,lvl,60,3,336,2.5,0.5,101.5,maker,20,IS,tick10bp,-1.0,0.0,-14.341124712188025,-1.0,1.0,2,1,0,0,52,0,"{""2022"": -1.0, ""2023"": -1.0, ""2024"": -1.0}",,
pick1_3,coint,lvl,60,3,336,2.5,0.5,101.5,maker,20,IS,lenient_liq,-1.0,0.0,-0.8128237833306948,-1.0,1.0,15,4,1,0,702,0,"{""2022"": -1.0, ""2023"": -1.0, ""2024"": -1.0}",,
pick1_3,coint,lvl,60,3,336,2.5,0.5,101.5,taker,1,IS,base,0.29239319599115055,2.1590377421756535,0.8999820595570924,-0.1966932490950466,0.3309420094796546,278,0,0,0,27227,995,"{""2022"": -0.1146, ""2023"": 0.5627, ""2024"": 0.5603}",0.2923931959911505,2.159037742175653
pick1_3,coint,lvl,60,3,336,2.5,0.5,101.5,taker,1,IS,lenient_liq,0.29239319599115055,2.1590377421756535,0.8999820595570924,-0.1966932490950466,0.3309420094796546,278,0,0,0,27227,995,"{""2022"": -0.1146, ""2023"": 0.5627, ""2024"": 0.5603}",,
pick1_3,coint,lvl,60,3,336,2.5,0.5,101.5,taker,3,IS,base,0.5754094958461242,3.911249179667715,1.0091379846656239,-0.5913837532249524,0.7999183858101817,278,0,0,0,27227,995,"{""2022"": -0.4848, ""2023"": 2.2239, ""2024"": 1.3548}",0.5754094958461242,3.911249179667715
pick1_3,coint,lvl,60,3,336,2.5,0.5,101.5,taker,3,IS,lenient_liq,0.5754094958461242,3.911249179667715,1.0091379846656239,-0.5913837532249524,0.7999183858101817,278,0,0,0,27227,995,"{""2022"": -0.4848, ""2023"": 2.2239, ""2024"": 1.3548}",,
pick1_3,coint,lvl,60,3,336,2.5,0.5,101.5,taker,5,IS,base,-1.0,0.0,0.09042670253240243,-1.0,1.0,68,1,0,0,6388,449,"{""2022"": -1.0, ""2023"": -1.0, ""2024"": -1.0}",-1.0,0.0
pick1_3,coint,lvl,60,3,336,2.5,0.5,101.5,taker,5,IS,lenient_liq,-1.0,0.0,0.09042670253240243,-1.0,1.0,68,1,0,0,6388,449,"{""2022"": -1.0, ""2023"": -1.0, ""2024"": -1.0}",,
pick1_3,coint,lvl,60,3,336,2.5,0.5,101.5,taker,10,IS,base,-1.0,0.0,-11.223207761080136,-1.0,1.0,2,1,0,0,96,2,"{""2022"": -1.0, ""2023"": -1.0, ""2024"": -1.0}",-1.0,0.0
pick1_3,coint,lvl,60,3,336,2.5,0.5,101.5,taker,10,IS,lenient_liq,-1.0,0.0,-11.223207761080136,-1.0,1.0,2,1,0,0,96,2,"{""2022"": -1.0, ""2023"": -1.0, ""2024"": -1.0}",,
pick1_3,coint,lvl,60,3,336,2.5,0.5,101.5,taker,15,IS,base,-1.0,0.0,-12.065178609181855,-1.0,1.0,2,1,0,0,66,0,"{""2022"": -1.0, ""2023"": -1.0, ""2024"": -1.0}",-1.0,0.0
pick1_3,coint,lvl,60,3,336,2.5,0.5,101.5,taker,15,IS,lenient_liq,-1.0,0.0,-1.803288536220863,-1.0,1.0,48,10,0,0,3528,97,"{""2022"": -1.0, ""2023"": -1.0, ""2024"": -1.0}",,
pick1_3,coint,lvl,60,3,336,2.5,0.5,101.5,taker,20,IS,base,-1.0,0.0,-14.650986919420767,-1.0,1.0,2,1,0,0,52,0,"{""2022"": -1.0, ""2023"": -1.0, ""2024"": -1.0}",-1.0,0.0
pick1_3,coint,lvl,60,3,336,2.5,0.5,101.5,taker,20,IS,lenient_liq,-1.0,0.0,-1.1671968491257505,-1.0,1.0,15,4,0,0,702,0,"{""2022"": -1.0, ""2023"": -1.0, ""2024"": -1.0}",,
pick1_3,coint,lvl,60,3,336,2.5,0.5,101.5,maker,1,OOS,base,0.014150501365115309,1.0236657014058528,0.19078204531190884,-0.07454623371650848,0.39074366715767184,151,0,17,0,14720,776,"{""2025"": 0.08, ""2026"": -0.0522}",0.0141505013651153,1.0236657014058528
pick1_3,coint,lvl,60,3,336,2.5,0.5,101.5,maker,1,OOS,tick5bp,-0.035518877741578914,0.9415754730802173,0.012705876650016141,-0.07454623371650848,0.4222826564622667,151,0,39,0,14720,776,"{""2025"": 0.0265, ""2026"": -0.0827}",,
pick1_3,coint,lvl,60,3,336,2.5,0.5,101.5,maker,1,OOS,tick10bp,-0.0867146326063013,0.8598546731495424,-0.18154407014949034,-0.07454623371650826,0.45185535232326135,151,0,65,0,14714,782,"{""2025"": -0.0225, ""2026"": -0.1204}",,
pick1_3,coint,lvl,60,3,336,2.5,0.5,101.5,maker,1,OOS,lenient_liq,0.014150501365115309,1.0236657014058528,0.19078204531190884,-0.07454623371650848,0.39074366715767184,151,0,17,0,14720,776,"{""2025"": 0.08, ""2026"": -0.0522}",,
pick1_3,coint,lvl,60,3,336,2.5,0.5,101.5,maker,3,OOS,base,-0.24123989806590063,0.631568317659727,0.15187399666951001,-0.22363870114952522,0.8642046423646995,151,0,17,0,14720,776,"{""2025"": -0.1682, ""2026"": -0.2408}",-0.2412398980659006,0.631568317659727
pick1_3,coint,lvl,60,3,336,2.5,0.5,101.5,maker,3,OOS,tick5bp,-0.3453498004442025,0.4939996546361358,-0.009280418563072546,-0.22363870114952544,0.8837510850403705,151,0,39,0,14720,776,"{""2025"": -0.2818, ""2026"": -0.3122}",,
pick1_3,coint,lvl,60,3,336,2.5,0.5,101.5,maker,3,OOS,tick10bp,-0.4466724782624989,0.37339188668012036,-0.1943995443403632,-0.22363870114952544,0.9014566994619447,151,0,65,0,14714,782,"{""2025"": -0.3785, ""2026"": -0.3992}",,
pick1_3,coint,lvl,60,3,336,2.5,0.5,101.5,maker,3,OOS,lenient_liq,-0.24123989806590063,0.631568317659727,0.15187399666951001,-0.22363870114952522,0.8642046423646995,151,0,17,0,14720,776,"{""2025"": -0.1682, ""2026"": -0.2408}",,
pick1_3,coint,lvl,60,3,336,2.5,0.5,101.5,maker,5,OOS,base,-1.0,0.0,0.8548508690670246,-1.0,1.0,35,1,5,0,2560,24,"{""2025"": -1.0, ""2026"": -1.0}",-1.0,0.0
pick1_3,coint,lvl,60,3,336,2.5,0.5,101.5,maker,5,OOS,tick5bp,-1.0,0.0,0.774430649897317,-1.0,1.0,35,1,9,0,2560,24,"{""2025"": -1.0, ""2026"": -1.0}",,
pick1_3,coint,lvl,60,3,336,2.5,0.5,101.5,maker,5,OOS,tick10bp,-1.0,0.0,0.6551013551721758,-1.0,1.0,35,1,13,0,2560,24,"{""2025"": -1.0, ""2026"": -1.0}",,
pick1_3,coint,lvl,60,3,336,2.5,0.5,101.5,maker,5,OOS,lenient_liq,-0.8681393239795039,0.034303010901697996,-0.032210662708079506,-0.8394296066858813,0.9974230365640778,151,1,16,0,14584,648,"{""2025"": -0.9313, ""2026"": -0.5007}",,
pick1_3,coint,lvl,60,3,336,2.5,0.5,101.5,maker,10,OOS,base,-1.0,0.0,0.36109074535146907,-1.0,1.0,11,1,3,0,765,0,"{""2025"": -1.0, ""2026"": -1.0}",-1.0,0.0
pick1_3,coint,lvl,60,3,336,2.5,0.5,101.5,maker,10,OOS,tick5bp,-1.0,0.0,0.36109074535146907,-1.0,1.0,11,1,3,0,765,0,"{""2025"": -1.0, ""2026"": -1.0}",,
pick1_3,coint,lvl,60,3,336,2.5,0.5,101.5,maker,10,OOS,tick10bp,-1.0,0.0,0.15587007001162137,-1.0,1.0,11,1,6,0,765,0,"{""2025"": -1.0, ""2026"": -1.0}",,
pick1_3,coint,lvl,60,3,336,2.5,0.5,101.5,maker,10,OOS,lenient_liq,-1.0,0.0,-1.5460704687526776,-1.0,1.0,73,8,7,0,6633,7,"{""2025"": -1.0, ""2026"": -1.0}",,
pick1_3,coint,lvl,60,3,336,2.5,0.5,101.5,maker,15,OOS,base,-1.0,0.0,-4.5533563827911,-1.0,1.0,6,1,2,0,322,0,"{""2025"": -1.0, ""2026"": -1.0}",-1.0,0.0
pick1_3,coint,lvl,60,3,336,2.5,0.5,101.5,maker,15,OOS,tick5bp,-1.0,0.0,-4.5533563827911,-1.0,1.0,6,1,2,0,322,0,"{""2025"": -1.0, ""2026"": -1.0}",,
pick1_3,coint,lvl,60,3,336,2.5,0.5,101.5,maker,15,OOS,tick10bp,-1.0,0.0,-4.5533563827911,-1.0,1.0,6,1,2,0,322,0,"{""2025"": -1.0, ""2026"": -1.0}",,
pick1_3,coint,lvl,60,3,336,2.5,0.5,101.5,maker,15,OOS,lenient_liq,-1.0,0.0,-5.15904325872743,-1.0,1.0,8,2,3,0,393,0,"{""2025"": -1.0, ""2026"": -1.0}",,
pick1_3,coint,lvl,60,3,336,2.5,0.5,101.5,maker,20,OOS,base,-1.0,0.0,-2.267013055406332,-1.0,1.0,6,1,2,0,290,0,"{""2025"": -1.0, ""2026"": -1.0}",-1.0,0.0
pick1_3,coint,lvl,60,3,336,2.5,0.5,101.5,maker,20,OOS,tick5bp,-1.0,0.0,-2.267013055406332,-1.0,1.0,6,1,2,0,290,0,"{""2025"": -1.0, ""2026"": -1.0}",,
pick1_3,coint,lvl,60,3,336,2.5,0.5,101.5,maker,20,OOS,tick10bp,-1.0,0.0,-2.267013055406332,-1.0,1.0,6,1,2,0,290,0,"{""2025"": -1.0, ""2026"": -1.0}",,
pick1_3,coint,lvl,60,3,336,2.5,0.5,101.5,maker,20,OOS,lenient_liq,-1.0,0.0,-3.8672739738117787,-1.0,1.0,9,3,3,0,360,0,"{""2025"": -1.0, ""2026"": -1.0}",,
pick1_3,coint,lvl,60,3,336,2.5,0.5,101.5,taker,1,OOS,base,-0.06859258712956418,0.8884428943981754,-0.11403802406419404,-0.07808701287633046,0.445727975164814,151,0,0,0,14721,775,"{""2025"": -0.01, ""2026"": -0.1026}",-0.0685925871295641,0.8884428943981754
pick1_3,coint,lvl,60,3,336,2.5,0.5,101.5,taker,1,OOS,lenient_liq,-0.06859258712956418,0.8884428943981754,-0.11403802406419404,-0.07808701287633046,0.445727975164814,151,0,0,0,14721,775,"{""2025"": -0.01, ""2026"": -0.1026}",,
pick1_3,coint,lvl,60,3,336,2.5,0.5,101.5,taker,3,OOS,base,-0.4149951126440651,0.4096477770645878,-0.13762541978111342,-0.23426103862899172,0.8990422035881862,151,0,0,0,14721,775,"{""2025"": -0.3624, ""2026"": -0.3575}",-0.4149951126440651,0.4096477770645878
pick1_3,coint,lvl,60,3,336,2.5,0.5,101.5,taker,3,OOS,lenient_liq,-0.4149951126440651,0.4096477770645878,-0.13762541978111342,-0.23426103862899172,0.8990422035881862,151,0,0,0,14721,775,"{""2025"": -0.3624, ""2026"": -0.3575}",,
pick1_3,coint,lvl,60,3,336,2.5,0.5,101.5,taker,5,OOS,base,-1.0,0.0,0.6465719537931717,-1.0,1.0,35,1,0,0,2560,24,"{""2025"": -1.0, ""2026"": -1.0}",-1.0,0.0
pick1_3,coint,lvl,60,3,336,2.5,0.5,101.5,taker,5,OOS,lenient_liq,-0.9303335944802678,0.011859910026871225,-0.2994569368846029,-0.8775323193102527,0.9988903405572445,151,1,0,0,14585,647,"{""2025"": -0.9683, ""2026"": -0.6259}",,
pick1_3,coint,lvl,60,3,336,2.5,0.5,101.5,taker,10,OOS,base,-1.0,0.0,0.26302929332810626,-1.0,1.0,11,1,0,0,765,0,"{""2025"": -1.0, ""2026"": -1.0}",-1.0,0.0
pick1_3,coint,lvl,60,3,336,2.5,0.5,101.5,taker,10,OOS,lenient_liq,-1.0,0.0,-1.1758945752496528,-1.0,1.0,12,2,0,0,766,0,"{""2025"": -1.0, ""2026"": -1.0}",,
pick1_3,coint,lvl,60,3,336,2.5,0.5,101.5,taker,15,OOS,base,-1.0,0.0,-4.5914270497399885,-1.0,1.0,6,1,0,0,322,0,"{""2025"": -1.0, ""2026"": -1.0}",-1.0,0.0
pick1_3,coint,lvl,60,3,336,2.5,0.5,101.5,taker,15,OOS,lenient_liq,-1.0,0.0,-5.201057340144875,-1.0,1.0,8,2,0,0,393,0,"{""2025"": -1.0, ""2026"": -1.0}",,
pick1_3,coint,lvl,60,3,336,2.5,0.5,101.5,taker,20,OOS,base,-1.0,0.0,-2.3217040484325673,-1.0,1.0,6,1,0,0,290,0,"{""2025"": -1.0, ""2026"": -1.0}",-1.0,0.0
pick1_3,coint,lvl,60,3,336,2.5,0.5,101.5,taker,20,OOS,lenient_liq,-1.0,0.0,-3.9121870172542215,-1.0,1.0,9,3,0,0,360,0,"{""2025"": -1.0, ""2026"": -1.0}",,
pick5,coint,lvl,60,3,336,2.5,0.5,4.0,maker,1,IS,base,0.2856285160690166,2.125304568978716,1.3374799212097372,-0.06202000919238582,0.20009026199686053,222,0,14,0,14399,141,"{""2022"": 0.0502, ""2023"": 0.2446, ""2024"": 0.626}",0.2856285160690166,2.125304568978716
pick5,coint,lvl,60,3,336,2.5,0.5,4.0,maker,1,IS,tick5bp,0.24662613196952976,1.9376449780180762,1.189098232509951,-0.06213164232380841,0.20322922729855064,222,0,44,1,14403,141,"{""2022"": 0.0206, ""2023"": 0.2103, ""2024"": 0.5687}",,
pick5,coint,lvl,60,3,336,2.5,0.5,4.0,maker,1,IS,tick10bp,0.1845880830744162,1.6624646986732146,0.8777136066578742,-0.07844781341152218,0.3124588748176911,223,0,69,4,14699,251,"{""2022"": 0.0039, ""2023"": 0.1692, ""2024"": 0.4163}",,
pick5,coint,lvl,60,3,336,2.5,0.5,4.0,maker,1,IS,lenient_liq,0.2856285160690166,2.125304568978716,1.3374799212097372,-0.06202000919238582,0.20009026199686053,222,0,14,0,14399,141,"{""2022"": 0.0502, ""2023"": 0.2446, ""2024"": 0.626}",,
pick5,coint,lvl,60,3,336,2.5,0.5,4.0,maker,3,IS,base,0.9439128956275042,7.348995660907864,1.3854082220419892,-0.1828193778764211,0.5097778402749202,222,0,14,0,14399,141,"{""2022"": 0.0867, ""2023"": 0.7867, ""2024"": 2.7851}",0.9439128956275042,7.348995660907864
pick5,coint,lvl,60,3,336,2.5,0.5,4.0,maker,3,IS,tick5bp,0.7760245437070801,5.604251646889396,1.2408142495605186,-0.1837331094358795,0.5212796338463354,222,0,44,1,14403,141,"{""2022"": 0.0009, ""2023"": 0.6426, ""2024"": 2.4086}",,
pick5,coint,lvl,60,3,336,2.5,0.5,4.0,maker,3,IS,tick10bp,0.4019809785203996,2.7563020211119524,0.8439496302457022,-0.32616725848186723,0.7566843519008308,223,0,69,4,14699,251,"{""2022"": -0.0468, ""2023"": 0.4803, ""2024"": 0.9533}",,
pick5,coint,lvl,60,3,336,2.5,0.5,4.0,maker,3,IS,lenient_liq,0.9439128956275042,7.348995660907864,1.3854082220419892,-0.1828193778764211,0.5097778402749202,222,0,14,0,14399,141,"{""2022"": 0.0867, ""2023"": 0.7867, ""2024"": 2.7851}",,
pick5,coint,lvl,60,3,336,2.5,0.5,4.0,maker,5,IS,base,1.6129605867459986,17.851885342879037,1.4418326393991667,-0.29952909641941006,0.7327448186537744,222,0,14,0,14399,141,"{""2022"": 0.0329, ""2023"": 1.313, ""2024"": 6.4725}",1.6129605867459986,17.851885342879037
pick5,coint,lvl,60,3,336,2.5,0.5,4.0,maker,5,IS,tick5bp,1.2542004111075635,11.460912165126551,1.3018248256539853,-0.3018482571592863,0.7430232514326617,222,0,44,1,14403,141,"{""2022"": -0.0948, ""2023"": 1.0087, ""2024"": 5.3034}",,
pick5,coint,lvl,60,3,336,2.5,0.5,4.0,maker,5,IS,tick10bp,-1.0,0.0,0.5144748355920974,-1.0,1.0,166,1,52,3,10546,238,"{""2022"": -0.1653, ""2023"": 0.6876, ""2024"": -1.0}",,
pick5,coint,lvl,60,3,336,2.5,0.5,4.0,maker,5,IS,lenient_liq,1.6129605867459986,17.851885342879037,1.4418326393991667,-0.29952909641941006,0.7327448186537744,222,0,14,0,14399,141,"{""2022"": 0.0329, ""2023"": 1.313, ""2024"": 6.4725}",,
pick5,coint,lvl,60,3,336,2.5,0.5,4.0,maker,10,IS,base,-1.0,0.0,0.9378202723603023,-1.0,1.0,123,1,9,0,7358,141,"{""2022"": -0.3852, ""2023"": -1.0, ""2024"": -1.0}",-1.0,0.0
pick5,coint,lvl,60,3,336,2.5,0.5,4.0,maker,10,IS,tick5bp,-1.0,0.0,0.795305838056128,-1.0,1.0,123,1,25,1,7362,141,"{""2022"": -0.5183, ""2023"": -1.0, ""2024"": -1.0}",,
pick5,coint,lvl,60,3,336,2.5,0.5,4.0,maker,10,IS,tick10bp,-1.0,0.0,0.6807989992380753,-1.0,1.0,122,1,38,2,7361,141,"{""2022"": -0.5919, ""2023"": -1.0, ""2024"": -1.0}",,
pick5,coint,lvl,60,3,336,2.5,0.5,4.0,maker,10,IS,lenient_liq,-1.0,0.0,0.9378202723603023,-1.0,1.0,123,1,9,0,7358,141,"{""2022"": -0.3852, ""2023"": -1.0, ""2024"": -1.0}",,
pick5,coint,lvl,60,3,336,2.5,0.5,4.0,maker,15,IS,base,-1.0,0.0,-0.1569414086498896,-1.0,1.0,37,1,1,0,1759,0,"{""2022"": -1.0, ""2023"": -1.0, ""2024"": -1.0}",-1.0,0.0
pick5,coint,lvl,60,3,336,2.5,0.5,4.0,maker,15,IS,tick5bp,-1.0,0.0,-0.2660282494698226,-1.0,1.0,37,1,7,0,1759,0,"{""2022"": -1.0, ""2023"": -1.0, ""2024"": -1.0}",,
pick5,coint,lvl,60,3,336,2.5,0.5,4.0,maker,15,IS,tick10bp,-1.0,0.0,-0.3064668904600025,-1.0,1.0,37,1,9,0,1759,0,"{""2022"": -1.0, ""2023"": -1.0, ""2024"": -1.0}",,
pick5,coint,lvl,60,3,336,2.5,0.5,4.0,maker,15,IS,lenient_liq,-1.0,0.0,0.082622998216732,-1.0,1.0,114,5,9,0,6078,31,"{""2022"": -0.9982, ""2023"": -1.0, ""2024"": -1.0}",,
pick5,coint,lvl,60,3,336,2.5,0.5,4.0,maker,20,IS,base,-1.0,0.0,1.8764543456315994,-1.0,1.0,14,1,1,0,721,0,"{""2022"": -1.0, ""2023"": -1.0, ""2024"": -1.0}",-1.0,0.0
pick5,coint,lvl,60,3,336,2.5,0.5,4.0,maker,20,IS,tick5bp,-1.0,0.0,-1.212172015051251,-1.0,1.0,8,1,3,0,328,0,"{""2022"": -1.0, ""2023"": -1.0, ""2024"": -1.0}",,
pick5,coint,lvl,60,3,336,2.5,0.5,4.0,maker,20,IS,tick10bp,-1.0,0.0,-1.212172015051251,-1.0,1.0,8,1,3,0,328,0,"{""2022"": -1.0, ""2023"": -1.0, ""2024"": -1.0}",,
pick5,coint,lvl,60,3,336,2.5,0.5,4.0,maker,20,IS,lenient_liq,-1.0,0.0,-0.7882651109085917,-1.0,1.0,70,6,4,0,3353,6,"{""2022"": -1.0, ""2023"": -1.0, ""2024"": -1.0}",,
pick5,coint,lvl,60,3,336,2.5,0.5,4.0,taker,1,IS,base,0.19141206349613515,1.69136773315341,0.9660340506803736,-0.06479533565995299,0.21612386337022604,222,0,0,0,14401,139,"{""2022"": -0.0247, ""2023"": 0.1587, ""2024"": 0.4966}",0.1914120634961351,1.69136773315341
pick5,coint,lvl,60,3,336,2.5,0.5,4.0,taker,1,IS,lenient_liq,0.19141206349613515,1.69136773315341,0.9660340506803736,-0.06479533565995299,0.21612386337022604,222,0,0,0,14401,139,"{""2022"": -0.0247, ""2023"": 0.1587, ""2024"": 0.4966}",,
pick5,coint,lvl,60,3,336,2.5,0.5,4.0,taker,3,IS,base,0.5522231828123461,3.741047283387319,1.0228623224939621,-0.19102236414518814,0.5306884912592369,222,0,0,0,14401,139,"{""2022"": -0.1275, ""2023"": 0.4453, ""2024"": 1.9666}",0.5522231828123461,3.741047283387319
pick5,coint,lvl,60,3,336,2.5,0.5,4.0,taker,3,IS,lenient_liq,0.5522231828123461,3.741047283387319,1.0228623224939621,-0.19102236414518814,0.5306884912592369,222,0,0,0,14401,139,"{""2022"": -0.1275, ""2023"": 0.4453, ""2024"": 1.9666}",,
pick5,coint,lvl,60,3,336,2.5,0.5,4.0,taker,5,IS,base,0.8027450906499853,5.861086651194693,1.0906127557505054,-0.31291996816878964,0.7464897584132987,222,0,0,0,14401,139,"{""2022"": -0.2817, ""2023"": 0.6292, ""2024"": 4.0087}",0.8027450906499853,5.861086651194693
pick5,coint,lvl,60,3,336,2.5,0.5,4.0,taker,5,IS,lenient_liq,0.8027450906499853,5.861086651194693,1.0906127557505054,-0.31291996816878964,0.7464897584132987,222,0,0,0,14401,139,"{""2022"": -0.2817, ""2023"": 0.6292, ""2024"": 4.0087}",,
pick5,coint,lvl,60,3,336,2.5,0.5,4.0,taker,10,IS,base,-1.0,0.0,0.6072666100945857,-1.0,1.0,123,1,0,0,7360,139,"{""2022"": -0.7026, ""2023"": -1.0, ""2024"": -1.0}",-1.0,0.0
pick5,coint,lvl,60,3,336,2.5,0.5,4.0,taker,10,IS,lenient_liq,-1.0,0.0,0.6072666100945857,-1.0,1.0,123,1,0,0,7360,139,"{""2022"": -0.7026, ""2023"": -1.0, ""2024"": -1.0}",,
pick5,coint,lvl,60,3,336,2.5,0.5,4.0,taker,15,IS,base,-1.0,0.0,-0.5464300637135845,-1.0,1.0,37,1,0,0,1759,0,"{""2022"": -1.0, ""2023"": -1.0, ""2024"": -1.0}",-1.0,0.0
pick5,coint,lvl,60,3,336,2.5,0.5,4.0,taker,15,IS,lenient_liq,-1.0,0.0,-0.0665238298867024,-1.0,1.0,114,5,0,0,6042,29,"{""2022"": -0.9995, ""2023"": -1.0, ""2024"": -1.0}",,
pick5,coint,lvl,60,3,336,2.5,0.5,4.0,taker,20,IS,base,-1.0,0.0,-1.3301655294345636,-1.0,1.0,8,1,0,0,328,0,"{""2022"": -1.0, ""2023"": -1.0, ""2024"": -1.0}",-1.0,0.0
pick5,coint,lvl,60,3,336,2.5,0.5,4.0,taker,20,IS,lenient_liq,-1.0,0.0,-1.3929609137109769,-1.0,1.0,68,8,0,0,3109,6,"{""2022"": -1.0, ""2023"": -1.0, ""2024"": -1.0}",,
pick5,coint,lvl,60,3,336,2.5,0.5,4.0,maker,1,OOS,base,-0.018943021160998885,0.9686661140741581,-0.00873246588977308,-0.05513684672562402,0.350537476943796,128,0,16,0,8664,177,"{""2025"": -0.0388, ""2026"": 0.0078}",-0.0189430211609988,0.968666114074158
pick5,coint,lvl,60,3,336,2.5,0.5,4.0,maker,1,OOS,tick5bp,-0.053466116026147925,0.9125905012855855,-0.19908046705253987,-0.05513684672562458,0.363523498646403,128,0,33,0,8664,177,"{""2025"": -0.0693, ""2026"": -0.0194}",,
pick5,coint,lvl,60,3,336,2.5,0.5,4.0,maker,1,OOS,tick10bp,-0.0988172691536926,0.8409707449342834,-0.4610416125480643,-0.055136846725624133,0.3874758819302583,128,0,54,0,8664,177,"{""2025"": -0.1108, ""2026"": -0.0542}",,
pick5,coint,lvl,60,3,336,2.5,0.5,4.0,maker,1,OOS,lenient_liq,-0.018943021160998885,0.9686661140741581,-0.00873246588977308,-0.05513684672562402,0.350537476943796,128,0,16,0,8664,177,"{""2025"": -0.0388, ""2026"": 0.0078}",,
pick5,coint,lvl,60,3,336,2.5,0.5,4.0,maker,3,OOS,base,-0.2036737485355944,0.6844706333355186,-0.08574794532150473,-0.17956835447101105,0.7821058602180493,128,0,16,0,8664,177,"{""2025"": -0.3076, ""2026"": -0.0115}",-0.2036737485355944,0.6844706333355186
pick5,coint,lvl,60,3,336,2.5,0.5,4.0,maker,3,OOS,tick5bp,-0.28391549974449637,0.5735504221386681,-0.26219008480808714,-0.17956835447101072,0.7947287337641387,128,0,33,0,8664,177,"{""2025"": -0.3702, ""2026"": -0.0893}",,
pick5,coint,lvl,60,3,336,2.5,0.5,4.0,maker,3,OOS,tick10bp,-0.3817530906635609,0.44912312332380244,-0.5099337345943844,-0.17956835447101083,0.8173583602101013,128,0,54,0,8664,177,"{""2025"": -0.4504, ""2026"": -0.1828}",,
pick5,coint,lvl,60,3,336,2.5,0.5,4.0,maker,3,OOS,lenient_liq,-0.2036737485355944,0.6844706333355186,-0.08574794532150473,-0.17956835447101105,0.7821058602180493,128,0,16,0,8664,177,"{""2025"": -0.3076, ""2026"": -0.0115}",,
pick5,coint,lvl,60,3,336,2.5,0.5,4.0,maker,5,OOS,base,-0.6008072745034612,0.21683195777362912,-0.23480886005354187,-0.4308134632147633,0.9721500557324729,128,0,16,0,8664,177,"{""2025"": -0.7653, ""2026"": -0.0761}",-0.6008072745034612,0.2168319577736291
pick5,coint,lvl,60,3,336,2.5,0.5,4.0,maker,5,OOS,tick5bp,-0.6648463481787248,0.1620745351848793,-0.3856898488674032,-0.4308134632147629,0.9736786707777262,128,0,33,0,8664,177,"{""2025"": -0.7989, ""2026"": -0.1942}",,
pick5,coint,lvl,60,3,336,2.5,0.5,4.0,maker,5,OOS,tick10bp,-0.7375782409893552,0.10785975327797868,-0.6055653594515892,-0.430813463214763,0.9757142078516369,128,0,54,0,8664,177,"{""2025"": -0.8397, ""2026"": -0.3273}",,
pick5,coint,lvl,60,3,336,2.5,0.5,4.0,maker,5,OOS,lenient_liq,-0.6008072745034612,0.21683195777362912,-0.23480886005354187,-0.4308134632147633,0.9721500557324729,128,0,16,0,8664,177,"{""2025"": -0.7653, ""2026"": -0.0761}",,
pick5,coint,lvl,60,3,336,2.5,0.5,4.0,maker,10,OOS,base,-1.0,0.0,1.5207975020488431,-1.0,1.0,46,1,8,0,3467,3,"{""2025"": -1.0, ""2026"": -1.0}",-1.0,0.0
pick5,coint,lvl,60,3,336,2.5,0.5,4.0,maker,10,OOS,tick5bp,-1.0,0.0,1.4349567461531825,-1.0,1.0,46,1,12,0,3467,3,"{""2025"": -1.0, ""2026"": -1.0}",,
pick5,coint,lvl,60,3,336,2.5,0.5,4.0,maker,10,OOS,tick10bp,-1.0,0.0,1.2911914532175672,-1.0,1.0,46,1,17,0,3467,3,"{""2025"": -1.0, ""2026"": -1.0}",,
pick5,coint,lvl,60,3,336,2.5,0.5,4.0,maker,10,OOS,lenient_liq,-0.9540579328084424,0.005930589832721406,-0.121310691552265,-0.8928957219346358,0.9997756669890897,121,2,15,0,8393,4,"{""2025"": -0.9903, ""2026"": -0.3889}",,
pick5,coint,lvl,60,3,336,2.5,0.5,4.0,maker,15,OOS,base,-1.0,0.0,2.7833597289898435,-1.0,1.0,31,1,5,0,1746,0,"{""2025"": -1.0, ""2026"": -1.0}",-1.0,0.0
pick5,coint,lvl,60,3,336,2.5,0.5,4.0,maker,15,OOS,tick5bp,-1.0,0.0,2.622660793350773,-1.0,1.0,31,1,9,0,1746,0,"{""2025"": -1.0, ""2026"": -1.0}",,
pick5,coint,lvl,60,3,336,2.5,0.5,4.0,maker,15,OOS,tick10bp,-1.0,0.0,2.4417600336819865,-1.0,1.0,31,1,12,0,1746,0,"{""2025"": -1.0, ""2026"": -1.0}",,
pick5,coint,lvl,60,3,336,2.5,0.5,4.0,maker,15,OOS,lenient_liq,-1.0,0.0,-0.17158659157376452,-1.0,1.0,50,5,7,0,3312,0,"{""2025"": -1.0, ""2026"": -1.0}",,
pick5,coint,lvl,60,3,336,2.5,0.5,4.0,maker,20,OOS,base,-1.0,0.0,3.350691219651435,-1.0,1.0,31,1,5,0,1730,0,"{""2025"": -1.0, ""2026"": -1.0}",-1.0,0.0
pick5,coint,lvl,60,3,336,2.5,0.5,4.0,maker,20,OOS,tick5bp,-1.0,0.0,3.1925896553109863,-1.0,1.0,31,1,9,0,1730,0,"{""2025"": -1.0, ""2026"": -1.0}",,
pick5,coint,lvl,60,3,336,2.5,0.5,4.0,maker,20,OOS,tick10bp,-1.0,0.0,-2.6335564766084523,-1.0,1.0,9,1,5,0,414,0,"{""2025"": -1.0, ""2026"": -1.0}",,
pick5,coint,lvl,60,3,336,2.5,0.5,4.0,maker,20,OOS,lenient_liq,-1.0,0.0,1.3628711936261477,-1.0,1.0,44,4,7,0,2743,0,"{""2025"": -1.0, ""2026"": -1.0}",,
pick5,coint,lvl,60,3,336,2.5,0.5,4.0,taker,1,OOS,base,-0.0762787457055879,0.8762721025763565,-0.33553286658881976,-0.055253503744495,0.379624463104539,128,0,0,0,8664,177,"{""2025"": -0.0966, ""2026"": -0.0301}",-0.0762787457055879,0.8762721025763565
pick5,coint,lvl,60,3,336,2.5,0.5,4.0,taker,1,OOS,lenient_liq,-0.0762787457055879,0.8762721025763565,-0.33553286658881976,-0.055253503744495,0.379624463104539,128,0,0,0,8664,177,"{""2025"": -0.0966, ""2026"": -0.0301}",,
pick5,coint,lvl,60,3,336,2.5,0.5,4.0,taker,3,OOS,base,-0.33518816101484705,0.506829606420824,-0.39817066450743815,-0.18081590418753257,0.810658213842558,128,0,0,0,8664,177,"{""2025"": -0.4251, ""2026"": -0.1184}",-0.335188161014847,0.506829606420824
pick5,coint,lvl,60,3,336,2.5,0.5,4.0,taker,3,OOS,lenient_liq,-0.33518816101484705,0.506829606420824,-0.39817066450743815,-0.18081590418753257,0.810658213842558,128,0,0,0,8664,177,"{""2025"": -0.4251, ""2026"": -0.1184}",,
pick5,coint,lvl,60,3,336,2.5,0.5,4.0,taker,5,OOS,base,-0.7069080794503753,0.12964850876795875,-0.5163030503394997,-0.433878832128331,0.9749009349034703,128,0,0,0,8664,177,"{""2025"": -0.8302, ""2026"": -0.2366}",-0.7069080794503753,0.1296485087679587
pick5,coint,lvl,60,3,336,2.5,0.5,4.0,taker,5,OOS,lenient_liq,-0.7069080794503753,0.12964850876795875,-0.5163030503394997,-0.433878832128331,0.9749009349034703,128,0,0,0,8664,177,"{""2025"": -0.8302, ""2026"": -0.2366}",,
pick5,coint,lvl,60,3,336,2.5,0.5,4.0,taker,10,OOS,base,-1.0,0.0,1.2896932888671042,-1.0,1.0,46,1,0,0,3467,3,"{""2025"": -1.0, ""2026"": -1.0}",-1.0,0.0
pick5,coint,lvl,60,3,336,2.5,0.5,4.0,taker,10,OOS,lenient_liq,-0.9801170009742659,0.0014710599179860108,-0.4488215134718701,-0.9227760366347677,0.9999084422901026,121,2,0,0,8393,4,"{""2025"": -0.9965, ""2026"": -0.5849}",,
pick5,coint,lvl,60,3,336,2.5,0.5,4.0,taker,15,OOS,base,-1.0,0.0,2.4888582364726606,-1.0,1.0,31,1,0,0,1746,0,"{""2025"": -1.0, ""2026"": -1.0}",-1.0,0.0
pick5,coint,lvl,60,3,336,2.5,0.5,4.0,taker,15,OOS,lenient_liq,-1.0,0.0,-0.43740053551786273,-1.0,1.0,50,5,0,0,3312,0,"{""2025"": -1.0, ""2026"": -1.0}",,
pick5,coint,lvl,60,3,336,2.5,0.5,4.0,taker,20,OOS,base,-1.0,0.0,0.500742438353504,-1.0,1.0,15,1,0,0,738,0,"{""2025"": -1.0, ""2026"": -1.0}",-1.0,0.0
pick5,coint,lvl,60,3,336,2.5,0.5,4.0,taker,20,OOS,lenient_liq,-1.0,0.0,-0.7015702378842776,-1.0,1.0,50,8,0,0,2854,0,"{""2025"": -1.0, ""2026"": -1.0}",,
pick10,coint,ret,60,10,72,3.0,0.5,4.5,maker,1,IS,base,0.06363299968285618,1.203354945432834,0.7411878727465198,-0.033364725067945744,0.19185681889800343,651,0,51,0,18813,83,"{""2022"": 0.0267, ""2023"": -0.05, ""2024"": 0.2338}",0.0636329996828561,1.203354945432834
pick10,coint,ret,60,10,72,3.0,0.5,4.5,maker,1,IS,tick5bp,0.03691555924409573,1.114912923270817,0.45390292197897214,-0.03336472506794552,0.21574503873034978,651,0,141,2,18823,83,"{""2022"": -0.0122, ""2023"": -0.0645, ""2024"": 0.2064}",,
pick10,coint,ret,60,10,72,3.0,0.5,4.5,maker,1,IS,tick10bp,0.0023766763699146765,1.00714862473644,0.07118015765183404,-0.033364725067945744,0.24608434628810438,649,0,255,5,18755,83,"{""2022"": -0.0493, ""2023"": -0.09, ""2024"": 0.1643}",,
pick10,coint,ret,60,10,72,3.0,0.5,4.5,maker,1,IS,lenient_liq,0.06363299968285618,1.203354945432834,0.7411878727465198,-0.033364725067945744,0.19185681889800343,651,0,51,0,18813,83,"{""2022"": 0.0267, ""2023"": -0.05, ""2024"": 0.2338}",,
pick10,coint,ret,60,10,72,3.0,0.5,4.5,maker,3,IS,base,0.17799439940031325,1.6348517325493865,0.7461843716471787,-0.10256909412321902,0.48922640200009804,651,0,51,0,18813,83,"{""2022"": 0.06, ""2023"": -0.1673, ""2024"": 0.8522}",0.1779943994003132,1.6348517325493863
pick10,coint,ret,60,10,72,3.0,0.5,4.5,maker,3,IS,tick5bp,0.09173437652276206,1.3012988512434962,0.46257720274124314,-0.10256909412321913,0.533058005752229,651,0,141,2,18823,83,"{""2022"": -0.0557, ""2023"": -0.2045, ""2024"": 0.7322}",,
pick10,coint,ret,60,10,72,3.0,0.5,4.5,maker,3,IS,tick10bp,-0.014036091966069697,0.9584707209763597,0.08279251003334523,-0.10256909412321946,0.5856273626809705,649,0,255,5,18755,83,"{""2022"": -0.159, ""2023"": -0.268, ""2024"": 0.557}",,
pick10,coint,ret,60,10,72,3.0,0.5,4.5,maker,3,IS,lenient_liq,0.17799439940031325,1.6348517325493865,0.7461843716471787,-0.10256909412321902,0.48922640200009804,651,0,51,0,18813,83,"{""2022"": 0.06, ""2023"": -0.1673, ""2024"": 0.8522}",,
pick10,coint,ret,60,10,72,3.0,0.5,4.5,maker,5,IS,base,0.26575725497617286,2.028249282512994,0.7509510586177156,-0.18411704266461182,0.6929563851802294,651,0,51,0,18813,83,"{""2022"": 0.0645, ""2023"": -0.3022, ""2024"": 1.7304}",0.2657572549761728,2.028249282512994
pick10,coint,ret,60,10,72,3.0,0.5,4.5,maker,5,IS,tick5bp,0.11554472166994234,1.38833240290541,0.4715091943533134,-0.18411704266461193,0.7354844551862743,651,0,141,2,18823,83,"{""2022"": -0.1216, ""2023"": -0.3529, ""2024"": 1.4424}",,
pick10,coint,ret,60,10,72,3.0,0.5,4.5,maker,5,IS,tick10bp,-0.05921152339851332,0.8326410610446715,0.0951742021632938,-0.18411704266461215,0.7836656440438602,649,0,255,5,18755,83,"{""2022"": -0.277, ""2023"": -0.4369, ""2024"": 1.0453}",,
pick10,coint,ret,60,10,72,3.0,0.5,4.5,maker,5,IS,lenient_liq,0.26575725497617286,2.028249282512994,0.7509510586177156,-0.18411704266461182,0.6929563851802294,651,0,51,0,18813,83,"{""2022"": 0.0645, ""2023"": -0.3022, ""2024"": 1.7304}",,
pick10,coint,ret,60,10,72,3.0,0.5,4.5,maker,10,IS,base,0.28427453249485213,2.1185951983643605,0.7587327101080965,-0.4559513494897218,0.9375899386464914,651,0,51,0,18813,83,"{""2022"": -0.0484, ""2023"": -0.6655, ""2024"": 5.6561}",0.2842745324948521,2.1185951983643605
pick10,coint,ret,60,10,72,3.0,0.5,4.5,maker,10,IS,tick5bp,-0.0007451835101470738,0.9977656058506492,0.4927149542034939,-0.4559513494897214,0.953596152074466,651,0,141,2,18823,83,"{""2022"": -0.3511, ""2023"": -0.7115, ""2024"": 4.3305}",,
pick10,coint,ret,60,10,72,3.0,0.5,4.5,maker,10,IS,tick10bp,-0.29183013175361183,0.35506654729074844,0.12824935929492476,-0.4559513494897215,0.9693392889229009,649,0,255,5,18755,83,"{""2022"": -0.5644, ""2023"": -0.7821, ""2024"": 2.7417}",,
pick10,coint,ret,60,10,72,3.0,0.5,4.5,maker,10,IS,lenient_liq,0.28427453249485213,2.1185951983643605,0.7587327101080965,-0.4559513494897218,0.9375899386464914,651,0,51,0,18813,83,"{""2022"": -0.0484, ""2023"": -0.6655, ""2024"": 5.6561}",,
pick10,coint,ret,60,10,72,3.0,0.5,4.5,maker,15,IS,base,-1.0,0.0,-0.31140740242125114,-1.0,1.0,263,1,16,0,8004,61,"{""2022"": -0.2914, ""2023"": -1.0, ""2024"": -1.0}",-1.0,0.0
pick10,coint,ret,60,10,72,3.0,0.5,4.5,maker,15,IS,tick5bp,-1.0,0.0,-0.5790974680240464,-1.0,1.0,263,1,58,1,8010,61,"{""2022"": -0.6005, ""2023"": -1.0, ""2024"": -1.0}",,
pick10,coint,ret,60,10,72,3.0,0.5,4.5,maker,15,IS,tick10bp,-1.0,0.0,-0.8894561313154838,-1.0,1.0,263,1,101,2,8009,61,"{""2022"": -0.7842, ""2023"": -1.0, ""2024"": -1.0}",,
pick10,coint,ret,60,10,72,3.0,0.5,4.5,maker,15,IS,lenient_liq,-1.0,0.0,-0.31140740242125114,-1.0,1.0,263,1,16,0,8004,61,"{""2022"": -0.2914, ""2023"": -1.0, ""2024"": -1.0}",,
pick10,coint,ret,60,10,72,3.0,0.5,4.5,maker,20,IS,base,-1.0,0.0,0.41258571742507416,-1.0,1.0,91,1,3,0,2445,10,"{""2022"": -1.0, ""2023"": -1.0, ""2024"": -1.0}",-1.0,0.0
pick10,coint,ret,60,10,72,3.0,0.5,4.5,maker,20,IS,tick5bp,-1.0,0.0,0.2241248234967379,-1.0,1.0,91,1,16,0,2445,10,"{""2022"": -1.0, ""2023"": -1.0, ""2024"": -1.0}",,
pick10,coint,ret,60,10,72,3.0,0.5,4.5,maker,20,IS,tick10bp,-1.0,0.0,-0.008287448797231188,-1.0,1.0,91,1,28,0,2445,10,"{""2022"": -1.0, ""2023"": -1.0, ""2024"": -1.0}",,
pick10,coint,ret,60,10,72,3.0,0.5,4.5,maker,20,IS,lenient_liq,-0.8776985249403907,0.001826713616759204,0.7774218642472944,-0.9974850301884018,0.9999917502265193,635,2,51,0,18367,63,"{""2022"": -0.9988, ""2023"": -0.9466, ""2024"": 27.144}",,
pick10,coint,ret,60,10,72,3.0,0.5,4.5,taker,1,IS,base,-0.010507210231216035,0.9688014093879944,-0.0771228741932597,-0.033539303134393905,0.23712494111384586,651,0,0,0,18813,83,"{""2022"": -0.0602, ""2023"": -0.1022, ""2024"": 0.1481}",-0.010507210231216,0.9688014093879944
pick10,coint,ret,60,10,72,3.0,0.5,4.5,taker,1,IS,lenient_liq,-0.010507210231216035,0.9688014093879944,-0.0771228741932597,-0.033539303134393905,0.23712494111384586,651,0,0,0,18813,83,"{""2022"": -0.0602, ""2023"": -0.1022, ""2024"": 0.1481}",,
pick10,coint,ret,60,10,72,3.0,0.5,4.5,taker,3,IS,base,-0.05128860597591878,0.8538600581691743,-0.0654076911057416,-0.10339222624057653,0.5708002577562041,651,0,0,0,18813,83,"{""2022"": -0.1863, ""2023"": -0.2974, ""2024"": 0.4936}",-0.0512886059759187,0.8538600581691743
pick10,coint,ret,60,10,72,3.0,0.5,4.5,taker,3,IS,lenient_liq,-0.05128860597591878,0.8538600581691743,-0.0654076911057416,-0.10339222624057653,0.5708002577562041,651,0,0,0,18813,83,"{""2022"": -0.1863, ""2023"": -0.2974, ""2024"": 0.4936}",,
pick10,coint,ret,60,10,72,3.0,0.5,4.5,taker,5,IS,base,-0.11736197997323694,0.6875602852063456,-0.0527214252364827,-0.18578114617029318,0.7707549827391048,651,0,0,0,18813,83,"{""2022"": -0.3143, ""2023"": -0.4748, ""2024"": 0.9092}",-0.1173619799732369,0.6875602852063456
pick10,coint,ret,60,10,72,3.0,0.5,4.5,taker,5,IS,lenient_liq,-0.11736197997323694,0.6875602852063456,-0.0527214252364827,-0.18578114617029318,0.7707549827391048,651,0,0,0,18813,83,"{""2022"": -0.3143, ""2023"": -0.4748, ""2024"": 0.9092}",,
pick10,coint,ret,60,10,72,3.0,0.5,4.5,taker,10,IS,base,-0.37678490852197455,0.2419765729972057,-0.017886606899263524,-0.46175976760119075,0.9658552385565184,651,0,0,0,18813,83,"{""2022"": -0.604, ""2023"": -0.8129, ""2024"": 2.2669}",-0.3767849085219745,0.2419765729972057
pick10,coint,ret,60,10,72,3.0,0.5,4.5,taker,10,IS,lenient_liq,-0.37678490852197455,0.2419765729972057,-0.017886606899263524,-0.46175976760119075,0.9658552385565184,651,0,0,0,18813,83,"{""2022"": -0.604, ""2023"": -0.8129, ""2024"": 2.2669}",,
pick10,coint,ret,60,10,72,3.0,0.5,4.5,taker,15,IS,base,-1.0,0.0,-0.9550291452844543,-1.0,1.0,263,1,0,0,8004,61,"{""2022"": -0.8097, ""2023"": -1.0, ""2024"": -1.0}",-1.0,0.0
pick10,coint,ret,60,10,72,3.0,0.5,4.5,taker,15,IS,lenient_liq,-1.0,0.0,-0.9550291452844543,-1.0,1.0,263,1,0,0,8004,61,"{""2022"": -0.8097, ""2023"": -1.0, ""2024"": -1.0}",,
pick10,coint,ret,60,10,72,3.0,0.5,4.5,taker,20,IS,base,-1.0,0.0,-0.07335019803182193,-1.0,1.0,91,1,0,0,2445,10,"{""2022"": -1.0, ""2023"": -1.0, ""2024"": -1.0}",-1.0,0.0
pick10,coint,ret,60,10,72,3.0,0.5,4.5,taker,20,IS,lenient_liq,-1.0,0.0,-0.07335019803182193,-1.0,1.0,91,1,0,0,2445,10,"{""2022"": -1.0, ""2023"": -1.0, ""2024"": -1.0}",,
pick10,coint,ret,60,10,72,3.0,0.5,4.5,maker,1,OOS,base,0.05321230715750591,1.0901350625966308,0.7439594872502431,-0.02547392838935092,0.1281284454635907,394,0,30,0,10616,77,"{""2025"": 0.1436, ""2026"": -0.0467}",0.0532123071575059,1.0901350625966308
pick10,coint,ret,60,10,72,3.0,0.5,4.5,maker,1,OOS,tick5bp,0.018021897703464074,1.0301787912418772,0.27805504380086254,-0.02724322955867342,0.14584161543903018,394,0,81,0,10616,77,"{""2025"": 0.0932, ""2026"": -0.0576}",,
pick10,coint,ret,60,10,72,3.0,0.5,4.5,maker,1,OOS,tick10bp,-0.024505316897242224,0.9595412213101537,-0.3001631604289499,-0.02725216705832778,0.17444676147923266,393,0,160,3,10658,77,"{""2025"": 0.0497, ""2026"": -0.0859}",,
pick10,coint,ret,60,10,72,3.0,0.5,4.5,maker,1,OOS,lenient_liq,0.05321230715750591,1.0901350625966308,0.7439594872502431,-0.02547392838935092,0.1281284454635907,394,0,30,0,10616,77,"{""2025"": 0.1436, ""2026"": -0.0467}",,
pick10,coint,ret,60,10,72,3.0,0.5,4.5,maker,3,OOS,base,0.15146626724078538,1.264618682655122,0.7494817966620865,-0.07495307140624796,0.34769451410740493,394,0,30,0,10616,77,"{""2025"": 0.4729, ""2026"": -0.1414}",0.1514662672407853,1.264618682655122
pick10,coint,ret,60,10,72,3.0,0.5,4.5,maker,3,OOS,tick5bp,0.039616074621702024,1.066809799806944,0.2856254512998584,-0.08004729329871518,0.38699134457468265,394,0,81,0,10616,77,"{""2025"": 0.2858, ""2026"": -0.1703}",,
pick10,coint,ret,60,10,72,3.0,0.5,4.5,maker,3,OOS,tick10bp,-0.08529125674926719,0.8620865813774798,-0.2909600819748126,-0.08012283948902932,0.44672842882108565,393,0,160,3,10658,77,"{""2025"": 0.1386, ""2026"": -0.2428}",,
pick10,coint,ret,60,10,72,3.0,0.5,4.5,maker,3,OOS,lenient_liq,0.15146626724078538,1.264618682655122,0.7494817966620865,-0.07495307140624796,0.34769451410740493,394,0,30,0,10616,77,"{""2025"": 0.4729, ""2026"": -0.1414}",,
pick10,coint,ret,60,10,72,3.0,0.5,4.5,maker,5,OOS,base,0.23417261381756393,1.4194024325660743,0.7542616895718578,-0.12253973227601711,0.5231175211633374,394,0,30,0,10616,77,"{""2025"": 0.8577, ""2026"": -0.2359}",0.2341726138175639,1.4194024325660743
pick10,coint,ret,60,10,72,3.0,0.5,4.5,maker,5,OOS,tick5bp,0.04038065539746949,1.0681161417056477,0.29280132612820403,-0.13068614552664115,0.5705343845255522,394,0,81,0,10616,77,"{""2025"": 0.4797, ""2026"": -0.2782}",,
pick10,coint,ret,60,10,72,3.0,0.5,4.5,maker,5,OOS,tick10bp,-0.15952145971133824,0.7488003259494022,-0.28163422417081324,-0.1308830127902243,0.6382211034452285,393,0,160,3,10658,77,"{""2025"": 0.2086, ""2026"": -0.3804}",,
pick10,coint,ret,60,10,72,3.0,0.5,4.5,maker,5,OOS,lenient_liq,0.23417261381756393,1.4194024325660743,0.7542616895718578,-0.12253973227601711,0.5231175211633374,394,0,30,0,10616,77,"{""2025"": 0.8577, ""2026"": -0.2359}",,
pick10,coint,ret,60,10,72,3.0,0.5,4.5,maker,10,OOS,base,0.33841291137457064,1.6245144942285756,0.7631046089378923,-0.23371735118051307,0.8073671580332279,394,0,30,0,10616,77,"{""2025"": 2.0066, ""2026"": -0.4597}",0.3384129113745706,1.6245144942285756
pick10,coint,ret,60,10,72,3.0,0.5,4.5,maker,10,OOS,tick5bp,-0.05244362909749367,0.9142320990457389,0.30931494141954746,-0.24839158532401429,0.8452306984380579,394,0,81,0,10616,77,"{""2025"": 0.8944, ""2026"": -0.5174}",,
pick10,coint,ret,60,10,72,3.0,0.5,4.5,maker,10,OOS,tick10bp,-0.38205933491093336,0.4487528578148408,-0.2573346109463304,-0.2490591166534517,0.8937614903563993,393,0,160,3,10658,77,"{""2025"": 0.2645, ""2026"": -0.6451}",,
pick10,coint,ret,60,10,72,3.0,0.5,4.5,maker,10,OOS,lenient_liq,0.33841291137457064,1.6245144942285756,0.7631046089378923,-0.23371735118051307,0.8073671580332279,394,0,30,0,10616,77,"{""2025"": 2.0066, ""2026"": -0.4597}",,
pick10,coint,ret,60,10,72,3.0,0.5,4.5,maker,15,OOS,base,-1.0,0.0,-3.451529271452474,-1.0,1.0,10,1,1,0,146,0,"{""2025"": -1.0, ""2026"": -1.0}",-1.0,0.0
pick10,coint,ret,60,10,72,3.0,0.5,4.5,maker,15,OOS,tick5bp,-1.0,0.0,-3.451529271452474,-1.0,1.0,10,1,1,0,146,0,"{""2025"": -1.0, ""2026"": -1.0}",,
pick10,coint,ret,60,10,72,3.0,0.5,4.5,maker,15,OOS,tick10bp,-1.0,0.0,-3.451529271452474,-1.0,1.0,10,1,1,0,146,0,"{""2025"": -1.0, ""2026"": -1.0}",,
pick10,coint,ret,60,10,72,3.0,0.5,4.5,maker,15,OOS,lenient_liq,-0.7689828124779226,0.08723963484022171,0.16610720744259727,-0.932244106586449,0.9807704459268298,381,1,29,0,10140,77,"{""2025"": -0.7518, ""2026"": -0.6485}",,
pick10,coint,ret,60,10,72,3.0,0.5,4.5,maker,20,OOS,base,-1.0,0.0,-3.494180158653322,-1.0,1.0,8,1,1,0,141,0,"{""2025"": -1.0, ""2026"": -1.0}",-1.0,0.0
pick10,coint,ret,60,10,72,3.0,0.5,4.5,maker,20,OOS,tick5bp,-1.0,0.0,-3.494180158653322,-1.0,1.0,8,1,1,0,141,0,"{""2025"": -1.0, ""2026"": -1.0}",,
pick10,coint,ret,60,10,72,3.0,0.5,4.5,maker,20,OOS,tick10bp,-1.0,0.0,-3.494180158653322,-1.0,1.0,8,1,1,0,141,0,"{""2025"": -1.0, ""2026"": -1.0}",,
pick10,coint,ret,60,10,72,3.0,0.5,4.5,maker,20,OOS,lenient_liq,-1.0,0.0,-3.494180158653322,-1.0,1.0,8,1,1,0,141,0,"{""2025"": -1.0, ""2026"": -1.0}",,
pick10,coint,ret,60,10,72,3.0,0.5,4.5,taker,1,OOS,base,-0.020980572119652652,0.9653195295257246,-0.26000072143587044,-0.025971314578940086,0.17452600434436016,394,0,0,0,10616,77,"{""2025"": 0.0598, ""2026"": -0.0892}",-0.0209805721196526,0.9653195295257246
pick10,coint,ret,60,10,72,3.0,0.5,4.5,taker,1,OOS,lenient_liq,-0.020980572119652652,0.9653195295257246,-0.26000072143587044,-0.025971314578940086,0.17452600434436016,394,0,0,0,10616,77,"{""2025"": 0.0598, ""2026"": -0.0892}",,
pick10,coint,ret,60,10,72,3.0,0.5,4.5,taker,3,OOS,base,-0.07456274277414665,0.8789835263079873,-0.2508300991535736,-0.07647862862923427,0.44643445015115724,394,0,0,0,10616,77,"{""2025"": 0.1733, ""2026"": -0.2508}",-0.0745627427741466,0.8789835263079873
pick10,coint,ret,60,10,72,3.0,0.5,4.5,taker,3,OOS,lenient_liq,-0.07456274277414665,0.8789835263079873,-0.2508300991535736,-0.07647862862923427,0.44643445015115724,394,0,0,0,10616,77,"{""2025"": 0.1733, ""2026"": -0.2508}",,
pick10,coint,ret,60,10,72,3.0,0.5,4.5,taker,5,OOS,base,-0.141778906452809,0.775297388020825,-0.24150049588270348,-0.1251275090188776,0.6373360239464889,394,0,0,0,10616,77,"{""2025"": 0.2729, ""2026"": -0.3909}",-0.141778906452809,0.775297388020825
pick10,coint,ret,60,10,72,3.0,0.5,4.5,taker,5,OOS,lenient_liq,-0.141778906452809,0.775297388020825,-0.24150049588270348,-0.1251275090188776,0.6373360239464889,394,0,0,0,10616,77,"{""2025"": 0.2729, ""2026"": -0.3909}",,
pick10,coint,ret,60,10,72,3.0,0.5,4.5,taker,10,OOS,base,-0.3505808205817055,0.48744633533198284,-0.21716025818753754,-0.23903598633236134,0.8888837852819835,394,0,0,0,10616,77,"{""2025"": 0.4165, ""2026"": -0.6559}",-0.3505808205817055,0.4874463353319828
pick10,coint,ret,60,10,72,3.0,0.5,4.5,taker,10,OOS,lenient_liq,-0.3505808205817055,0.48744633533198284,-0.21716025818753754,-0.23903598633236134,0.8888837852819835,394,0,0,0,10616,77,"{""2025"": 0.4165, ""2026"": -0.6559}",,
pick10,coint,ret,60,10,72,3.0,0.5,4.5,taker,15,OOS,base,-1.0,0.0,-3.5559737931341573,-1.0,1.0,10,1,0,0,146,0,"{""2025"": -1.0, ""2026"": -1.0}",-1.0,0.0
pick10,coint,ret,60,10,72,3.0,0.5,4.5,taker,15,OOS,lenient_liq,-0.9317938554748113,0.011448988378091184,-0.6248271214769289,-0.9504892266549776,0.997431389771252,381,1,0,0,10140,77,"{""2025"": -0.9361, ""2026"": -0.8208}",,
pick10,coint,ret,60,10,72,3.0,0.5,4.5,taker,20,OOS,base,-1.0,0.0,-3.6302236914372914,-1.0,1.0,8,1,0,0,141,0,"{""2025"": -1.0, ""2026"": -1.0}",-1.0,0.0
pick10,coint,ret,60,10,72,3.0,0.5,4.5,taker,20,OOS,lenient_liq,-1.0,0.0,-3.6302236914372914,-1.0,1.0,8,1,0,0,141,0,"{""2025"": -1.0, ""2026"": -1.0}",,
pick15,coint,lvl,60,10,72,3.0,0.5,4.5,maker,1,IS,base,0.052962676546393306,1.1674929669893868,0.5614469616755529,-0.03537917483715358,0.21083031772989602,872,0,67,1,24852,105,"{""2022"": 0.0045, ""2023"": -0.0532, ""2024"": 0.2276}",0.0529626765463933,1.1674929669893868
pick15,coint,lvl,60,10,72,3.0,0.5,4.5,maker,1,IS,tick5bp,0.015956931623966497,1.0486500916814376,0.2069453744717372,-0.037324128885890206,0.26522798474770903,872,0,178,2,24856,105,"{""2022"": -0.0353, ""2023"": -0.0748, ""2024"": 0.1749}",,
pick15,coint,lvl,60,10,72,3.0,0.5,4.5,maker,1,IS,tick10bp,-0.03125033523069676,0.9091284695851057,-0.26174967303509306,-0.03732412888589032,0.33630442288450857,869,0,342,7,24790,105,"{""2022"": -0.0812, ""2023"": -0.1198, ""2024"": 0.1242}",,
pick15,coint,lvl,60,10,72,3.0,0.5,4.5,maker,1,IS,lenient_liq,0.052962676546393306,1.1674929669893868,0.5614469616755529,-0.03537917483715358,0.21083031772989602,872,0,67,1,24852,105,"{""2022"": 0.0045, ""2023"": -0.0532, ""2024"": 0.2276}",,
pick15,coint,lvl,60,10,72,3.0,0.5,4.5,maker,3,IS,base,0.13966819022078725,1.4803831822608329,0.5821234474207836,-0.10614717264145057,0.5342588650953087,872,0,67,1,24852,105,"{""2022"": -0.0111, ""2023"": -0.168, ""2024"": 0.7992}",0.1396681902207872,1.4803831822608329
pick15,coint,lvl,60,10,72,3.0,0.5,4.5,maker,3,IS,tick5bp,0.024100203835685896,1.0740745761876105,0.23176368268896552,-0.11184761943767207,0.6240355284462784,872,0,178,2,24856,105,"{""2022"": -0.1241, ""2023"": -0.2234, ""2024"": 0.5791}",,
pick15,coint,lvl,60,10,72,3.0,0.5,4.5,maker,3,IS,tick10bp,-0.11202796480679567,0.7001039817517052,-0.23324802376064777,-0.11184761943767196,0.7230433713779278,869,0,342,7,24790,105,"{""2022"": -0.2434, ""2023"": -0.3314, ""2024"": 0.3839}",,
pick15,coint,lvl,60,10,72,3.0,0.5,4.5,maker,3,IS,lenient_liq,0.13966819022078725,1.4803831822608329,0.5821234474207836,-0.10614717264145057,0.5342588650953087,872,0,67,1,24852,105,"{""2022"": -0.0111, ""2023"": -0.168, ""2024"": 0.7992}",,
pick15,coint,lvl,60,10,72,3.0,0.5,4.5,maker,5,IS,base,0.19401049446568264,1.702460879009359,0.6049012174166427,-0.1769328676956844,0.7448781133596787,872,0,67,1,24852,105,"{""2022"": -0.0585, ""2023"": -0.289, ""2024"": 1.5432}",0.1940104944656826,1.702460879009359
pick15,coint,lvl,60,10,72,3.0,0.5,4.5,maker,5,IS,tick5bp,-0.0003148243097224057,0.9990556090667555,0.2590810154966244,-0.18620667069209218,0.82144624304657,872,0,178,2,24856,105,"{""2022"": -0.2312, ""2023"": -0.3659, ""2024"": 1.0492}",,
pick15,coint,lvl,60,10,72,3.0,0.5,4.5,maker,5,IS,tick10bp,-0.21173391156273724,0.4897199614979495,-0.20171353616006926,-0.18620667069209174,0.8928081479158818,869,0,342,7,24790,105,"{""2022"": -0.3977, ""2023"": -0.5059, ""2024"": 0.6455}",,
pick15,coint,lvl,60,10,72,3.0,0.5,4.5,maker,5,IS,lenient_liq,0.19401049446568264,1.702460879009359,0.6049012174166427,-0.1769328676956844,0.7448781133596787,872,0,67,1,24852,105,"{""2022"": -0.0585, ""2023"": -0.289, ""2024"": 1.5432}",,
pick15,coint,lvl,60,10,72,3.0,0.5,4.5,maker,10,IS,base,0.15631924349299964,1.5462383272186788,0.6724713582853868,-0.3540145811614548,0.9603075839272733,872,0,67,1,24852,105,"{""2022"": -0.2878, ""2023"": -0.5805, ""2024"": 4.1755}",0.1563192434929996,1.5462383272186788
pick15,coint,lvl,60,10,72,3.0,0.5,4.5,maker,10,IS,tick5bp,-0.1878170077578486,0.5356730949680245,0.3407631964233107,-0.3714008877484576,0.9805826514709456,872,0,178,2,24856,105,"{""2022"": -0.5259, ""2023"": -0.6656, ""2024"": 2.3789}",,
pick15,coint,lvl,60,10,72,3.0,0.5,4.5,maker,10,IS,tick10bp,-0.4950847716213136,0.12866258482486584,-0.10613685372498598,-0.3714008877484579,0.9931029627341068,869,0,342,7,24790,105,"{""2022"": -0.7095, ""2023"": -0.7971, ""2024"": 1.1831}",,
pick15,coint,lvl,60,10,72,3.0,0.5,4.5,maker,10,IS,lenient_liq,0.15631924349299964,1.5462383272186788,0.6724713582853868,-0.3540145811614548,0.9603075839272733,872,0,67,1,24852,105,"{""2022"": -0.2878, ""2023"": -0.5805, ""2024"": 4.1755}",,
pick15,coint,lvl,60,10,72,3.0,0.5,4.5,maker,15,IS,base,-0.11445648129577946,0.6943742281770177,0.758623445754441,-0.5313461112694826,0.9967183795932045,872,0,67,1,24852,105,"{""2022"": -0.5817, ""2023"": -0.804, ""2024"": 7.4715}",-0.1144564812957794,0.6943742281770177
pick15,coint,lvl,60,10,72,3.0,0.5,4.5,maker,15,IS,tick5bp,-0.47805466094664273,0.14212870401642907,0.4485983265920728,-0.555623354878066,0.9988701036793621,872,0,178,2,24856,105,"{""2022"": -0.7737, ""2023"": -0.8601, ""2024"": 3.4884}",,
pick15,coint,lvl,60,10,72,3.0,0.5,4.5,maker,15,IS,tick10bp,-0.7446459891130877,0.01663497921710404,0.024406326091425623,-0.5556233548780666,0.999764265249391,869,0,342,7,24790,105,"{""2022"": -0.8919, ""2023"": -0.9341, ""2024"": 1.3341}",,
pick15,coint,lvl,60,10,72,3.0,0.5,4.5,maker,15,IS,lenient_liq,-0.11445648129577946,0.6943742281770177,0.758623445754441,-0.5313461112694826,0.9967183795932045,872,0,67,1,24852,105,"{""2022"": -0.5817, ""2023"": -0.804, ""2024"": 7.4715}",,
pick15,coint,lvl,60,10,72,3.0,0.5,4.5,maker,20,IS,base,-1.0,0.0,0.28372395888332885,-1.0,1.0,278,1,13,0,8306,85,"{""2022"": -1.0, ""2023"": -1.0, ""2024"": -1.0}",-1.0,0.0
pick15,coint,lvl,60,10,72,3.0,0.5,4.5,maker,20,IS,tick5bp,-1.0,0.0,0.09587445086494065,-1.0,1.0,278,1,45,0,8306,85,"{""2022"": -1.0, ""2023"": -1.0, ""2024"": -1.0}",,
pick15,coint,lvl,60,10,72,3.0,0.5,4.5,maker,20,IS,tick10bp,-1.0,0.0,-0.2039290631863752,-1.0,1.0,278,1,93,1,8307,85,"{""2022"": -1.0, ""2023"": -1.0, ""2024"": -1.0}",,
pick15,coint,lvl,60,10,72,3.0,0.5,4.5,maker,20,IS,lenient_liq,-0.9117830519518594,0.0006853846225556298,0.6127104613308754,-0.9606935212519404,0.9999993228484676,861,2,65,1,24430,90,"{""2022"": -0.9922, ""2023"": -0.9351, ""2024"": 0.3513}",,
pick15,coint,lvl,60,10,72,3.0,0.5,4.5,taker,1,IS,base,-0.04419623418528362,0.8731578744619817,-0.4046964510731882,-0.035606831298603536,0.350262229675502,872,0,0,0,24853,105,"{""2022"": -0.0984, ""2023"": -0.1304, ""2024"": 0.1136}",-0.0441962341852836,0.8731578744619817
pick15,coint,lvl,60,10,72,3.0,0.5,4.5,taker,1,IS,lenient_liq,-0.04419623418528362,0.8731578744619817,-0.4046964510731882,-0.035606831298603536,0.350262229675502,872,0,0,0,24853,105,"{""2022"": -0.0984, ""2023"": -0.1304, ""2024"": 0.1136}",,
pick15,coint,lvl,60,10,72,3.0,0.5,4.5,taker,3,IS,base,-0.14694377160020056,0.6207056969720107,-0.37798142080717895,-0.10691673505506438,0.7404666199873323,872,0,0,0,24853,105,"{""2022"": -0.2842, ""2023"": -0.3552, ""2024"": 0.345}",-0.1469437716002005,0.6207056969720107
pick15,coint,lvl,60,10,72,3.0,0.5,4.5,taker,3,IS,lenient_liq,-0.14694377160020056,0.6207056969720107,-0.37798142080717895,-0.10691673505506438,0.7404666199873323,872,0,0,0,24853,105,"{""2022"": -0.2842, ""2023"": -0.3552, ""2024"": 0.345}",,
pick15,coint,lvl,60,10,72,3.0,0.5,4.5,taker,5,IS,base,-0.2624686202848967,0.401098473863377,-0.34813837726239427,-0.17836231182497375,0.9040236924502527,872,0,0,0,24853,105,"{""2022"": -0.4501, ""2023"": -0.5351, ""2024"": 0.569}",-0.2624686202848967,0.401098473863377
pick15,coint,lvl,60,10,72,3.0,0.5,4.5,taker,5,IS,lenient_liq,-0.2624686202848967,0.401098473863377,-0.34813837726239427,-0.17836231182497375,0.9040236924502527,872,0,0,0,24853,105,"{""2022"": -0.4501, ""2023"": -0.5351, ""2024"": 0.569}",,
pick15,coint,lvl,60,10,72,3.0,0.5,4.5,taker,10,IS,base,-0.557623289041229,0.08652354883037056,-0.25631622437299134,-0.3576311574158806,0.9944997080345301,872,0,0,0,24853,105,"{""2022"": -0.7562, ""2023"": -0.821, ""2024"": 0.9832}",-0.557623289041229,0.0865235488303705
pick15,coint,lvl,60,10,72,3.0,0.5,4.5,taker,10,IS,lenient_liq,-0.557623289041229,0.08652354883037056,-0.25631622437299134,-0.3576311574158806,0.9944997080345301,872,0,0,0,24853,105,"{""2022"": -0.7562, ""2023"": -0.821, ""2024"": 0.9832}",,
pick15,coint,lvl,60,10,72,3.0,0.5,4.5,taker,15,IS,base,-0.7908576761039599,0.009138199940681666,-0.12849969074397047,-0.5379623702738224,0.9998332769657962,872,0,0,0,24853,105,"{""2022"": -0.9163, ""2023"": -0.9459, ""2024"": 1.0174}",-0.7908576761039599,0.0091381999406816
pick15,coint,lvl,60,10,72,3.0,0.5,4.5,taker,15,IS,lenient_liq,-0.7908576761039599,0.009138199940681666,-0.12849969074397047,-0.5379623702738224,0.9998332769657962,872,0,0,0,24853,105,"{""2022"": -0.9163, ""2023"": -0.9459, ""2024"": 1.0174}",,
pick15,coint,lvl,60,10,72,3.0,0.5,4.5,taker,20,IS,base,-1.0,0.0,-0.39655821287957493,-1.0,1.0,278,1,0,0,8306,85,"{""2022"": -1.0, ""2023"": -1.0, ""2024"": -1.0}",-1.0,0.0
pick15,coint,lvl,60,10,72,3.0,0.5,4.5,taker,20,IS,lenient_liq,-0.9914954699060546,6.131036331434477e-07,-0.1642844432338649,-0.9783422184938243,0.9999999966750905,861,2,0,0,24431,90,"{""2022"": -0.9995, ""2023"": -0.9887, ""2024"": -0.9006}",,
pick15,coint,lvl,60,10,72,3.0,0.5,4.5,maker,1,OOS,base,0.09633873366637635,1.1654471242864675,0.8583868112015599,-0.05535942055756349,0.13660857046294694,537,0,43,0,14009,133,"{""2025"": 0.194, ""2026"": -0.0239}",0.0963387336663763,1.1654471242864677
pick15,coint,lvl,60,10,72,3.0,0.5,4.5,maker,1,OOS,tick5bp,0.04470105760229348,1.0755098509508867,0.437906754957024,-0.055359409677235294,0.15758410550490942,537,0,116,1,14010,133,"{""2025"": 0.1228, ""2026"": -0.0421}",,
pick15,coint,lvl,60,10,72,3.0,0.5,4.5,maker,1,OOS,tick10bp,-0.0081155102974525,0.9865272790264369,-0.01457954480228904,-0.055359410604784665,0.19262558042332323,536,0,212,3,14008,133,"{""2025"": 0.0652, ""2026"": -0.0739}",,
pick15,coint,lvl,60,10,72,3.0,0.5,4.5,maker,1,OOS,lenient_liq,0.09633873366637635,1.1654471242864675,0.8583868112015599,-0.05535942055756349,0.13660857046294694,537,0,43,0,14009,133,"{""2025"": 0.194, ""2026"": -0.0239}",,
pick15,coint,lvl,60,10,72,3.0,0.5,4.5,maker,3,OOS,base,0.2687928499929775,1.48629689232857,0.8591626853474705,-0.16964597906794976,0.3793804946336492,537,0,43,0,14009,133,"{""2025"": 0.6244, ""2026"": -0.085}",0.2687928499929775,1.48629689232857
pick15,coint,lvl,60,10,72,3.0,0.5,4.5,maker,3,OOS,tick5bp,0.09833745443853203,1.1689860893064639,0.44424139951063324,-0.16964656095213904,0.42336166828565924,537,0,116,1,14010,133,"{""2025"": 0.3518, ""2026"": -0.1353}",,
pick15,coint,lvl,60,10,72,3.0,0.5,4.5,maker,3,OOS,tick10bp,-0.05887515142522015,0.9039259331114928,-0.00122482856087747,-0.16964658627553986,0.49242153772228225,536,0,212,3,14008,133,"{""2025"": 0.1567, ""2026"": -0.2185}",,
pick15,coint,lvl,60,10,72,3.0,0.5,4.5,maker,3,OOS,lenient_liq,0.2687928499929775,1.48629689232857,0.8591626853474705,-0.16964597906794976,0.3793804946336492,537,0,43,0,14009,133,"{""2025"": 0.6244, ""2026"": -0.085}",,
pick15,coint,lvl,60,10,72,3.0,0.5,4.5,maker,5,OOS,base,0.39340735418137496,1.7371379801633513,0.8627461504326998,-0.28891456222740786,0.5782625272009598,537,0,43,0,14009,133,"{""2025"": 1.07, ""2026"": -0.1608}",0.3934073541813749,1.7371379801633513
pick15,coint,lvl,60,10,72,3.0,0.5,4.5,maker,5,OOS,tick5bp,0.09636037623213944,1.1654854219929227,0.4551565023937563,-0.2889182703028923,0.6267232928535496,537,0,116,1,14010,133,"{""2025"": 0.5254, ""2026"": -0.236}",,
pick15,coint,lvl,60,10,72,3.0,0.5,4.5,maker,5,OOS,tick10bp,-0.15125530032762913,0.7610993895147995,0.018840464921860013,-0.2889183886690173,0.6982776396263735,536,0,212,3,14008,133,"{""2025"": 0.1796, ""2026"": -0.3548}",,
pick15,coint,lvl,60,10,72,3.0,0.5,4.5,maker,5,OOS,lenient_liq,0.39340735418137496,1.7371379801633513,0.8627461504326998,-0.28891456222740786,0.5782625272009598,537,0,43,0,14009,133,"{""2025"": 1.07, ""2026"": -0.1608}",,
pick15,coint,lvl,60,10,72,3.0,0.5,4.5,maker,10,OOS,base,-1.0,0.0,0.2086373543236647,-1.0,1.0,270,1,22,0,7044,65,"{""2025"": -1.0, ""2026"": -1.0}",-1.0,0.0
pick15,coint,lvl,60,10,72,3.0,0.5,4.5,maker,10,OOS,tick5bp,-1.0,0.0,-0.18958136790587302,-1.0,1.0,270,1,63,0,7044,65,"{""2025"": -1.0, ""2026"": -1.0}",,
pick15,coint,lvl,60,10,72,3.0,0.5,4.5,maker,10,OOS,tick10bp,-1.0,0.0,-0.5019870245698284,-1.0,1.0,269,1,107,1,7029,65,"{""2025"": -1.0, ""2026"": -1.0}",,
pick15,coint,lvl,60,10,72,3.0,0.5,4.5,maker,10,OOS,lenient_liq,-0.7140133343770487,0.12445890436709704,0.28950232594455466,-0.9084305853353501,0.9913784559928266,520,1,43,0,13572,108,"{""2025"": -0.7973, ""2026"": -0.3861}",,
pick15,coint,lvl,60,10,72,3.0,0.5,4.5,maker,15,OOS,base,-1.0,0.0,1.1485435879780266,-1.0,1.0,268,1,22,0,6980,54,"{""2025"": -1.0, ""2026"": -1.0}",-1.0,0.0
pick15,coint,lvl,60,10,72,3.0,0.5,4.5,maker,15,OOS,tick5bp,-1.0,0.0,0.638569722843213,-1.0,1.0,268,1,63,0,6980,54,"{""2025"": -1.0, ""2026"": -1.0}",,
pick15,coint,lvl,60,10,72,3.0,0.5,4.5,maker,15,OOS,tick10bp,-1.0,0.0,0.2537673501518594,-1.0,1.0,267,1,107,1,6965,54,"{""2025"": -1.0, ""2026"": -1.0}",,
pick15,coint,lvl,60,10,72,3.0,0.5,4.5,maker,15,OOS,lenient_liq,-0.6667224151303393,0.16056715288065662,0.8353787149439058,-0.9569870879179602,0.9966621797253199,518,1,43,0,13508,97,"{""2025"": -0.5875, ""2026"": -0.6108}",,
pick15,coint,lvl,60,10,72,3.0,0.5,4.5,maker,20,OOS,base,-1.0,0.0,-2.2664726343198884,-1.0,1.0,22,1,1,0,593,0,"{""2025"": -1.0, ""2026"": -1.0}",-1.0,0.0
pick15,coint,lvl,60,10,72,3.0,0.5,4.5,maker,20,OOS,tick5bp,-1.0,0.0,-2.4874057238413996,-1.0,1.0,22,1,5,0,593,0,"{""2025"": -1.0, ""2026"": -1.0}",,
pick15,coint,lvl,60,10,72,3.0,0.5,4.5,maker,20,OOS,tick10bp,-1.0,0.0,-2.4874057238413996,-1.0,1.0,22,1,5,0,593,0,"{""2025"": -1.0, ""2026"": -1.0}",,
pick15,coint,lvl,60,10,72,3.0,0.5,4.5,maker,20,OOS,lenient_liq,-1.0,0.0,0.3467980214093756,-1.0,1.0,318,3,27,0,8188,1,"{""2025"": -0.8391, ""2026"": -1.0}",,
pick15,coint,lvl,60,10,72,3.0,0.5,4.5,taker,1,OOS,base,3.706331564834464e-05,1.000061696847246,0.05656945256351791,-0.05629672755481774,0.18833892235757832,537,0,0,0,14009,133,"{""2025"": 0.0847, ""2026"": -0.078}",3.706331564834464e-05,1.000061696847246
pick15,coint,lvl,60,10,72,3.0,0.5,4.5,taker,1,OOS,lenient_liq,3.706331564834464e-05,1.000061696847246,0.05656945256351791,-0.05629672755481774,0.18833892235757832,537,0,0,0,14009,133,"{""2025"": 0.0847, ""2026"": -0.078}",,
pick15,coint,lvl,60,10,72,3.0,0.5,4.5,taker,3,OOS,base,-0.03536739940647193,0.9418216503487217,0.06635207144509353,-0.17212848593596475,0.484123449477874,537,0,0,0,14009,133,"{""2025"": 0.2205, ""2026"": -0.2284}",-0.0353673994064719,0.9418216503487216
pick15,coint,lvl,60,10,72,3.0,0.5,4.5,taker,3,OOS,lenient_liq,-0.03536739940647193,0.9418216503487217,0.06635207144509353,-0.17212848593596475,0.484123449477874,537,0,0,0,14009,133,"{""2025"": 0.2205, ""2026"": -0.2284}",,
pick15,coint,lvl,60,10,72,3.0,0.5,4.5,taker,5,OOS,base,-0.11540927109103938,0.815354859940955,0.08227851006100242,-0.2924736941203806,0.6898967089153778,537,0,0,0,14009,133,"{""2025"": 0.2893, ""2026"": -0.3676}",-0.1154092710910393,0.815354859940955
pick15,coint,lvl,60,10,72,3.0,0.5,4.5,taker,5,OOS,lenient_liq,-0.11540927109103938,0.815354859940955,0.08227851006100242,-0.2924736941203806,0.6898967089153778,537,0,0,0,14009,133,"{""2025"": 0.2893, ""2026"": -0.3676}",,
pick15,coint,lvl,60,10,72,3.0,0.5,4.5,taker,10,OOS,base,-1.0,0.0,-0.37582865654786507,-1.0,1.0,270,1,0,0,7044,65,"{""2025"": -1.0, ""2026"": -1.0}",-1.0,0.0
pick15,coint,lvl,60,10,72,3.0,0.5,4.5,taker,10,OOS,lenient_liq,-0.8864441465246918,0.026747871682919856,-0.34887925421803273,-0.9187539011206207,0.9955134681309339,520,1,0,0,13572,108,"{""2025"": -0.9236, ""2026"": -0.6498}",,
pick15,coint,lvl,60,10,72,3.0,0.5,4.5,taker,15,OOS,base,-1.0,0.0,-3.0898117703753583,-1.0,1.0,25,1,0,0,598,0,"{""2025"": -1.0, ""2026"": -1.0}",-1.0,0.0
pick15,coint,lvl,60,10,72,3.0,0.5,4.5,taker,15,OOS,lenient_liq,-0.9763318324208733,0.0019661328689648126,-0.16818964514090926,-0.9578753574208522,0.9996228882844405,498,2,0,0,12916,44,"{""2025"": -0.9883, ""2026"": -0.8314}",,
pick15,coint,lvl,60,10,72,3.0,0.5,4.5,taker,20,OOS,base,-1.0,0.0,-2.778435908435784,-1.0,1.0,22,1,0,0,593,0,"{""2025"": -1.0, ""2026"": -1.0}",-1.0,0.0
pick15,coint,lvl,60,10,72,3.0,0.5,4.5,taker,20,OOS,lenient_liq,-1.0,0.0,0.20573103027888504,-1.0,1.0,245,2,0,0,6383,1,"{""2025"": -1.0, ""2026"": -1.0}",,
pick20,coint,ret,60,10,72,2.0,0.5,3.5,maker,1,IS,base,-0.022775188499040366,0.9332040326000207,-0.34426322392013553,-0.023923993383900943,0.14210542059969122,667,0,54,0,13701,74,"{""2022"": -0.0578, ""2023"": -0.0633, ""2024"": 0.0574}",-0.0227751884990403,0.9332040326000208
pick20,coint,ret,60,10,72,2.0,0.5,3.5,maker,1,IS,tick5bp,-0.051764643363483076,0.8525750793621378,-0.8328501852606882,-0.023923993383901276,0.19401326366742855,667,0,161,1,13707,74,"{""2022"": -0.0751, ""2023"": -0.0906, ""2024"": 0.0137}",,
pick20,coint,ret,60,10,72,2.0,0.5,3.5,maker,1,IS,tick10bp,-0.07807869711765159,0.7835331677678499,-1.2926497289041283,-0.023923993383900943,0.246561313501948,666,0,274,5,13695,74,"{""2022"": -0.0949, ""2023"": -0.112, ""2024"": -0.0251}",,
pick20,coint,ret,60,10,72,2.0,0.5,3.5,maker,1,IS,lenient_liq,-0.022775188499040366,0.9332040326000207,-0.34426322392013553,-0.023923993383900943,0.14210542059969122,667,0,54,0,13701,74,"{""2022"": -0.0578, ""2023"": -0.0633, ""2024"": 0.0574}",,
pick20,coint,ret,60,10,72,2.0,0.5,3.5,maker,3,IS,base,-0.07587773935501563,0.7891595901528713,-0.3337749611298713,-0.071755658469843,0.37885506703952343,667,0,54,0,13701,74,"{""2022"": -0.1715, ""2023"": -0.1844, ""2024"": 0.1679}",-0.0758777393550156,0.7891595901528713
pick20,coint,ret,60,10,72,2.0,0.5,3.5,maker,3,IS,tick5bp,-0.15546230615073675,0.6022917126675461,-0.8189880111924385,-0.07175565846984333,0.4906330841130001,667,0,161,1,13707,74,"{""2022"": -0.2164, ""2023"": -0.2535, ""2024"": 0.0296}",,
pick20,coint,ret,60,10,72,2.0,0.5,3.5,maker,3,IS,tick10bp,-0.223745124844011,0.4676680858560266,-1.276644164538647,-0.071755658469843,0.5838693100958154,666,0,274,5,13695,74,"{""2022"": -0.2656, ""2023"": -0.3049, ""2024"": -0.0838}",,
pick20,coint,ret,60,10,72,2.0,0.5,3.5,maker,3,IS,lenient_liq,-0.07587773935501563,0.7891595901528713,-0.3337749611298713,-0.071755658469843,0.37885506703952343,667,0,54,0,13701,74,"{""2022"": -0.1715, ""2023"": -0.1844, ""2024"": 0.1679}",,
pick20,coint,ret,60,10,72,2.0,0.5,3.5,maker,5,IS,base,-0.1377332991669462,0.6410335993584129,-0.32290077939192485,-0.11956590726229044,0.5602776622904206,667,0,54,0,13701,74,"{""2022"": -0.2811, ""2023"": -0.2971, ""2024"": 0.2686}",-0.1377332991669462,0.6410335993584129
pick20,coint,ret,60,10,72,2.0,0.5,3.5,maker,5,IS,tick5bp,-0.25756629983899415,0.40915183264738014,-0.8046599049607249,-0.11956590726229077,0.6901296679763325,667,0,161,1,13707,74,"{""2022"": -0.3448, ""2023"": -0.3933, ""2024"": 0.0292}",,
pick20,coint,ret,60,10,72,2.0,0.5,3.5,maker,5,IS,tick10bp,-0.3547795195027955,0.2685308490840513,-1.260100791577467,-0.11956590726229077,0.7787507500853674,666,0,274,5,13695,74,"{""2022"": -0.4118, ""2023"": -0.4616, ""2024"": -0.152}",,
pick20,coint,ret,60,10,72,2.0,0.5,3.5,maker,5,IS,lenient_liq,-0.1377332991669462,0.6410335993584129,-0.32290077939192485,-0.11956590726229044,0.5602776622904206,667,0,54,0,13701,74,"{""2022"": -0.2811, ""2023"": -0.2971, ""2024"": 0.2686}",,
pick20,coint,ret,60,10,72,2.0,0.5,3.5,maker,10,IS,base,-0.3184871540342774,0.31645222839531356,-0.2938458309146364,-0.23900055792313535,0.8388748836289133,667,0,54,0,13701,74,"{""2022"": -0.5261, ""2023"": -0.5379, ""2024"": 0.4453}",-0.3184871540342774,0.3164522283953135
pick20,coint,ret,60,10,72,2.0,0.5,3.5,maker,10,IS,tick5bp,-0.4936596645197513,0.12975535104556998,-0.7665546100174951,-0.23900055792313524,0.9253125921349344,667,0,161,1,13707,74,"{""2022"": -0.6062, ""2023"": -0.6552, ""2024"": -0.0442}",,
pick20,coint,ret,60,10,72,2.0,0.5,3.5,maker,10,IS,tick10bp,-0.6173505068161682,0.0559909543885446,-1.2161136672567887,-0.23900055792313513,0.9619329131240788,666,0,274,5,13695,74,"{""2022"": -0.6826, ""2023"": -0.7289, ""2024"": -0.3493}",,
pick20,coint,ret,60,10,72,2.0,0.5,3.5,maker,10,IS,lenient_liq,-0.3184871540342774,0.31645222839531356,-0.2938458309146364,-0.23900055792313535,0.8388748836289133,667,0,54,0,13701,74,"{""2022"": -0.5261, ""2023"": -0.5379, ""2024"": 0.4453}",,
pick20,coint,ret,60,10,72,2.0,0.5,3.5,maker,15,IS,base,-0.5113884557245514,0.11659455745900865,-0.2617281679853331,-0.35831044201881446,0.9576668448288116,667,0,54,0,13701,74,"{""2022"": -0.7173, ""2023"": -0.7178, ""2024"": 0.4618}",-0.5113884557245514,0.1165945574590086
pick20,coint,ret,60,10,72,2.0,0.5,3.5,maker,15,IS,tick5bp,-0.6861716761602951,0.030883884264543006,-0.7246411370677052,-0.35831044201881446,0.986560382427966,667,0,161,1,13707,74,"{""2022"": -0.7858, ""2023"": -0.8178, ""2024"": -0.2087}",,
pick20,coint,ret,60,10,72,2.0,0.5,3.5,maker,15,IS,tick10bp,-0.7937896065007424,0.008759157269337873,-1.1677617090259096,-0.35831044201881446,0.9951201756312554,666,0,274,5,13695,74,"{""2022"": -0.8449, ""2023"": -0.8733, ""2024"": -0.5542}",,
pick20,coint,ret,60,10,72,2.0,0.5,3.5,maker,15,IS,lenient_liq,-0.5113884557245514,0.11659455745900865,-0.2617281679853331,-0.35831044201881446,0.9576668448288116,667,0,54,0,13701,74,"{""2022"": -0.7173, ""2023"": -0.7178, ""2024"": 0.4618}",,
pick20,coint,ret,60,10,72,2.0,0.5,3.5,maker,20,IS,base,-0.6875539656513058,0.03047749319032983,-0.22596572091625436,-0.4775020540519225,0.9922459542389717,667,0,54,0,13701,74,"{""2022"": -0.8508, ""2023"": -0.8413, ""2024"": 0.2877}",-0.6875539656513058,0.0304774931903298
pick20,coint,ret,60,10,72,2.0,0.5,3.5,maker,20,IS,tick5bp,-0.8262378963033976,0.005240165157408692,-0.6780823115184209,-0.47750205405192214,0.9983090891303523,667,0,161,1,13707,74,"{""2022"": -0.897, ""2023"": -0.9112, ""2024"": -0.4272}",,
pick20,coint,ret,60,10,72,2.0,0.5,3.5,maker,20,IS,tick10bp,-0.9008465718383987,0.0009732764449416505,-1.1141109413468957,-0.47750205405192225,0.9995648289027143,666,0,274,5,13695,74,"{""2022"": -0.9329, ""2023"": -0.9456, ""2024"": -0.7332}",,
pick20,coint,ret,60,10,72,2.0,0.5,3.5,maker,20,IS,lenient_liq,-0.6875539656513058,0.03047749319032983,-0.22596572091625436,-0.4775020540519225,0.9922459542389717,667,0,54,0,13701,74,"{""2022"": -0.8508, ""2023"": -0.8413, ""2024"": 0.2877}",,
pick20,coint,ret,60,10,72,2.0,0.5,3.5,taker,1,IS,base,-0.08323896390615215,0.7704467118850957,-1.3968411018282576,-0.023927718837852607,0.25980582484341197,667,0,0,0,13701,74,"{""2022"": -0.1198, ""2023"": -0.1073, ""2024"": -0.0195}",-0.0832389639061521,0.7704467118850957
pick20,coint,ret,60,10,72,2.0,0.5,3.5,taker,1,IS,lenient_liq,-0.08323896390615215,0.7704467118850957,-1.3968411018282576,-0.023927718837852607,0.25980582484341197,667,0,0,0,13701,74,"{""2022"": -0.1198, ""2023"": -0.1073, ""2024"": -0.0195}",,
pick20,coint,ret,60,10,72,2.0,0.5,3.5,taker,3,IS,base,-0.23706729620364952,0.4439951860441447,-1.3837978829426967,-0.07182096701673057,0.6057686439357137,667,0,0,0,13701,74,"{""2022"": -0.3247, ""2023"": -0.2942, ""2024"": -0.0685}",-0.2370672962036495,0.4439951860441447
pick20,coint,ret,60,10,72,2.0,0.5,3.5,taker,3,IS,lenient_liq,-0.23706729620364952,0.4439951860441447,-1.3837978829426967,-0.07182096701673057,0.6057686439357137,667,0,0,0,13701,74,"{""2022"": -0.3247, ""2023"": -0.2942, ""2024"": -0.0685}",,
pick20,coint,ret,60,10,72,2.0,0.5,3.5,taker,5,IS,base,-0.37363437312714254,0.24566579203123567,-1.3701080473738447,-0.11976510321959732,0.7981024561635119,667,0,0,0,13701,74,"{""2022"": -0.4889, ""2023"": -0.448, ""2024"": -0.1294}",-0.3736343731271425,0.2456657920312356
pick20,coint,ret,60,10,72,2.0,0.5,3.5,taker,5,IS,lenient_liq,-0.37363437312714254,0.24566579203123567,-1.3701080473738447,-0.11976510321959732,0.7981024561635119,667,0,0,0,13701,74,"{""2022"": -0.4889, ""2023"": -0.448, ""2024"": -0.1294}",,
pick20,coint,ret,60,10,72,2.0,0.5,3.5,taker,10,IS,base,-0.6409198228755604,0.046266839883062856,-1.332775839882544,-0.2398518415483526,0.9685277954649033,667,0,0,0,13701,74,"{""2022"": -0.761, ""2023"": -0.716, ""2024"": -0.3182}",-0.6409198228755604,0.0462668398830628
pick20,coint,ret,60,10,72,2.0,0.5,3.5,taker,10,IS,lenient_liq,-0.6409198228755604,0.046266839883062856,-1.332775839882544,-0.2398518415483526,0.9685277954649033,667,0,0,0,13701,74,"{""2022"": -0.761, ""2023"": -0.716, ""2024"": -0.3182}",,
pick20,coint,ret,60,10,72,2.0,0.5,3.5,taker,15,IS,base,-0.8138715936868295,0.006440775926871619,-1.290355816758378,-0.3602692531589654,0.9963717360714627,667,0,0,0,13701,74,"{""2022"": -0.8994, ""2023"": -0.8649, ""2024"": -0.5262}",-0.8138715936868295,0.0064407759268716
pick20,coint,ret,60,10,72,2.0,0.5,3.5,taker,15,IS,lenient_liq,-0.8138715936868295,0.006440775926871619,-1.290355816758378,-0.3602692531589654,0.9963717360714627,667,0,0,0,13701,74,"{""2022"": -0.8994, ""2023"": -0.8649, ""2024"": -0.5262}",,
pick20,coint,ret,60,10,72,2.0,0.5,3.5,taker,20,IS,base,-0.9144559402549957,0.000624940535463645,-1.24178173508459,-0.48102652282912495,0.9997136070353116,667,0,0,0,13701,74,"{""2022"": -0.9628, ""2023"": -0.9412, ""2024"": -0.7141}",-0.9144559402549955,0.0006249405354636
pick20,coint,ret,60,10,72,2.0,0.5,3.5,taker,20,IS,lenient_liq,-0.9144559402549957,0.000624940535463645,-1.24178173508459,-0.48102652282912495,0.9997136070353116,667,0,0,0,13701,74,"{""2022"": -0.9628, ""2023"": -0.9412, ""2024"": -0.7141}",,
pick20,coint,ret,60,10,72,2.0,0.5,3.5,maker,1,OOS,base,-0.0010289415005155789,0.9982877960268117,0.01682403210497602,-0.03194637593805816,0.09085111440258076,423,0,32,0,8307,0,"{""2025"": 0.0299, ""2026"": -0.0307}",-0.0010289415005155,0.9982877960268116
pick20,coint,ret,60,10,72,2.0,0.5,3.5,maker,1,OOS,tick5bp,-0.03597241804539664,0.9408385489576722,-0.5309634857752867,-0.03194637593805816,0.09699758127895941,423,0,95,0,8307,0,"{""2025"": -0.0115, ""2026"": -0.0482}",,
pick20,coint,ret,60,10,72,2.0,0.5,3.5,maker,1,OOS,tick10bp,-0.0730450803188214,0.8813843422584521,-1.1265981674374688,-0.03194637593805816,0.12831872359691332,422,0,176,4,8314,0,"{""2025"": -0.0491, ""2026"": -0.0731}",,
pick20,coint,ret,60,10,72,2.0,0.5,3.5,maker,1,OOS,lenient_liq,-0.0010289415005155789,0.9982877960268117,0.01682403210497602,-0.03194637593805816,0.09085111440258076,423,0,32,0,8307,0,"{""2025"": 0.0299, ""2026"": -0.0307}",,
pick20,coint,ret,60,10,72,2.0,0.5,3.5,maker,3,OOS,base,-0.014120026344548009,0.9766060783352432,0.026490998400744512,-0.09551133868962769,0.25660609378266275,423,0,32,0,8307,0,"{""2025"": 0.0755, ""2026"": -0.0919}",-0.014120026344548,0.9766060783352432
pick20,coint,ret,60,10,72,2.0,0.5,3.5,maker,3,OOS,tick5bp,-0.11406331805328507,0.8174210346381628,-0.5210070947999832,-0.09551133868962769,0.27152217701691295,423,0,95,0,8307,0,"{""2025"": -0.0492, ""2026"": -0.1403}",,
pick20,coint,ret,60,10,72,2.0,0.5,3.5,maker,3,OOS,tick10bp,-0.2126710247433221,0.6716457782598588,-1.116164970907022,-0.09551133868962758,0.35073382332890857,422,0,176,4,8314,0,"{""2025"": -0.1539, ""2026"": -0.2062}",,
pick20,coint,ret,60,10,72,2.0,0.5,3.5,maker,3,OOS,lenient_liq,-0.014120026344548009,0.9766060783352432,0.026490998400744512,-0.09551133868962769,0.25660609378266275,423,0,32,0,8307,0,"{""2025"": 0.0755, ""2026"": -0.0919}",,
pick20,coint,ret,60,10,72,2.0,0.5,3.5,maker,5,OOS,base,-0.04202830127923807,0.9310208815998188,0.0362017093741769,-0.15864297355349044,0.41528251526696236,423,0,32,0,8307,0,"{""2025"": 0.0988, ""2026"": -0.1527}",-0.042028301279238,0.9310208815998188
pick20,coint,ret,60,10,72,2.0,0.5,3.5,maker,5,OOS,tick5bp,-0.19846432775487088,0.6919404333665113,-0.5109475051302926,-0.15864297355349044,0.42143947313991903,423,0,95,0,8307,0,"{""2025"": -0.1053, ""2026"": -0.2266}",,
pick20,coint,ret,60,10,72,2.0,0.5,3.5,maker,5,OOS,tick10bp,-0.34204042682990654,0.498163600075723,-1.1056083075583376,-0.15864297355349044,0.5297490880842773,422,0,176,4,8314,0,"{""2025"": -0.2641, ""2026"": -0.3231}",,
pick20,coint,ret,60,10,72,2.0,0.5,3.5,maker,5,OOS,lenient_liq,-0.04202830127923807,0.9310208815998188,0.0362017093741769,-0.15864297355349044,0.41528251526696236,423,0,32,0,8307,0,"{""2025"": 0.0988, ""2026"": -0.1527}",,
pick20,coint,ret,60,10,72,2.0,0.5,3.5,maker,10,OOS,base,-0.1728035450785167,0.7292060931681376,0.06063683580272704,-0.31460508427918943,0.7703848132243452,423,0,32,0,8307,0,"{""2025"": 0.0417, ""2026"": -0.3}",-0.1728035450785167,0.7292060931681376
pick20,coint,ret,60,10,72,2.0,0.5,3.5,maker,10,OOS,tick5bp,-0.4214243550613813,0.4021809976225181,-0.4853538719459603,-0.31460508427918943,0.7703848132243452,423,0,95,0,8307,0,"{""2025"": -0.3098, ""2026"": -0.4173}",,
pick20,coint,ret,60,10,72,2.0,0.5,3.5,maker,10,OOS,tick10bp,-0.6121564487796316,0.20666754103997884,-1.078678512693304,-0.314605084279189,0.8170189264751471,422,0,176,4,8314,0,"{""2025"": -0.5364, ""2026"": -0.5542}",,
pick20,coint,ret,60,10,72,2.0,0.5,3.5,maker,10,OOS,lenient_liq,-0.1728035450785167,0.7292060931681376,0.06063683580272704,-0.31460508427918943,0.7703848132243452,423,0,32,0,8307,0,"{""2025"": 0.0417, ""2026"": -0.3}",,
pick20,coint,ret,60,10,72,2.0,0.5,3.5,maker,15,OOS,base,-1.0,0.0,-4.493522436572504,-1.0,1.0,10,1,1,0,160,0,"{""2025"": -1.0, ""2026"": -1.0}",-1.0,0.0
pick20,coint,ret,60,10,72,2.0,0.5,3.5,maker,15,OOS,tick5bp,-1.0,0.0,-4.493522436572504,-1.0,1.0,10,1,1,0,160,0,"{""2025"": -1.0, ""2026"": -1.0}",,
pick20,coint,ret,60,10,72,2.0,0.5,3.5,maker,15,OOS,tick10bp,-1.0,0.0,-4.501504521469757,-1.0,1.0,10,1,2,0,160,0,"{""2025"": -1.0, ""2026"": -1.0}",,
pick20,coint,ret,60,10,72,2.0,0.5,3.5,maker,15,OOS,lenient_liq,-1.0,0.0,-4.493522436572504,-1.0,1.0,10,1,1,0,160,0,"{""2025"": -1.0, ""2026"": -1.0}",,
pick20,coint,ret,60,10,72,2.0,0.5,3.5,maker,20,OOS,base,-1.0,0.0,-4.79172370870234,-1.0,1.0,10,1,1,0,160,0,"{""2025"": -1.0, ""2026"": -1.0}",-1.0,0.0
pick20,coint,ret,60,10,72,2.0,0.5,3.5,maker,20,OOS,tick5bp,-1.0,0.0,-4.79172370870234,-1.0,1.0,10,1,1,0,160,0,"{""2025"": -1.0, ""2026"": -1.0}",,
pick20,coint,ret,60,10,72,2.0,0.5,3.5,maker,20,OOS,tick10bp,-1.0,0.0,-4.801707590102618,-1.0,1.0,10,1,2,0,160,0,"{""2025"": -1.0, ""2026"": -1.0}",,
pick20,coint,ret,60,10,72,2.0,0.5,3.5,maker,20,OOS,lenient_liq,-1.0,0.0,-4.79172370870234,-1.0,1.0,10,1,1,0,160,0,"{""2025"": -1.0, ""2026"": -1.0}",,
pick20,coint,ret,60,10,72,2.0,0.5,3.5,taker,1,OOS,base,-0.07170655308858143,0.8835039504841004,-1.1214058098107613,-0.031953336035317914,0.12552249289429251,423,0,0,0,8307,0,"{""2025"": -0.0499, ""2026"": -0.0701}",-0.0717065530885814,0.8835039504841004
pick20,coint,ret,60,10,72,2.0,0.5,3.5,taker,1,OOS,lenient_liq,-0.07170655308858143,0.8835039504841004,-1.1214058098107613,-0.031953336035317914,0.12552249289429251,423,0,0,0,8307,0,"{""2025"": -0.0499, ""2026"": -0.0701}",,
pick20,coint,ret,60,10,72,2.0,0.5,3.5,taker,3,OOS,base,-0.20881810675039103,0.6771259284796357,-1.109934002940675,-0.09557357879003081,0.34386942192725656,423,0,0,0,8307,0,"{""2025"": -0.1554, ""2026"": -0.1983}",-0.208818106750391,0.6771259284796357
pick20,coint,ret,60,10,72,2.0,0.5,3.5,taker,3,OOS,lenient_liq,-0.20881810675039103,0.6771259284796357,-1.109934002940675,-0.09557357879003081,0.34386942192725656,423,0,0,0,8307,0,"{""2025"": -0.1554, ""2026"": -0.1983}",,
pick20,coint,ret,60,10,72,2.0,0.5,3.5,taker,5,OOS,base,-0.3360247970426885,0.5057683227889284,-1.0982413356456147,-0.15881476012344387,0.5206744082136477,423,0,0,0,8307,0,"{""2025"": -0.2652, ""2026"": -0.3117}",-0.3360247970426885,0.5057683227889284
pick20,coint,ret,60,10,72,2.0,0.5,3.5,taker,5,OOS,lenient_liq,-0.3360247970426885,0.5057683227889284,-1.0982413356456147,-0.15881476012344387,0.5206744082136477,423,0,0,0,8307,0,"{""2025"": -0.2652, ""2026"": -0.3117}",,
pick20,coint,ret,60,10,72,2.0,0.5,3.5,taker,10,OOS,base,-0.6028654387714794,0.21497420075440693,-1.0679758309816119,-0.31528138768423375,0.8081744759765628,423,0,0,0,8307,0,"{""2025"": -0.5338, ""2026"": -0.5389}",-0.6028654387714794,0.2149742007544069
pick20,coint,ret,60,10,72,2.0,0.5,3.5,taker,10,OOS,lenient_liq,-0.6028654387714794,0.21497420075440693,-1.0679758309816119,-0.31528138768423375,0.8081744759765628,423,0,0,0,8307,0,"{""2025"": -0.5338, ""2026"": -0.5389}",,
pick20,coint,ret,60,10,72,2.0,0.5,3.5,taker,15,OOS,base,-1.0,0.0,-4.532494939759787,-1.0,1.0,10,1,0,0,160,0,"{""2025"": -1.0, ""2026"": -1.0}",-1.0,0.0
pick20,coint,ret,60,10,72,2.0,0.5,3.5,taker,15,OOS,lenient_liq,-1.0,0.0,-4.532494939759787,-1.0,1.0,10,1,0,0,160,0,"{""2025"": -1.0, ""2026"": -1.0}",,
pick20,coint,ret,60,10,72,2.0,0.5,3.5,taker,20,OOS,base,-1.0,0.0,-4.832601690598188,-1.0,1.0,10,1,0,0,160,0,"{""2025"": -1.0, ""2026"": -1.0}",-1.0,0.0
pick20,coint,ret,60,10,72,2.0,0.5,3.5,taker,20,OOS,lenient_liq,-1.0,0.0,-4.832601690598188,-1.0,1.0,10,1,0,0,160,0,"{""2025"": -1.0, ""2026"": -1.0}",,
